{
"type": "FeatureCollection",
"name": "Etappe_1",
"crs": { "type": "name", "properties": { "name": "urn:ogc:def:crs:OGC:1.3:CRS84" } },
"features": [
{ "type": "Feature", "properties": { "name": "Route 2026-02-14 2:24pm", "cmt": null, "desc": null, "src": null, "link1_href": null, "link1_text": null, "link1_type": null, "link2_href": null, "link2_text": null, "link2_type": null, "number": null, "type": null }, "geometry": { "type": "MultiLineString", "coordinates": [ [ [ 6.453031, 53.400088, 1.372341 ], [ 6.453031, 53.400088, 1.372341 ], [ 6.453031, 53.400088, 1.372341 ], [ 6.453031, 53.400088, 1.372341 ], [ 6.453027, 53.400089, 1.383442 ], [ 6.453025, 53.400089, 1.387616 ], [ 6.453022, 53.400089, 1.379056 ], [ 6.45302, 53.40009, 1.363511 ], [ 6.453018, 53.40009, 1.336353 ], [ 6.453017, 53.40009, 1.302723 ], [ 6.453014, 53.40009, 1.256829 ], [ 6.453012, 53.40009, 1.214533 ], [ 6.453002, 53.400091, 1.306072 ], [ 6.452985, 53.400093, 1.385296 ], [ 6.452961, 53.400095, 1.460888 ], [ 6.452934, 53.400099, 1.530885 ], [ 6.45291, 53.400102, 1.604993 ], [ 6.452889, 53.400104, 1.691363 ], [ 6.452869, 53.400107, 1.781894 ], [ 6.452847, 53.40011, 1.883192 ], [ 6.452825, 53.400114, 1.99251 ], [ 6.4528, 53.400118, 2.103932 ], [ 6.452773, 53.400122, 2.216039 ], [ 6.452748, 53.400126, 2.32937 ], [ 6.452725, 53.40013, 2.42306 ], [ 6.452704, 53.400133, 2.519282 ], [ 6.452684, 53.400136, 2.61334 ], [ 6.452664, 53.400139, 2.697069 ], [ 6.452646, 53.400142, 2.766003 ], [ 6.452627, 53.400145, 2.831293 ], [ 6.452607, 53.400146, 2.885035 ], [ 6.452587, 53.400148, 2.927964 ], [ 6.452567, 53.400149, 2.973689 ], [ 6.452546, 53.400151, 3.012412 ], [ 6.452526, 53.400153, 3.046939 ], [ 6.452507, 53.400155, 3.072336 ], [ 6.452488, 53.400157, 3.093443 ], [ 6.452468, 53.40016, 3.110348 ], [ 6.45245, 53.400163, 3.129971 ], [ 6.452432, 53.400165, 3.146351 ], [ 6.452416, 53.400167, 3.156778 ], [ 6.452401, 53.400169, 3.162496 ], [ 6.452386, 53.40017, 3.168217 ], [ 6.452372, 53.400172, 3.16818 ], [ 6.452355, 53.400174, 3.162471 ], [ 6.452336, 53.400176, 3.154939 ], [ 6.452316, 53.400179, 3.153504 ], [ 6.452296, 53.400182, 3.146346 ], [ 6.452276, 53.400186, 3.132635 ], [ 6.452256, 53.400189, 3.134277 ], [ 6.452236, 53.400192, 3.115686 ], [ 6.452216, 53.400195, 3.09352 ], [ 6.452196, 53.400197, 3.069357 ], [ 6.452177, 53.4002, 3.050889 ], [ 6.452159, 53.400204, 3.040599 ], [ 6.452141, 53.400208, 3.021459 ], [ 6.452122, 53.400212, 3.006188 ], [ 6.452103, 53.400215, 2.998661 ], [ 6.452082, 53.400219, 3.003372 ], [ 6.452061, 53.400221, 3.017785 ], [ 6.45204, 53.400224, 3.027269 ], [ 6.45202, 53.400228, 3.036453 ], [ 6.452, 53.400233, 3.044231 ], [ 6.451982, 53.400238, 3.043549 ], [ 6.451964, 53.400244, 3.062911 ], [ 6.451946, 53.400249, 3.089254 ], [ 6.451927, 53.400255, 3.115542 ], [ 6.451907, 53.40026, 3.147339 ], [ 6.451885, 53.400265, 3.18471 ], [ 6.451864, 53.400269, 3.227727 ], [ 6.451844, 53.400273, 3.250442 ], [ 6.451825, 53.400278, 3.267858 ], [ 6.451806, 53.400283, 3.283075 ], [ 6.451788, 53.400288, 3.291891 ], [ 6.45177, 53.400293, 3.310001 ], [ 6.451751, 53.400298, 3.328145 ], [ 6.451732, 53.400303, 3.343196 ], [ 6.451713, 53.400309, 3.355707 ], [ 6.451693, 53.400314, 3.365469 ], [ 6.451672, 53.400319, 3.372589 ], [ 6.451653, 53.400322, 3.37768 ], [ 6.451635, 53.400325, 3.381727 ], [ 6.45162, 53.400327, 3.449005 ], [ 6.451604, 53.400328, 3.516113 ], [ 6.451588, 53.400328, 3.580754 ], [ 6.451572, 53.400327, 3.659464 ], [ 6.451563, 53.400325, 3.724209 ], [ 6.45156, 53.400321, 3.783027 ], [ 6.451558, 53.400317, 3.84595 ], [ 6.451555, 53.400311, 3.909582 ], [ 6.45155, 53.400303, 3.97287 ], [ 6.451541, 53.400292, 4.033001 ], [ 6.45153, 53.40028, 4.087437 ], [ 6.451518, 53.400266, 4.13291 ], [ 6.451505, 53.400252, 4.153566 ], [ 6.451493, 53.400237, 4.162987 ], [ 6.451482, 53.400224, 4.160651 ], [ 6.451475, 53.400213, 4.147577 ], [ 6.451471, 53.400208, 4.118358 ], [ 6.451469, 53.400209, 4.069808 ], [ 6.451468, 53.400211, 4.020278 ], [ 6.451467, 53.400215, 3.957557 ], [ 6.451465, 53.400218, 3.922951 ], [ 6.451463, 53.400223, 3.862931 ], [ 6.451459, 53.400228, 3.799395 ], [ 6.451454, 53.400233, 3.742788 ], [ 6.451451, 53.400239, 3.692128 ], [ 6.451448, 53.400243, 3.651824 ], [ 6.451448, 53.400244, 3.659846 ], [ 6.451445, 53.400249, 3.628033 ], [ 6.451441, 53.400256, 3.594985 ], [ 6.451435, 53.400263, 3.555936 ], [ 6.451427, 53.400271, 3.527909 ], [ 6.451417, 53.400279, 3.495652 ], [ 6.451407, 53.400289, 3.463238 ], [ 6.451398, 53.4003, 3.431057 ], [ 6.451389, 53.400312, 3.405785 ], [ 6.451381, 53.400324, 3.367811 ], [ 6.451373, 53.400335, 3.331438 ], [ 6.451364, 53.400343, 3.289689 ], [ 6.451353, 53.40035, 3.24017 ], [ 6.451339, 53.400354, 3.194071 ], [ 6.451325, 53.400356, 3.150003 ], [ 6.451312, 53.400356, 3.109025 ], [ 6.4513, 53.400354, 3.076658 ], [ 6.451288, 53.400353, 3.050156 ], [ 6.451274, 53.400352, 3.015786 ], [ 6.451259, 53.400352, 2.990275 ], [ 6.451244, 53.400352, 2.970752 ], [ 6.451231, 53.400351, 2.946809 ], [ 6.451219, 53.400349, 2.944685 ], [ 6.451206, 53.400348, 2.948731 ], [ 6.451192, 53.400347, 2.958797 ], [ 6.451177, 53.400346, 2.973949 ], [ 6.451164, 53.400343, 3.010717 ], [ 6.451152, 53.400338, 3.054791 ], [ 6.451137, 53.40033, 3.09842 ], [ 6.451121, 53.400319, 3.146195 ], [ 6.45111, 53.400308, 3.192635 ], [ 6.451109, 53.400306, 3.199843 ], [ 6.451102, 53.400294, 3.252501 ], [ 6.4511, 53.400284, 3.307048 ], [ 6.451099, 53.400279, 3.360114 ], [ 6.451098, 53.400277, 3.412264 ], [ 6.451097, 53.400277, 3.461979 ], [ 6.451096, 53.400278, 3.508259 ], [ 6.451096, 53.40028, 3.550352 ], [ 6.451096, 53.400281, 3.588059 ], [ 6.451096, 53.400283, 3.625598 ], [ 6.451097, 53.400285, 3.668338 ], [ 6.451099, 53.400288, 3.699194 ], [ 6.451101, 53.400291, 3.723672 ], [ 6.451103, 53.400294, 3.743228 ], [ 6.451105, 53.400297, 3.762929 ], [ 6.451107, 53.4003, 3.791436 ], [ 6.451108, 53.400303, 3.796564 ], [ 6.451109, 53.400307, 3.782855 ], [ 6.451109, 53.40031, 3.778257 ], [ 6.451108, 53.400315, 3.759222 ], [ 6.451104, 53.40032, 3.735516 ], [ 6.451095, 53.400327, 3.691386 ], [ 6.451083, 53.400336, 3.651665 ], [ 6.451069, 53.400348, 3.600697 ], [ 6.451053, 53.400359, 3.549558 ], [ 6.451036, 53.400368, 3.490324 ], [ 6.451018, 53.400374, 3.414492 ], [ 6.450999, 53.400379, 3.344335 ], [ 6.450978, 53.400383, 3.274443 ], [ 6.450956, 53.400386, 3.211891 ], [ 6.450937, 53.400388, 3.146555 ], [ 6.450936, 53.400388, 3.142935 ], [ 6.450915, 53.400391, 3.083648 ], [ 6.450893, 53.400393, 3.043577 ], [ 6.450872, 53.400396, 3.000256 ], [ 6.450851, 53.400399, 2.965623 ], [ 6.45083, 53.400401, 2.949522 ], [ 6.450808, 53.400403, 2.94333 ], [ 6.450786, 53.400406, 2.952225 ], [ 6.450763, 53.400408, 2.969306 ], [ 6.450742, 53.400411, 2.989069 ], [ 6.450721, 53.400414, 3.008995 ], [ 6.450701, 53.400417, 3.032939 ], [ 6.45068, 53.40042, 3.05939 ], [ 6.450659, 53.400424, 3.07948 ], [ 6.450638, 53.400427, 3.091924 ], [ 6.450617, 53.400429, 3.102238 ], [ 6.450595, 53.400431, 3.113658 ], [ 6.450574, 53.400433, 3.120753 ], [ 6.450552, 53.400435, 3.125114 ], [ 6.450531, 53.400436, 3.122356 ], [ 6.450509, 53.400438, 3.121755 ], [ 6.450488, 53.400441, 3.112757 ], [ 6.450469, 53.400443, 3.099851 ], [ 6.450451, 53.400445, 3.086007 ], [ 6.450433, 53.400447, 3.078467 ], [ 6.450415, 53.400449, 3.063668 ], [ 6.450396, 53.400452, 3.053897 ], [ 6.450376, 53.400455, 3.042074 ], [ 6.450356, 53.400459, 3.017236 ], [ 6.450337, 53.400463, 2.997854 ], [ 6.450317, 53.400467, 2.981898 ], [ 6.450298, 53.40047, 2.956645 ], [ 6.450278, 53.400474, 2.945565 ], [ 6.450256, 53.400477, 2.932132 ], [ 6.450232, 53.40048, 2.928398 ], [ 6.450209, 53.400483, 2.922305 ], [ 6.450187, 53.400485, 2.931706 ], [ 6.450166, 53.400488, 2.922712 ], [ 6.45015, 53.400491, 2.914468 ], [ 6.450135, 53.400494, 2.9138 ], [ 6.450118, 53.400498, 2.911458 ], [ 6.450098, 53.400502, 2.908003 ], [ 6.450076, 53.400505, 2.90177 ], [ 6.450052, 53.400508, 2.902315 ], [ 6.450028, 53.400511, 2.898024 ], [ 6.450002, 53.400513, 2.881246 ], [ 6.449976, 53.400516, 2.8691 ], [ 6.449951, 53.400519, 2.850221 ], [ 6.449928, 53.400522, 2.828866 ], [ 6.449907, 53.400524, 2.810919 ], [ 6.449884, 53.400526, 2.796255 ], [ 6.449861, 53.400528, 2.777133 ], [ 6.449837, 53.40053, 2.755056 ], [ 6.449812, 53.400532, 2.746935 ], [ 6.449788, 53.400535, 2.746154 ], [ 6.449766, 53.400536, 2.750498 ], [ 6.449743, 53.400537, 2.764362 ], [ 6.449721, 53.400537, 2.785045 ], [ 6.449698, 53.400538, 2.813697 ], [ 6.449676, 53.400539, 2.842527 ], [ 6.449653, 53.40054, 2.867623 ], [ 6.449631, 53.400542, 2.896414 ], [ 6.449611, 53.400545, 2.922871 ], [ 6.449592, 53.400548, 2.947367 ], [ 6.449573, 53.400552, 2.969308 ], [ 6.449553, 53.400554, 2.99076 ], [ 6.449531, 53.400556, 2.99983 ], [ 6.449509, 53.400557, 3.005845 ], [ 6.449486, 53.400558, 3.00019 ], [ 6.449465, 53.40056, 2.995741 ], [ 6.449445, 53.400563, 2.988297 ], [ 6.449426, 53.400565, 2.978971 ], [ 6.449405, 53.400567, 2.96142 ], [ 6.449381, 53.400569, 2.943824 ], [ 6.449356, 53.40057, 2.926103 ], [ 6.44933, 53.400572, 2.91062 ], [ 6.449306, 53.400574, 2.899439 ], [ 6.449281, 53.400578, 2.88721 ], [ 6.449257, 53.400583, 2.88149 ], [ 6.449233, 53.400587, 2.875886 ], [ 6.449211, 53.40059, 2.873221 ], [ 6.449188, 53.400594, 2.862114 ], [ 6.449164, 53.400598, 2.852391 ], [ 6.449141, 53.400601, 2.846314 ], [ 6.449119, 53.400604, 2.840659 ], [ 6.449097, 53.400607, 2.842557 ], [ 6.449074, 53.40061, 2.846471 ], [ 6.449051, 53.400613, 2.854629 ], [ 6.44903, 53.400616, 2.865574 ], [ 6.449009, 53.400618, 2.87432 ], [ 6.448989, 53.400621, 2.859774 ], [ 6.448988, 53.400621, 2.837252 ], [ 6.448966, 53.400624, 2.814079 ], [ 6.448944, 53.400627, 2.786777 ], [ 6.44892, 53.40063, 2.757129 ], [ 6.448896, 53.400633, 2.715564 ], [ 6.448873, 53.400636, 2.689523 ], [ 6.448851, 53.400638, 2.659701 ], [ 6.448829, 53.400642, 2.637442 ], [ 6.448809, 53.400644, 2.614513 ], [ 6.44879, 53.400647, 2.594573 ], [ 6.448772, 53.40065, 2.581746 ], [ 6.448753, 53.400652, 2.570796 ], [ 6.448731, 53.400655, 2.574349 ], [ 6.448709, 53.400659, 2.571992 ], [ 6.448688, 53.400663, 2.586097 ], [ 6.448667, 53.400667, 2.608179 ], [ 6.448645, 53.400671, 2.645591 ], [ 6.44862, 53.400674, 2.668433 ], [ 6.448595, 53.400677, 2.699325 ], [ 6.448571, 53.40068, 2.736462 ], [ 6.448546, 53.400683, 2.786979 ], [ 6.448523, 53.400686, 2.844799 ], [ 6.448499, 53.400688, 2.897484 ], [ 6.448476, 53.400691, 2.935735 ], [ 6.448452, 53.400694, 2.971003 ], [ 6.448428, 53.400697, 3.000351 ], [ 6.448405, 53.4007, 3.029184 ], [ 6.448382, 53.400702, 3.053995 ], [ 6.448359, 53.400705, 3.078528 ], [ 6.448336, 53.400708, 3.094038 ], [ 6.448313, 53.40071, 3.1026 ], [ 6.448292, 53.400711, 3.101481 ], [ 6.448272, 53.400714, 3.09533 ], [ 6.448256, 53.400716, 3.087733 ], [ 6.448241, 53.400718, 3.10034 ], [ 6.448222, 53.40072, 3.108659 ], [ 6.448201, 53.400722, 3.132369 ], [ 6.448177, 53.400725, 3.161321 ], [ 6.448152, 53.400729, 3.19531 ], [ 6.448128, 53.400732, 3.22613 ], [ 6.448105, 53.400735, 3.268084 ], [ 6.448082, 53.400738, 3.305982 ], [ 6.448059, 53.400741, 3.346298 ], [ 6.448037, 53.400744, 3.388648 ], [ 6.448016, 53.400747, 3.431334 ], [ 6.448, 53.40075, 3.47238 ], [ 6.447989, 53.400752, 3.509994 ], [ 6.447988, 53.400754, 3.542768 ], [ 6.447994, 53.400756, 3.569852 ], [ 6.448003, 53.400757, 3.591042 ], [ 6.448011, 53.400758, 3.606606 ], [ 6.448015, 53.400759, 3.617115 ], [ 6.448018, 53.400759, 3.623354 ], [ 6.44802, 53.400758, 3.626154 ], [ 6.448021, 53.400758, 3.626254 ], [ 6.448021, 53.400758, 3.624298 ], [ 6.448021, 53.400757, 3.620832 ], [ 6.448021, 53.400757, 3.616319 ], [ 6.448021, 53.400757, 3.61114 ], [ 6.448021, 53.400757, 3.605604 ], [ 6.448021, 53.400757, 3.599958 ], [ 6.448021, 53.400757, 3.594392 ], [ 6.448021, 53.400757, 3.58905 ], [ 6.448021, 53.400757, 3.587835 ], [ 6.448021, 53.400757, 3.581212 ], [ 6.448022, 53.400757, 3.580553 ], [ 6.448022, 53.400757, 3.584515 ], [ 6.448022, 53.400757, 3.585403 ], [ 6.448022, 53.400757, 3.55463 ], [ 6.448022, 53.400758, 3.541206 ], [ 6.448023, 53.400759, 3.524242 ], [ 6.448022, 53.40076, 3.50765 ], [ 6.44802, 53.400761, 3.492164 ], [ 6.448014, 53.400762, 3.481963 ], [ 6.448003, 53.400762, 3.470528 ], [ 6.447985, 53.400762, 3.458482 ], [ 6.447963, 53.400761, 3.458937 ], [ 6.44794, 53.400761, 3.459477 ], [ 6.447919, 53.400763, 3.443903 ], [ 6.447899, 53.400764, 3.431044 ], [ 6.447878, 53.400766, 3.42103 ], [ 6.447854, 53.400768, 3.402521 ], [ 6.447829, 53.400771, 3.38398 ], [ 6.447806, 53.400774, 3.376629 ], [ 6.447786, 53.400777, 3.361755 ], [ 6.447769, 53.400779, 3.337961 ], [ 6.447755, 53.400781, 3.309557 ], [ 6.447743, 53.400783, 3.28766 ], [ 6.447732, 53.400785, 3.26903 ], [ 6.447718, 53.400789, 3.248703 ], [ 6.447698, 53.400792, 3.224714 ], [ 6.447674, 53.400794, 3.20894 ], [ 6.447649, 53.400795, 3.191357 ], [ 6.447625, 53.400796, 3.17627 ], [ 6.447602, 53.400798, 3.165585 ], [ 6.44758, 53.400801, 3.170816 ], [ 6.447556, 53.400803, 3.165819 ], [ 6.447532, 53.400805, 3.157022 ], [ 6.447508, 53.400806, 3.143676 ], [ 6.447484, 53.400807, 3.124809 ], [ 6.44746, 53.400808, 3.106135 ], [ 6.447438, 53.40081, 3.088498 ], [ 6.447419, 53.400812, 3.074639 ], [ 6.447402, 53.400814, 3.057891 ], [ 6.447385, 53.400816, 3.044841 ], [ 6.447367, 53.400818, 3.031428 ], [ 6.447346, 53.40082, 3.015386 ], [ 6.447325, 53.400822, 3.025488 ], [ 6.447306, 53.400824, 3.042021 ], [ 6.447288, 53.400827, 3.063929 ], [ 6.447271, 53.400829, 3.085483 ], [ 6.447252, 53.400831, 3.109783 ], [ 6.447231, 53.400834, 3.138802 ], [ 6.447206, 53.400837, 3.173423 ], [ 6.44718, 53.40084, 3.211484 ], [ 6.447155, 53.400844, 3.25122 ], [ 6.44713, 53.400848, 3.283018 ], [ 6.447107, 53.400854, 3.310447 ], [ 6.447083, 53.40086, 3.340122 ], [ 6.447059, 53.400866, 3.363141 ], [ 6.447035, 53.400869, 3.387248 ], [ 6.447011, 53.400872, 3.395938 ], [ 6.446987, 53.400875, 3.397009 ], [ 6.446964, 53.400879, 3.385238 ], [ 6.446941, 53.400882, 3.349098 ], [ 6.446918, 53.400885, 3.324363 ], [ 6.446896, 53.400887, 3.302927 ], [ 6.446873, 53.400887, 3.274715 ], [ 6.44685, 53.400888, 3.246815 ], [ 6.446829, 53.400888, 3.21593 ], [ 6.446808, 53.400888, 3.182254 ], [ 6.446789, 53.400888, 3.148132 ], [ 6.446771, 53.400888, 3.114859 ], [ 6.446753, 53.400889, 3.083627 ], [ 6.446737, 53.40089, 3.055477 ], [ 6.446722, 53.400891, 3.030943 ], [ 6.446707, 53.400893, 3.009847 ], [ 6.446693, 53.400894, 2.991691 ], [ 6.446681, 53.400894, 2.976051 ], [ 6.446675, 53.400894, 2.96635 ], [ 6.446674, 53.400893, 2.964002 ], [ 6.446677, 53.400893, 2.97261 ], [ 6.44668, 53.400892, 2.98432 ], [ 6.446682, 53.400892, 3.001443 ], [ 6.446683, 53.400892, 3.01865 ], [ 6.446683, 53.400892, 3.039201 ], [ 6.446683, 53.400892, 3.055593 ], [ 6.446683, 53.400892, 3.074624 ], [ 6.446683, 53.400891, 3.096631 ], [ 6.446684, 53.400891, 3.126509 ], [ 6.446687, 53.400889, 3.15601 ], [ 6.446692, 53.400888, 3.186821 ], [ 6.446701, 53.400886, 3.220585 ], [ 6.446713, 53.400884, 3.252082 ], [ 6.446728, 53.400882, 3.273263 ], [ 6.446746, 53.40088, 3.300502 ], [ 6.446764, 53.400878, 3.334411 ], [ 6.446785, 53.400876, 3.375941 ], [ 6.446805, 53.400874, 3.426617 ], [ 6.446826, 53.400872, 3.485734 ], [ 6.446846, 53.40087, 3.536903 ], [ 6.446866, 53.400868, 3.588224 ], [ 6.446886, 53.400866, 3.634932 ], [ 6.446906, 53.400864, 3.684984 ], [ 6.446925, 53.400862, 3.732369 ], [ 6.446945, 53.400859, 3.774308 ], [ 6.446964, 53.400856, 3.823258 ], [ 6.446984, 53.400852, 3.872403 ], [ 6.447004, 53.400849, 3.919751 ], [ 6.447027, 53.400846, 3.940781 ], [ 6.447051, 53.400843, 3.953054 ], [ 6.447075, 53.400841, 3.964076 ], [ 6.447098, 53.400838, 3.963603 ], [ 6.447119, 53.400835, 3.960557 ], [ 6.447137, 53.400832, 3.945545 ], [ 6.447154, 53.400828, 3.935315 ], [ 6.447172, 53.400825, 3.922857 ], [ 6.447192, 53.400821, 3.902817 ], [ 6.447213, 53.400818, 3.869442 ], [ 6.447234, 53.400814, 3.823464 ], [ 6.447254, 53.400811, 3.772936 ], [ 6.447272, 53.400808, 3.789873 ], [ 6.44729, 53.400805, 3.812366 ], [ 6.447308, 53.400802, 3.829851 ], [ 6.447328, 53.4008, 3.845109 ], [ 6.44735, 53.400798, 3.866919 ], [ 6.447371, 53.400797, 3.885337 ], [ 6.44739, 53.400797, 3.894945 ], [ 6.447407, 53.400797, 3.920854 ], [ 6.447424, 53.400797, 3.926259 ], [ 6.447441, 53.400796, 3.94441 ], [ 6.447455, 53.400797, 3.965683 ], [ 6.447466, 53.400799, 3.97882 ], [ 6.44748, 53.400802, 4.001571 ], [ 6.447499, 53.400801, 4.026548 ], [ 6.447519, 53.4008, 4.049961 ], [ 6.447542, 53.400798, 4.056545 ], [ 6.447566, 53.400796, 4.059787 ], [ 6.447593, 53.400793, 4.05938 ], [ 6.44762, 53.400791, 4.068699 ], [ 6.447646, 53.400788, 4.081574 ], [ 6.447671, 53.400785, 4.090792 ], [ 6.447696, 53.400781, 4.090841 ], [ 6.447722, 53.400777, 4.091962 ], [ 6.447747, 53.400774, 4.091043 ], [ 6.447774, 53.40077, 4.097776 ], [ 6.447798, 53.400767, 4.09442 ], [ 6.447821, 53.400764, 4.082821 ], [ 6.447845, 53.400761, 4.090231 ], [ 6.44787, 53.400758, 4.092794 ], [ 6.447893, 53.400756, 4.086343 ], [ 6.447915, 53.400753, 4.076838 ], [ 6.447936, 53.40075, 4.061385 ], [ 6.447958, 53.400747, 4.045437 ], [ 6.447979, 53.400744, 4.029144 ], [ 6.447999, 53.40074, 4.001805 ], [ 6.448019, 53.400736, 3.976391 ], [ 6.44804, 53.400734, 3.949901 ], [ 6.448061, 53.400731, 3.92383 ], [ 6.448083, 53.400729, 3.900385 ], [ 6.448104, 53.400727, 3.893735 ], [ 6.448126, 53.400724, 3.878878 ], [ 6.448147, 53.400719, 3.852902 ], [ 6.448167, 53.400715, 3.828985 ], [ 6.448188, 53.40071, 3.810624 ], [ 6.44821, 53.400705, 3.796002 ], [ 6.448232, 53.400701, 3.788277 ], [ 6.448254, 53.400696, 3.784443 ], [ 6.448276, 53.400691, 3.780559 ], [ 6.448297, 53.400688, 3.748732 ], [ 6.448318, 53.400685, 3.739479 ], [ 6.448338, 53.400683, 3.711966 ], [ 6.448357, 53.40068, 3.68369 ], [ 6.448377, 53.400678, 3.649266 ], [ 6.448395, 53.400675, 3.633478 ], [ 6.448414, 53.400672, 3.616051 ], [ 6.448431, 53.40067, 3.591497 ], [ 6.448448, 53.400669, 3.564723 ], [ 6.448466, 53.400667, 3.541443 ], [ 6.448486, 53.400665, 3.507467 ], [ 6.448506, 53.400663, 3.480696 ], [ 6.448526, 53.400661, 3.467433 ], [ 6.448546, 53.40066, 3.472137 ], [ 6.448565, 53.400659, 3.479383 ], [ 6.448583, 53.400658, 3.47691 ], [ 6.448601, 53.400658, 3.478232 ], [ 6.448619, 53.400657, 3.469551 ], [ 6.448637, 53.400656, 3.45801 ], [ 6.448654, 53.400654, 3.466691 ], [ 6.44867, 53.400652, 3.482317 ], [ 6.448686, 53.400651, 3.491104 ], [ 6.448705, 53.400648, 3.48581 ], [ 6.448727, 53.400645, 3.483206 ], [ 6.448749, 53.400641, 3.481786 ], [ 6.448771, 53.400637, 3.475899 ], [ 6.448792, 53.400632, 3.471486 ], [ 6.448813, 53.400627, 3.476017 ], [ 6.448834, 53.400623, 3.490808 ], [ 6.448854, 53.40062, 3.483574 ], [ 6.448873, 53.400616, 3.482177 ], [ 6.44889, 53.400614, 3.468038 ], [ 6.448909, 53.400612, 3.458442 ], [ 6.448929, 53.400611, 3.452695 ], [ 6.44895, 53.40061, 3.454564 ], [ 6.448971, 53.400609, 3.472804 ], [ 6.448992, 53.400607, 3.485268 ], [ 6.449013, 53.400606, 3.488164 ], [ 6.449034, 53.400604, 3.482663 ], [ 6.449053, 53.400603, 3.469266 ], [ 6.449072, 53.400602, 3.466906 ], [ 6.449091, 53.4006, 3.465203 ], [ 6.449112, 53.400598, 3.471273 ], [ 6.449134, 53.400596, 3.478977 ], [ 6.449158, 53.400593, 3.480855 ], [ 6.449179, 53.400589, 3.477745 ], [ 6.4492, 53.400584, 3.462369 ], [ 6.44922, 53.400578, 3.445942 ], [ 6.44924, 53.400574, 3.42076 ], [ 6.449263, 53.400571, 3.390581 ], [ 6.449286, 53.400568, 3.351996 ], [ 6.449309, 53.400565, 3.331236 ], [ 6.449332, 53.400563, 3.315075 ], [ 6.449352, 53.40056, 3.292763 ], [ 6.449372, 53.400558, 3.268223 ], [ 6.44939, 53.400556, 3.235723 ], [ 6.449409, 53.400553, 3.219446 ], [ 6.449429, 53.40055, 3.200398 ], [ 6.449449, 53.400546, 3.187772 ], [ 6.449469, 53.400543, 3.189718 ], [ 6.449489, 53.40054, 3.184572 ], [ 6.449508, 53.400538, 3.175741 ], [ 6.449527, 53.400535, 3.162434 ], [ 6.449546, 53.400533, 3.155689 ], [ 6.449566, 53.40053, 3.14192 ], [ 6.449587, 53.400526, 3.145863 ], [ 6.449607, 53.400524, 3.14728 ], [ 6.449626, 53.400522, 3.148216 ], [ 6.449644, 53.400521, 3.148635 ], [ 6.449661, 53.400521, 3.13883 ], [ 6.449679, 53.40052, 3.140568 ], [ 6.449697, 53.40052, 3.139752 ], [ 6.449717, 53.40052, 3.151518 ], [ 6.449738, 53.400519, 3.175175 ], [ 6.449758, 53.400518, 3.199297 ], [ 6.449779, 53.400517, 3.230464 ], [ 6.449799, 53.400515, 3.26482 ], [ 6.449819, 53.400513, 3.281349 ], [ 6.449839, 53.40051, 3.291878 ], [ 6.449857, 53.400507, 3.314394 ], [ 6.449875, 53.400505, 3.321135 ], [ 6.449892, 53.400501, 3.328411 ], [ 6.449911, 53.400498, 3.330934 ], [ 6.449932, 53.400493, 3.348879 ], [ 6.449954, 53.400489, 3.359149 ], [ 6.449976, 53.400486, 3.363373 ], [ 6.449998, 53.400484, 3.346166 ], [ 6.450019, 53.400483, 3.329931 ], [ 6.450041, 53.400483, 3.301678 ], [ 6.450062, 53.400483, 3.280148 ], [ 6.450082, 53.400484, 3.274662 ], [ 6.450099, 53.400484, 3.252049 ], [ 6.450114, 53.400482, 3.231616 ], [ 6.450131, 53.400479, 3.206477 ], [ 6.450152, 53.400475, 3.169535 ], [ 6.450173, 53.400471, 3.13354 ], [ 6.450195, 53.400467, 3.090593 ], [ 6.450216, 53.400463, 3.064369 ], [ 6.450236, 53.40046, 3.040662 ], [ 6.450256, 53.400458, 3.015993 ], [ 6.450276, 53.400457, 2.991969 ], [ 6.450295, 53.400455, 2.947896 ], [ 6.450313, 53.400453, 2.917647 ], [ 6.450331, 53.40045, 2.89121 ], [ 6.450348, 53.400447, 2.881966 ], [ 6.450367, 53.400444, 2.883665 ], [ 6.450386, 53.400442, 2.890562 ], [ 6.450406, 53.40044, 2.896207 ], [ 6.450427, 53.400439, 2.90139 ], [ 6.450447, 53.400437, 2.897912 ], [ 6.450467, 53.400436, 2.887094 ], [ 6.450487, 53.400434, 2.874789 ], [ 6.450508, 53.400433, 2.883187 ], [ 6.450531, 53.400431, 2.891065 ], [ 6.450554, 53.400428, 2.896301 ], [ 6.450576, 53.400425, 2.900666 ], [ 6.450598, 53.400421, 2.909651 ], [ 6.450618, 53.400418, 2.926181 ], [ 6.450636, 53.400415, 2.944821 ], [ 6.450653, 53.400412, 2.963104 ], [ 6.450672, 53.400409, 2.973005 ], [ 6.450692, 53.400405, 2.97177 ], [ 6.450714, 53.400402, 2.983321 ], [ 6.450735, 53.400399, 2.991608 ], [ 6.450756, 53.400397, 2.999141 ], [ 6.450777, 53.400395, 3.006621 ], [ 6.450797, 53.400393, 3.014323 ], [ 6.450817, 53.400392, 3.019643 ], [ 6.450836, 53.400389, 3.04698 ], [ 6.450854, 53.400387, 3.072909 ], [ 6.450872, 53.400385, 3.102581 ], [ 6.45089, 53.400382, 3.121158 ], [ 6.450911, 53.40038, 3.169761 ], [ 6.450933, 53.400378, 3.222186 ], [ 6.450952, 53.400377, 3.27093 ], [ 6.450971, 53.400375, 3.341145 ], [ 6.450991, 53.400374, 3.409235 ], [ 6.451013, 53.400372, 3.482708 ], [ 6.451037, 53.40037, 3.545087 ], [ 6.451062, 53.400366, 3.593073 ], [ 6.451085, 53.400363, 3.639028 ], [ 6.451107, 53.400359, 3.681195 ], [ 6.45113, 53.400356, 3.714986 ], [ 6.451152, 53.400353, 3.765787 ], [ 6.451172, 53.40035, 3.809314 ], [ 6.451189, 53.400348, 3.833962 ], [ 6.451205, 53.400346, 3.853165 ], [ 6.451224, 53.400344, 3.861855 ], [ 6.451244, 53.40034, 3.867815 ], [ 6.451266, 53.400336, 3.865542 ], [ 6.451288, 53.400331, 3.857842 ], [ 6.451311, 53.400325, 3.86255 ], [ 6.451334, 53.400319, 3.874403 ], [ 6.451357, 53.400313, 3.88543 ], [ 6.451377, 53.400308, 3.896813 ], [ 6.451396, 53.400303, 3.901793 ], [ 6.451415, 53.400298, 3.899744 ], [ 6.451435, 53.400294, 3.903863 ], [ 6.451454, 53.40029, 3.900165 ], [ 6.451473, 53.400287, 3.921387 ], [ 6.451493, 53.400283, 3.941332 ], [ 6.451514, 53.400279, 3.964362 ], [ 6.451535, 53.400274, 3.974109 ], [ 6.451556, 53.40027, 3.992885 ], [ 6.451577, 53.400266, 4.018167 ], [ 6.451595, 53.400264, 4.049901 ], [ 6.451613, 53.400262, 4.077129 ], [ 6.451632, 53.40026, 4.092454 ], [ 6.451653, 53.400257, 4.093495 ], [ 6.451676, 53.400254, 4.081632 ], [ 6.451699, 53.400251, 4.074018 ], [ 6.45172, 53.400247, 4.058721 ], [ 6.45174, 53.400245, 4.05101 ], [ 6.451761, 53.400242, 4.038889 ], [ 6.451781, 53.40024, 4.012994 ], [ 6.4518, 53.400237, 3.971902 ], [ 6.451817, 53.400235, 3.910612 ], [ 6.451831, 53.400233, 3.860422 ], [ 6.451843, 53.400231, 3.819785 ], [ 6.451855, 53.40023, 3.756989 ], [ 6.451868, 53.400228, 3.695649 ], [ 6.45188, 53.400226, 3.64867 ], [ 6.451888, 53.400225, 3.622705 ], [ 6.451888, 53.400226, 3.582447 ], [ 6.451882, 53.400227, 3.528681 ], [ 6.45187, 53.400229, 3.467911 ], [ 6.451855, 53.40023, 3.423023 ], [ 6.451839, 53.40023, 3.384774 ], [ 6.451825, 53.400227, 3.347857 ], [ 6.451812, 53.400221, 3.315011 ], [ 6.451799, 53.400211, 3.282454 ], [ 6.451784, 53.400199, 3.237614 ], [ 6.451769, 53.400187, 3.19491 ], [ 6.451755, 53.400176, 3.153895 ], [ 6.451744, 53.400165, 3.120908 ], [ 6.451736, 53.400154, 3.095497 ], [ 6.451728, 53.400142, 3.083752 ], [ 6.451723, 53.40013, 3.082453 ], [ 6.451718, 53.400115, 3.083907 ], [ 6.451714, 53.400099, 3.084714 ], [ 6.45171, 53.400083, 3.087327 ], [ 6.451706, 53.400067, 3.093763 ], [ 6.451702, 53.400052, 3.129253 ], [ 6.451697, 53.400036, 3.185012 ], [ 6.451691, 53.40002, 3.255834 ], [ 6.451684, 53.400006, 3.334339 ], [ 6.451677, 53.399992, 3.393182 ], [ 6.45167, 53.399979, 3.447574 ], [ 6.451664, 53.399967, 3.490464 ], [ 6.45166, 53.399955, 3.545847 ], [ 6.451657, 53.399945, 3.634872 ], [ 6.451654, 53.399936, 3.719835 ], [ 6.451651, 53.399926, 3.792665 ], [ 6.451649, 53.399916, 3.842653 ], [ 6.451645, 53.399906, 3.892585 ], [ 6.451641, 53.399895, 3.940906 ], [ 6.451638, 53.399882, 3.981731 ], [ 6.451635, 53.39987, 4.019484 ], [ 6.451633, 53.39986, 4.035973 ], [ 6.451631, 53.399851, 4.040839 ], [ 6.451627, 53.399842, 4.040454 ], [ 6.451622, 53.399833, 4.032811 ], [ 6.451619, 53.399824, 4.018348 ], [ 6.451615, 53.399815, 3.988332 ], [ 6.451613, 53.399805, 3.933471 ], [ 6.451609, 53.399795, 3.860456 ], [ 6.451605, 53.399786, 3.829011 ], [ 6.451599, 53.399777, 3.794935 ], [ 6.451592, 53.399768, 3.759665 ], [ 6.451585, 53.399761, 3.720043 ], [ 6.451577, 53.399756, 3.683884 ], [ 6.451569, 53.399751, 3.649989 ], [ 6.451561, 53.399746, 3.619381 ], [ 6.451553, 53.399739, 3.595224 ], [ 6.451547, 53.399731, 3.581312 ], [ 6.451543, 53.399723, 3.584455 ], [ 6.451539, 53.399712, 3.590843 ], [ 6.451533, 53.3997, 3.592231 ], [ 6.451528, 53.399688, 3.593521 ], [ 6.451525, 53.399675, 3.59994 ], [ 6.451522, 53.399663, 3.597883 ], [ 6.45152, 53.39965, 3.593348 ], [ 6.451519, 53.399637, 3.590939 ], [ 6.451516, 53.399623, 3.583294 ], [ 6.451513, 53.39961, 3.531874 ], [ 6.45151, 53.399598, 3.507979 ], [ 6.451508, 53.399588, 3.473107 ], [ 6.451505, 53.399577, 3.436164 ], [ 6.451503, 53.399566, 3.387986 ], [ 6.4515, 53.399553, 3.329691 ], [ 6.451497, 53.399541, 3.274065 ], [ 6.451494, 53.399529, 3.252095 ], [ 6.45149, 53.399516, 3.238631 ], [ 6.451486, 53.399504, 3.228165 ], [ 6.451481, 53.399492, 3.218594 ], [ 6.451475, 53.39948, 3.213967 ], [ 6.45147, 53.399469, 3.21865 ], [ 6.451464, 53.399458, 3.232293 ], [ 6.451459, 53.399446, 3.250367 ], [ 6.451453, 53.399434, 3.263715 ], [ 6.451448, 53.399422, 3.282195 ], [ 6.451443, 53.399408, 3.309626 ], [ 6.451437, 53.399394, 3.343746 ], [ 6.451431, 53.399381, 3.391089 ], [ 6.451426, 53.399368, 3.424164 ], [ 6.451421, 53.399354, 3.460473 ], [ 6.451418, 53.39934, 3.498908 ], [ 6.451415, 53.399326, 3.54161 ], [ 6.451412, 53.399311, 3.590333 ], [ 6.451408, 53.399295, 3.647897 ], [ 6.451405, 53.39928, 3.696289 ], [ 6.451402, 53.399265, 3.742919 ], [ 6.451399, 53.399249, 3.799288 ], [ 6.451397, 53.399234, 3.870684 ], [ 6.451396, 53.399221, 3.929434 ], [ 6.451393, 53.399209, 3.998466 ], [ 6.45139, 53.399198, 4.063066 ], [ 6.451386, 53.399187, 4.114684 ], [ 6.45138, 53.399175, 4.159245 ], [ 6.451373, 53.399161, 4.175357 ], [ 6.451364, 53.399147, 4.199133 ], [ 6.451354, 53.399133, 4.226995 ], [ 6.451344, 53.399119, 4.23214 ], [ 6.451333, 53.399107, 4.225534 ], [ 6.451321, 53.399095, 4.224328 ], [ 6.45131, 53.399084, 4.22617 ], [ 6.451298, 53.399072, 4.219104 ], [ 6.451287, 53.399061, 4.211819 ], [ 6.451276, 53.39905, 4.21328 ], [ 6.451266, 53.399038, 4.208702 ], [ 6.451255, 53.399027, 4.204274 ], [ 6.451245, 53.399015, 4.181473 ], [ 6.451234, 53.399004, 4.141864 ], [ 6.451224, 53.398992, 4.123365 ], [ 6.451213, 53.398981, 4.119261 ], [ 6.451202, 53.398968, 4.115084 ], [ 6.451191, 53.398954, 4.132603 ], [ 6.451182, 53.39894, 4.157103 ], [ 6.451173, 53.398926, 4.183515 ], [ 6.451164, 53.398912, 4.201538 ], [ 6.451155, 53.3989, 4.224376 ], [ 6.451146, 53.398889, 4.25008 ], [ 6.451139, 53.398879, 4.289961 ], [ 6.451131, 53.398869, 4.300925 ], [ 6.451123, 53.398856, 4.314454 ], [ 6.451113, 53.398844, 4.325034 ], [ 6.451103, 53.398831, 4.344624 ], [ 6.451094, 53.398819, 4.344881 ], [ 6.451086, 53.398808, 4.346314 ], [ 6.451079, 53.398796, 4.340184 ], [ 6.451072, 53.398784, 4.324562 ], [ 6.451064, 53.398772, 4.299309 ], [ 6.451056, 53.39876, 4.26968 ], [ 6.451047, 53.398748, 4.234546 ], [ 6.451038, 53.398736, 4.195083 ], [ 6.451029, 53.398726, 4.145339 ], [ 6.45102, 53.398715, 4.086531 ], [ 6.451011, 53.398704, 4.036516 ], [ 6.451004, 53.398693, 3.996807 ], [ 6.450997, 53.398682, 3.947825 ], [ 6.45099, 53.398671, 3.893676 ], [ 6.450983, 53.398662, 3.84453 ], [ 6.450976, 53.398651, 3.79986 ], [ 6.450967, 53.39864, 3.756806 ], [ 6.450957, 53.398628, 3.718654 ], [ 6.450948, 53.398616, 3.682812 ], [ 6.450938, 53.398606, 3.647248 ], [ 6.450929, 53.398595, 3.626688 ], [ 6.450922, 53.398585, 3.60284 ], [ 6.450915, 53.398574, 3.600028 ], [ 6.450908, 53.398564, 3.579968 ], [ 6.4509, 53.398553, 3.569597 ], [ 6.450892, 53.398541, 3.569382 ], [ 6.450884, 53.398528, 3.577157 ], [ 6.450877, 53.398516, 3.586012 ], [ 6.450871, 53.398504, 3.59515 ], [ 6.450865, 53.398492, 3.605107 ], [ 6.45086, 53.39848, 3.613927 ], [ 6.450855, 53.398468, 3.615322 ], [ 6.450853, 53.398456, 3.622774 ], [ 6.450855, 53.398445, 3.623364 ], [ 6.450864, 53.398435, 3.622372 ], [ 6.450877, 53.398427, 3.620848 ], [ 6.450895, 53.398421, 3.623018 ], [ 6.450916, 53.398416, 3.630592 ], [ 6.45094, 53.398413, 3.63047 ], [ 6.450963, 53.398411, 3.619203 ], [ 6.450986, 53.398409, 3.570927 ], [ 6.451009, 53.398407, 3.508535 ], [ 6.451033, 53.398405, 3.450145 ], [ 6.451056, 53.398403, 3.393273 ], [ 6.45108, 53.3984, 3.336627 ], [ 6.451102, 53.398396, 3.278422 ], [ 6.451125, 53.398393, 3.21934 ], [ 6.451146, 53.39839, 3.157044 ], [ 6.451167, 53.398386, 3.095192 ], [ 6.451188, 53.398382, 3.030203 ], [ 6.451206, 53.398376, 2.97692 ], [ 6.451224, 53.39837, 2.93321 ], [ 6.451242, 53.398365, 2.904831 ], [ 6.451262, 53.398361, 2.890636 ], [ 6.451283, 53.398357, 2.890638 ], [ 6.451305, 53.398354, 2.899732 ], [ 6.451327, 53.398351, 2.922134 ], [ 6.451349, 53.398348, 2.961285 ], [ 6.451371, 53.398345, 3.000469 ], [ 6.451391, 53.398343, 3.047582 ], [ 6.451411, 53.39834, 3.10509 ], [ 6.451432, 53.398337, 3.162954 ], [ 6.451455, 53.398333, 3.227528 ], [ 6.451479, 53.39833, 3.30691 ], [ 6.451503, 53.398326, 3.38423 ], [ 6.451526, 53.398323, 3.464608 ], [ 6.451547, 53.39832, 3.546176 ], [ 6.451567, 53.398316, 3.616369 ], [ 6.451588, 53.398313, 3.672554 ], [ 6.451609, 53.398309, 3.72559 ], [ 6.451631, 53.398306, 3.788504 ], [ 6.451654, 53.398302, 3.841851 ], [ 6.451677, 53.398298, 3.889036 ], [ 6.451699, 53.398295, 3.91971 ], [ 6.451721, 53.398292, 3.955419 ], [ 6.451744, 53.398289, 3.98216 ], [ 6.451767, 53.398285, 4.010518 ], [ 6.45179, 53.398281, 4.026301 ], [ 6.451812, 53.398277, 4.032456 ], [ 6.451834, 53.398273, 4.040201 ], [ 6.451854, 53.398269, 4.051482 ], [ 6.451874, 53.398265, 4.058612 ], [ 6.451894, 53.398262, 4.065986 ], [ 6.451915, 53.398259, 4.065567 ], [ 6.451935, 53.398256, 4.05574 ], [ 6.451954, 53.398253, 4.044859 ], [ 6.451974, 53.39825, 4.034874 ], [ 6.451995, 53.398248, 4.023412 ], [ 6.452016, 53.398246, 4.014276 ], [ 6.452037, 53.398243, 4.013829 ], [ 6.452058, 53.398241, 4.00687 ], [ 6.452078, 53.398239, 3.994044 ], [ 6.452097, 53.398238, 3.98748 ], [ 6.452115, 53.398238, 3.977369 ], [ 6.452128, 53.398241, 3.971086 ], [ 6.452135, 53.398245, 3.96221 ], [ 6.452137, 53.398248, 3.949969 ], [ 6.452136, 53.398249, 3.943578 ], [ 6.452136, 53.398248, 3.930633 ], [ 6.452136, 53.398246, 3.921446 ], [ 6.452137, 53.398242, 3.909808 ], [ 6.452141, 53.398236, 3.896482 ], [ 6.452148, 53.398229, 3.886839 ], [ 6.452157, 53.39822, 3.881203 ], [ 6.452168, 53.398211, 3.879473 ], [ 6.45218, 53.3982, 3.880069 ], [ 6.452191, 53.398187, 3.882995 ], [ 6.4522, 53.398172, 3.893032 ], [ 6.452205, 53.398156, 3.908993 ], [ 6.452207, 53.398141, 3.917939 ], [ 6.452209, 53.398127, 3.930344 ], [ 6.45221, 53.398114, 3.941297 ], [ 6.45221, 53.398105, 3.944858 ], [ 6.45221, 53.398101, 3.942138 ], [ 6.45221, 53.398099, 3.941095 ], [ 6.45221, 53.398097, 3.937494 ], [ 6.452211, 53.398094, 3.935154 ], [ 6.452213, 53.398087, 3.928547 ], [ 6.452217, 53.398076, 3.921567 ], [ 6.452222, 53.398062, 3.909835 ], [ 6.452226, 53.398048, 3.896721 ], [ 6.45223, 53.398033, 3.8838 ], [ 6.452234, 53.398018, 3.871877 ], [ 6.452239, 53.398005, 3.860119 ], [ 6.452243, 53.397992, 3.849943 ], [ 6.452249, 53.397978, 3.842699 ], [ 6.452254, 53.397964, 3.834222 ], [ 6.45226, 53.39795, 3.830347 ], [ 6.452265, 53.397936, 3.829994 ], [ 6.452269, 53.397922, 3.834332 ], [ 6.452274, 53.397909, 3.84048 ], [ 6.452278, 53.397895, 3.844308 ], [ 6.452283, 53.397882, 3.84896 ], [ 6.452288, 53.397868, 3.850532 ], [ 6.452294, 53.397854, 3.856784 ], [ 6.452299, 53.39784, 3.873537 ], [ 6.452305, 53.397827, 3.893182 ], [ 6.452311, 53.397814, 3.924429 ], [ 6.452316, 53.3978, 3.959931 ], [ 6.452321, 53.397786, 3.994429 ], [ 6.452326, 53.397772, 4.043814 ], [ 6.452331, 53.397758, 4.096366 ], [ 6.452337, 53.397744, 4.150376 ], [ 6.452343, 53.39773, 4.210314 ], [ 6.452348, 53.397716, 4.274637 ], [ 6.452353, 53.397702, 4.343269 ], [ 6.452357, 53.397688, 4.41461 ], [ 6.452361, 53.397674, 4.48643 ], [ 6.452367, 53.397659, 4.556522 ], [ 6.452372, 53.397645, 4.619096 ], [ 6.452376, 53.397631, 4.681513 ], [ 6.452381, 53.397617, 4.746035 ], [ 6.452385, 53.397602, 4.806258 ], [ 6.452389, 53.397588, 4.868175 ], [ 6.452394, 53.397574, 4.916582 ], [ 6.452398, 53.39756, 4.962282 ], [ 6.452402, 53.397545, 5.004297 ], [ 6.452406, 53.397531, 5.042429 ], [ 6.452409, 53.397517, 5.078337 ], [ 6.452414, 53.397503, 5.108412 ], [ 6.452418, 53.397489, 5.137554 ], [ 6.452424, 53.397475, 5.161365 ], [ 6.452429, 53.397461, 5.179991 ], [ 6.452434, 53.397448, 5.192866 ], [ 6.452439, 53.397434, 5.195704 ], [ 6.452444, 53.397421, 5.195274 ], [ 6.452449, 53.397407, 5.197312 ], [ 6.452455, 53.397392, 5.191362 ], [ 6.452461, 53.397377, 5.183979 ], [ 6.452467, 53.397362, 5.178811 ], [ 6.452473, 53.397347, 5.171473 ], [ 6.452479, 53.397331, 5.162777 ], [ 6.452484, 53.397316, 5.154618 ], [ 6.452488, 53.397302, 5.145789 ], [ 6.452493, 53.397288, 5.135119 ], [ 6.452498, 53.397274, 5.127652 ], [ 6.452504, 53.39726, 5.122285 ], [ 6.45251, 53.397246, 5.117933 ], [ 6.452515, 53.397231, 5.114944 ], [ 6.452519, 53.397217, 5.108737 ], [ 6.452522, 53.397204, 5.102678 ], [ 6.452528, 53.397189, 5.095265 ], [ 6.452534, 53.397175, 5.082609 ], [ 6.452542, 53.397162, 5.066472 ], [ 6.452551, 53.39715, 5.047716 ], [ 6.452561, 53.397137, 5.024948 ], [ 6.452571, 53.397124, 4.999212 ], [ 6.452582, 53.397113, 4.979634 ], [ 6.452596, 53.397101, 4.956013 ], [ 6.452614, 53.397092, 4.933585 ], [ 6.452633, 53.397084, 4.906682 ], [ 6.452654, 53.397078, 4.878778 ], [ 6.452678, 53.397076, 4.840027 ], [ 6.452704, 53.397075, 4.79964 ], [ 6.45273, 53.397077, 4.756916 ], [ 6.452755, 53.397079, 4.721144 ], [ 6.45278, 53.397082, 4.682918 ], [ 6.452805, 53.397084, 4.639906 ], [ 6.452829, 53.397085, 4.599573 ], [ 6.452854, 53.397087, 4.55734 ], [ 6.452877, 53.397088, 4.514313 ], [ 6.452899, 53.39709, 4.462364 ], [ 6.452922, 53.397091, 4.406107 ], [ 6.452944, 53.397093, 4.340367 ], [ 6.452968, 53.397094, 4.27448 ], [ 6.45299, 53.397096, 4.211794 ], [ 6.453012, 53.397097, 4.142328 ], [ 6.453034, 53.397098, 4.078489 ], [ 6.453056, 53.397099, 4.012989 ], [ 6.453077, 53.397101, 3.945168 ], [ 6.453099, 53.397102, 3.859374 ], [ 6.45312, 53.397103, 3.771478 ], [ 6.453142, 53.397103, 3.70141 ], [ 6.453163, 53.397104, 3.63808 ], [ 6.453186, 53.397106, 3.570658 ], [ 6.453208, 53.397108, 3.513123 ], [ 6.453231, 53.39711, 3.456217 ], [ 6.453254, 53.397113, 3.414471 ], [ 6.453277, 53.397116, 3.372364 ], [ 6.453301, 53.397118, 3.332027 ], [ 6.453324, 53.397121, 3.298682 ], [ 6.453347, 53.397123, 3.268889 ], [ 6.453369, 53.397125, 3.244612 ], [ 6.453391, 53.397127, 3.23258 ], [ 6.453412, 53.39713, 3.230243 ], [ 6.453433, 53.397131, 3.231323 ], [ 6.453454, 53.397133, 3.239923 ], [ 6.453476, 53.397135, 3.255299 ], [ 6.453498, 53.397137, 3.272158 ], [ 6.45352, 53.397139, 3.29619 ], [ 6.453543, 53.39714, 3.331898 ], [ 6.453567, 53.397141, 3.366687 ], [ 6.453591, 53.397142, 3.404342 ], [ 6.453615, 53.397142, 3.436046 ], [ 6.453639, 53.397142, 3.476509 ], [ 6.453662, 53.397143, 3.516641 ], [ 6.453684, 53.397144, 3.560762 ], [ 6.453707, 53.397146, 3.601679 ], [ 6.453729, 53.397147, 3.63901 ], [ 6.453752, 53.397148, 3.676029 ], [ 6.453774, 53.39715, 3.71275 ], [ 6.453795, 53.397152, 3.753838 ], [ 6.453816, 53.397154, 3.799602 ], [ 6.453838, 53.397156, 3.841771 ], [ 6.45386, 53.397159, 3.88073 ], [ 6.453882, 53.397161, 3.922941 ], [ 6.453904, 53.397163, 3.970548 ], [ 6.453926, 53.397165, 4.021608 ], [ 6.453948, 53.397167, 4.065688 ], [ 6.453971, 53.397169, 4.109693 ], [ 6.453994, 53.39717, 4.155501 ], [ 6.454017, 53.397171, 4.191593 ], [ 6.454039, 53.397173, 4.224453 ], [ 6.454061, 53.397174, 4.249802 ], [ 6.454083, 53.397174, 4.268237 ], [ 6.454105, 53.397175, 4.288585 ], [ 6.454127, 53.397176, 4.302267 ], [ 6.454149, 53.397177, 4.308149 ], [ 6.45417, 53.397178, 4.304144 ], [ 6.454192, 53.39718, 4.304883 ], [ 6.454213, 53.397181, 4.298084 ], [ 6.454235, 53.397184, 4.29327 ], [ 6.454257, 53.397186, 4.285132 ], [ 6.454278, 53.397188, 4.276652 ], [ 6.454299, 53.397189, 4.270198 ], [ 6.454321, 53.39719, 4.258539 ], [ 6.454341, 53.397192, 4.250897 ], [ 6.454361, 53.397194, 4.244845 ], [ 6.454381, 53.397197, 4.241949 ], [ 6.454401, 53.397199, 4.234327 ], [ 6.454422, 53.397201, 4.224661 ], [ 6.454444, 53.397203, 4.221189 ], [ 6.454466, 53.397205, 4.221227 ], [ 6.454487, 53.397207, 4.222162 ], [ 6.454508, 53.397208, 4.220608 ], [ 6.454529, 53.39721, 4.221714 ], [ 6.45455, 53.397212, 4.219498 ], [ 6.454572, 53.397214, 4.211267 ], [ 6.454595, 53.397216, 4.197852 ], [ 6.454617, 53.397217, 4.188527 ], [ 6.45464, 53.397218, 4.173177 ], [ 6.454663, 53.397219, 4.156243 ], [ 6.454686, 53.397221, 4.148172 ], [ 6.454709, 53.397223, 4.14419 ], [ 6.454731, 53.397224, 4.138951 ], [ 6.454755, 53.397226, 4.140081 ], [ 6.454778, 53.397228, 4.134375 ], [ 6.454802, 53.39723, 4.126787 ], [ 6.454824, 53.397231, 4.120415 ], [ 6.454846, 53.397233, 4.117422 ], [ 6.454869, 53.397234, 4.1181 ], [ 6.454891, 53.397235, 4.124086 ], [ 6.454913, 53.397236, 4.136473 ], [ 6.454935, 53.397237, 4.145629 ], [ 6.454958, 53.397238, 4.154716 ], [ 6.45498, 53.397238, 4.156808 ], [ 6.455001, 53.39724, 4.161261 ], [ 6.455023, 53.397241, 4.165056 ], [ 6.455045, 53.397242, 4.161987 ], [ 6.455067, 53.397242, 4.150121 ], [ 6.45509, 53.397242, 4.140766 ], [ 6.455112, 53.39724, 4.124227 ], [ 6.455133, 53.397237, 4.104089 ], [ 6.455152, 53.397231, 4.074519 ], [ 6.45517, 53.397222, 4.033914 ], [ 6.455183, 53.397211, 3.987507 ], [ 6.455194, 53.397198, 3.931549 ], [ 6.455203, 53.397185, 3.881032 ], [ 6.455212, 53.397172, 3.820511 ], [ 6.455219, 53.397158, 3.760246 ], [ 6.455226, 53.397145, 3.697304 ], [ 6.455234, 53.397133, 3.640733 ], [ 6.455242, 53.397121, 3.579811 ], [ 6.455251, 53.397109, 3.519397 ], [ 6.455259, 53.397099, 3.451234 ], [ 6.455268, 53.397089, 3.382898 ], [ 6.455277, 53.397077, 3.323526 ], [ 6.455286, 53.397066, 3.271143 ], [ 6.455295, 53.397053, 3.227827 ], [ 6.455305, 53.397042, 3.191714 ], [ 6.455315, 53.39703, 3.16563 ], [ 6.455325, 53.397018, 3.148004 ], [ 6.455334, 53.397007, 3.135615 ], [ 6.455343, 53.396997, 3.135463 ], [ 6.455352, 53.396987, 3.150111 ], [ 6.455358, 53.39698, 3.17108 ], [ 6.455364, 53.396974, 3.200583 ], [ 6.455368, 53.39697, 3.237814 ], [ 6.455374, 53.396964, 3.283218 ], [ 6.45538, 53.396954, 3.325694 ], [ 6.455388, 53.396941, 3.368403 ], [ 6.455396, 53.396927, 3.398295 ], [ 6.455405, 53.396913, 3.426578 ], [ 6.455413, 53.396899, 3.450088 ], [ 6.455421, 53.396884, 3.467639 ], [ 6.455428, 53.396871, 3.48439 ], [ 6.455435, 53.396857, 3.491959 ], [ 6.45544, 53.396844, 3.48946 ], [ 6.455445, 53.396833, 3.51674 ], [ 6.455451, 53.396823, 3.546639 ], [ 6.455455, 53.396817, 3.570022 ], [ 6.455457, 53.396815, 3.585133 ], [ 6.455457, 53.396815, 3.601912 ], [ 6.455456, 53.396816, 3.619023 ], [ 6.455455, 53.396815, 3.63664 ], [ 6.455455, 53.396811, 3.655539 ], [ 6.455454, 53.396803, 3.677453 ], [ 6.455453, 53.39679, 3.692536 ], [ 6.455453, 53.396776, 3.703874 ], [ 6.455451, 53.396762, 3.712706 ], [ 6.455447, 53.396745, 3.715079 ], [ 6.455438, 53.396729, 3.70927 ], [ 6.455427, 53.396713, 3.709533 ], [ 6.455416, 53.396699, 3.698332 ], [ 6.455404, 53.396686, 3.682017 ], [ 6.455391, 53.396673, 3.662854 ], [ 6.45538, 53.396661, 3.638196 ], [ 6.455368, 53.396648, 3.621819 ], [ 6.455356, 53.396636, 3.600729 ], [ 6.455344, 53.396625, 3.58124 ], [ 6.455332, 53.396613, 3.55649 ], [ 6.45532, 53.396602, 3.530863 ], [ 6.455308, 53.396591, 3.505631 ], [ 6.455295, 53.39658, 3.475195 ], [ 6.455284, 53.396569, 3.450771 ], [ 6.455283, 53.396568, 3.449938 ], [ 6.45527, 53.396556, 3.42717 ], [ 6.455256, 53.396542, 3.40384 ], [ 6.455242, 53.396529, 3.384337 ], [ 6.455228, 53.396518, 3.361428 ], [ 6.455215, 53.396506, 3.350512 ], [ 6.455201, 53.396494, 3.347263 ], [ 6.455187, 53.396482, 3.350088 ], [ 6.455173, 53.39647, 3.360326 ], [ 6.45516, 53.396458, 3.377441 ], [ 6.455147, 53.396445, 3.40536 ], [ 6.455136, 53.396432, 3.431763 ], [ 6.455125, 53.396419, 3.458915 ], [ 6.455115, 53.396406, 3.491826 ], [ 6.455105, 53.396393, 3.526024 ], [ 6.455098, 53.39638, 3.560735 ], [ 6.455092, 53.396367, 3.600705 ], [ 6.455087, 53.396354, 3.643513 ], [ 6.45508, 53.396341, 3.687169 ], [ 6.455072, 53.396328, 3.723668 ], [ 6.455064, 53.396314, 3.756801 ], [ 6.455056, 53.396299, 3.780424 ], [ 6.45505, 53.396285, 3.791916 ], [ 6.455044, 53.396271, 3.802218 ], [ 6.455038, 53.396257, 3.809448 ], [ 6.455034, 53.396243, 3.807622 ], [ 6.455028, 53.396229, 3.808085 ], [ 6.455023, 53.396215, 3.80174 ], [ 6.455018, 53.3962, 3.796001 ], [ 6.455013, 53.396185, 3.776071 ], [ 6.455009, 53.396171, 3.746959 ], [ 6.455005, 53.396156, 3.714447 ], [ 6.455001, 53.396142, 3.674198 ], [ 6.454996, 53.396127, 3.630068 ], [ 6.454991, 53.396113, 3.573522 ], [ 6.454985, 53.396099, 3.513691 ], [ 6.454979, 53.396086, 3.449801 ], [ 6.454972, 53.396073, 3.387682 ], [ 6.454964, 53.39606, 3.320176 ], [ 6.454955, 53.396046, 3.243372 ], [ 6.454947, 53.396033, 3.173347 ], [ 6.454938, 53.39602, 3.117121 ], [ 6.454927, 53.396006, 3.064905 ], [ 6.454916, 53.395993, 3.001997 ], [ 6.454903, 53.39598, 2.951898 ], [ 6.45489, 53.395968, 2.908812 ], [ 6.454878, 53.395956, 2.86543 ], [ 6.454866, 53.395944, 2.824755 ], [ 6.454853, 53.395934, 2.786206 ], [ 6.45484, 53.395923, 2.750935 ], [ 6.454827, 53.395914, 2.718398 ], [ 6.454813, 53.395904, 2.686339 ], [ 6.454799, 53.395896, 2.652332 ], [ 6.454783, 53.395887, 2.616965 ], [ 6.454767, 53.395878, 2.577061 ], [ 6.454751, 53.395869, 2.535924 ], [ 6.454734, 53.39586, 2.492622 ], [ 6.454716, 53.395851, 2.452208 ], [ 6.454698, 53.395842, 2.409199 ], [ 6.454681, 53.395833, 2.362359 ], [ 6.454663, 53.395824, 2.313452 ], [ 6.454646, 53.395815, 2.25884 ], [ 6.454628, 53.395806, 2.208611 ], [ 6.454609, 53.395798, 2.164647 ], [ 6.454591, 53.395791, 2.117988 ], [ 6.454572, 53.395784, 2.073717 ], [ 6.454553, 53.395777, 2.030933 ], [ 6.454534, 53.39577, 1.991052 ], [ 6.454515, 53.395762, 1.955217 ], [ 6.454497, 53.395754, 1.923978 ], [ 6.454478, 53.395747, 1.905946 ], [ 6.45446, 53.395741, 1.893588 ], [ 6.454441, 53.395734, 1.88707 ], [ 6.454422, 53.395728, 1.891624 ], [ 6.454403, 53.395722, 1.897612 ], [ 6.454382, 53.395716, 1.908828 ], [ 6.454362, 53.39571, 1.927247 ], [ 6.454343, 53.395704, 1.948608 ], [ 6.454324, 53.395697, 1.97701 ], [ 6.454305, 53.395691, 1.99907 ], [ 6.454287, 53.395684, 2.022008 ], [ 6.454269, 53.395677, 2.037144 ], [ 6.454251, 53.395669, 2.041319 ], [ 6.454233, 53.39566, 2.048444 ], [ 6.454217, 53.39565, 2.055443 ], [ 6.454203, 53.39564, 2.064046 ], [ 6.45419, 53.395629, 2.061641 ], [ 6.454178, 53.395618, 2.051735 ], [ 6.454165, 53.395607, 2.044949 ], [ 6.454153, 53.395596, 2.03572 ], [ 6.454142, 53.395585, 2.02438 ], [ 6.454131, 53.395573, 2.018155 ], [ 6.454122, 53.395562, 2.010941 ], [ 6.454114, 53.395549, 2.013783 ], [ 6.454108, 53.395537, 2.022451 ], [ 6.454102, 53.395524, 2.030637 ], [ 6.454096, 53.395512, 2.042468 ], [ 6.454089, 53.395498, 2.051561 ], [ 6.454083, 53.395485, 2.06519 ], [ 6.454077, 53.395472, 2.081599 ], [ 6.454071, 53.395459, 2.099954 ], [ 6.454067, 53.395447, 2.121772 ], [ 6.454064, 53.395434, 2.140524 ], [ 6.454061, 53.395421, 2.162313 ], [ 6.45406, 53.395408, 2.190539 ], [ 6.454059, 53.395394, 2.217972 ], [ 6.454058, 53.395381, 2.243278 ], [ 6.454057, 53.395367, 2.269385 ], [ 6.454057, 53.395354, 2.294506 ], [ 6.454055, 53.395341, 2.319442 ], [ 6.454055, 53.395329, 2.343703 ], [ 6.454055, 53.395318, 2.367469 ], [ 6.454056, 53.395307, 2.389264 ], [ 6.454055, 53.395295, 2.408296 ], [ 6.454054, 53.395281, 2.426946 ], [ 6.454051, 53.395267, 2.438502 ], [ 6.454049, 53.395253, 2.44915 ], [ 6.454048, 53.39524, 2.468956 ], [ 6.454047, 53.395226, 2.47675 ], [ 6.454047, 53.395213, 2.485596 ], [ 6.454046, 53.3952, 2.491991 ], [ 6.454046, 53.395199, 2.487861 ], [ 6.454044, 53.395186, 2.478108 ], [ 6.454043, 53.395171, 2.471241 ], [ 6.454042, 53.395157, 2.463627 ], [ 6.454041, 53.395143, 2.46124 ], [ 6.45404, 53.395129, 2.452667 ], [ 6.454039, 53.395116, 2.44063 ], [ 6.454038, 53.395103, 2.434675 ], [ 6.454037, 53.395089, 2.422001 ], [ 6.454036, 53.395075, 2.407584 ], [ 6.454034, 53.395062, 2.385541 ], [ 6.454032, 53.395048, 2.363128 ], [ 6.45403, 53.395035, 2.343563 ], [ 6.454026, 53.395022, 2.332959 ], [ 6.454021, 53.395009, 2.319131 ], [ 6.454015, 53.394997, 2.303146 ], [ 6.45401, 53.394984, 2.285221 ], [ 6.454005, 53.394971, 2.268124 ], [ 6.454003, 53.394958, 2.273486 ], [ 6.454002, 53.394945, 2.277489 ], [ 6.454002, 53.394932, 2.281451 ], [ 6.453998, 53.394919, 2.290161 ], [ 6.453993, 53.394906, 2.301025 ], [ 6.453986, 53.394893, 2.305387 ], [ 6.453978, 53.39488, 2.314898 ], [ 6.453969, 53.394867, 2.326216 ], [ 6.453959, 53.394854, 2.336573 ], [ 6.453949, 53.394842, 2.344227 ], [ 6.453939, 53.394829, 2.351821 ], [ 6.453928, 53.394817, 2.356433 ], [ 6.453919, 53.394805, 2.365979 ], [ 6.453911, 53.394792, 2.371265 ], [ 6.453902, 53.39478, 2.376302 ], [ 6.453893, 53.394768, 2.376737 ], [ 6.453883, 53.394755, 2.377138 ], [ 6.453873, 53.394743, 2.37795 ], [ 6.453863, 53.394731, 2.383452 ], [ 6.453853, 53.394718, 2.391496 ], [ 6.453843, 53.394705, 2.402077 ], [ 6.453834, 53.394693, 2.404684 ], [ 6.453826, 53.394681, 2.405351 ], [ 6.453818, 53.394669, 2.403955 ], [ 6.45381, 53.394657, 2.406564 ], [ 6.453801, 53.394645, 2.408098 ], [ 6.453792, 53.394632, 2.413392 ], [ 6.453783, 53.39462, 2.421144 ], [ 6.453775, 53.394607, 2.426277 ], [ 6.453767, 53.394595, 2.41851 ], [ 6.453758, 53.394583, 2.407873 ], [ 6.45375, 53.394571, 2.396411 ], [ 6.453741, 53.394558, 2.381043 ], [ 6.453733, 53.394546, 2.373468 ], [ 6.453724, 53.394533, 2.366347 ], [ 6.453714, 53.394521, 2.35916 ], [ 6.453705, 53.394509, 2.353939 ], [ 6.453696, 53.394496, 2.352239 ], [ 6.453688, 53.394484, 2.352839 ], [ 6.45368, 53.394472, 2.34849 ], [ 6.453671, 53.39446, 2.346847 ], [ 6.453662, 53.394448, 2.349349 ], [ 6.453653, 53.394437, 2.356327 ], [ 6.453653, 53.394436, 2.3595 ], [ 6.453643, 53.394424, 2.377109 ], [ 6.453633, 53.394411, 2.408563 ], [ 6.453623, 53.394399, 2.432245 ], [ 6.453614, 53.394387, 2.460137 ], [ 6.453604, 53.394375, 2.488519 ], [ 6.453595, 53.394362, 2.518814 ], [ 6.453587, 53.39435, 2.548322 ], [ 6.453578, 53.394337, 2.576712 ], [ 6.45357, 53.394324, 2.607879 ], [ 6.453561, 53.394312, 2.638502 ], [ 6.453552, 53.394299, 2.667715 ], [ 6.453543, 53.394287, 2.694713 ], [ 6.453534, 53.394275, 2.718973 ], [ 6.453526, 53.394263, 2.740392 ], [ 6.45352, 53.394253, 2.759093 ], [ 6.453514, 53.394244, 2.775273 ], [ 6.453509, 53.394236, 2.789188 ], [ 6.453504, 53.394231, 2.801113 ], [ 6.453502, 53.39423, 2.811277 ], [ 6.453501, 53.39423, 2.818949 ], [ 6.453501, 53.394232, 2.819708 ], [ 6.453501, 53.394233, 2.825851 ], [ 6.453501, 53.394233, 2.829483 ], [ 6.453501, 53.394234, 2.830565 ], [ 6.453502, 53.394234, 2.821092 ], [ 6.453501, 53.394234, 2.812195 ], [ 6.453501, 53.394234, 2.799205 ], [ 6.4535, 53.394233, 2.7826 ], [ 6.453498, 53.39423, 2.762818 ], [ 6.453495, 53.394226, 2.742991 ], [ 6.453495, 53.394225, 2.736357 ], [ 6.45349, 53.394217, 2.707021 ], [ 6.453484, 53.394204, 2.684448 ], [ 6.453478, 53.39419, 2.662012 ], [ 6.453471, 53.394175, 2.63476 ], [ 6.453464, 53.394162, 2.609588 ], [ 6.453457, 53.394148, 2.581363 ], [ 6.453448, 53.394134, 2.557187 ], [ 6.45344, 53.39412, 2.548656 ], [ 6.453432, 53.394105, 2.550112 ], [ 6.453425, 53.394091, 2.561199 ], [ 6.453419, 53.394078, 2.586262 ], [ 6.453413, 53.394064, 2.630362 ], [ 6.453407, 53.39405, 2.670983 ], [ 6.453401, 53.394036, 2.712124 ], [ 6.453395, 53.394022, 2.747949 ], [ 6.453389, 53.394009, 2.792642 ], [ 6.453383, 53.393995, 2.834 ], [ 6.453378, 53.393981, 2.873074 ], [ 6.453373, 53.393968, 2.906855 ], [ 6.453368, 53.393954, 2.935006 ], [ 6.453363, 53.39394, 2.955239 ], [ 6.453358, 53.393927, 2.967157 ], [ 6.453352, 53.393913, 2.970485 ], [ 6.453344, 53.3939, 2.957164 ], [ 6.453336, 53.393887, 2.935626 ], [ 6.453328, 53.393873, 2.910237 ], [ 6.45332, 53.393859, 2.880764 ], [ 6.453312, 53.393845, 2.848103 ], [ 6.453304, 53.393831, 2.811977 ], [ 6.453297, 53.393817, 2.77456 ], [ 6.45329, 53.393803, 2.743243 ], [ 6.453283, 53.393789, 2.715007 ], [ 6.453278, 53.393774, 2.697467 ], [ 6.453273, 53.393759, 2.688341 ], [ 6.453268, 53.393744, 2.683166 ], [ 6.453264, 53.393729, 2.681935 ], [ 6.45326, 53.393713, 2.681205 ], [ 6.453257, 53.393698, 2.687136 ], [ 6.453255, 53.393684, 2.699755 ], [ 6.453254, 53.39367, 2.716786 ], [ 6.453254, 53.393655, 2.73157 ], [ 6.453255, 53.39364, 2.751465 ], [ 6.453255, 53.393626, 2.771801 ], [ 6.453256, 53.393611, 2.791072 ], [ 6.453257, 53.393597, 2.806226 ], [ 6.453259, 53.393583, 2.825674 ], [ 6.45326, 53.393569, 2.847423 ], [ 6.453261, 53.393554, 2.867072 ], [ 6.453262, 53.39354, 2.88473 ], [ 6.453262, 53.393526, 2.896586 ], [ 6.453262, 53.393512, 2.911213 ], [ 6.453263, 53.393498, 2.925095 ], [ 6.453263, 53.393483, 2.931351 ], [ 6.453264, 53.393469, 2.948876 ], [ 6.453266, 53.393455, 2.962393 ], [ 6.453267, 53.393441, 2.977411 ], [ 6.453269, 53.393427, 2.985211 ], [ 6.453271, 53.393413, 2.986401 ], [ 6.453273, 53.3934, 2.954288 ], [ 6.453275, 53.393386, 2.936755 ], [ 6.453277, 53.393372, 2.919178 ], [ 6.453279, 53.393358, 2.899419 ], [ 6.453279, 53.393344, 2.875492 ], [ 6.453279, 53.393331, 2.838388 ], [ 6.453278, 53.393317, 2.799741 ], [ 6.453276, 53.393304, 2.755289 ], [ 6.453275, 53.393291, 2.711804 ], [ 6.453273, 53.393278, 2.669122 ], [ 6.453273, 53.393267, 2.629597 ], [ 6.453273, 53.393255, 2.587022 ], [ 6.453272, 53.393242, 2.548698 ], [ 6.453271, 53.39323, 2.516274 ], [ 6.453269, 53.393216, 2.492611 ], [ 6.453267, 53.393203, 2.484789 ], [ 6.453264, 53.393189, 2.484476 ], [ 6.453262, 53.393175, 2.49388 ], [ 6.453259, 53.393161, 2.517633 ], [ 6.453257, 53.393147, 2.542679 ], [ 6.453254, 53.393132, 2.569041 ], [ 6.453252, 53.393117, 2.601216 ], [ 6.45325, 53.393103, 2.634516 ], [ 6.453247, 53.393089, 2.67064 ], [ 6.453244, 53.393074, 2.709857 ], [ 6.453241, 53.39306, 2.743339 ], [ 6.453238, 53.393046, 2.780627 ], [ 6.453235, 53.393032, 2.812115 ], [ 6.453232, 53.393019, 2.839476 ], [ 6.453228, 53.393005, 2.860165 ], [ 6.453225, 53.392992, 2.877874 ], [ 6.453221, 53.392978, 2.897081 ], [ 6.453217, 53.392965, 2.913687 ], [ 6.453214, 53.392951, 2.93422 ], [ 6.453211, 53.392937, 2.959383 ], [ 6.45321, 53.392923, 2.982956 ], [ 6.453207, 53.39291, 3.002102 ], [ 6.453205, 53.392896, 3.023142 ], [ 6.453202, 53.392882, 3.042709 ], [ 6.453199, 53.392869, 3.064536 ], [ 6.453196, 53.392855, 3.083016 ], [ 6.453194, 53.392842, 3.09764 ], [ 6.453191, 53.392829, 3.111032 ], [ 6.453187, 53.392815, 3.121393 ], [ 6.453184, 53.392802, 3.128553 ], [ 6.453181, 53.392789, 3.127951 ], [ 6.453178, 53.392776, 3.128429 ], [ 6.453176, 53.392762, 3.127275 ], [ 6.453174, 53.392748, 3.118091 ], [ 6.453172, 53.392734, 3.100745 ], [ 6.45317, 53.39272, 3.080597 ], [ 6.453167, 53.392706, 3.049318 ], [ 6.453165, 53.392692, 3.015253 ], [ 6.453163, 53.392678, 2.939935 ], [ 6.453161, 53.392664, 2.864611 ], [ 6.453158, 53.392651, 2.793864 ], [ 6.453156, 53.392637, 2.712655 ], [ 6.453153, 53.392624, 2.635725 ], [ 6.453152, 53.39261, 2.560055 ], [ 6.45315, 53.392597, 2.485704 ], [ 6.453149, 53.392583, 2.412714 ], [ 6.453146, 53.39257, 2.341729 ], [ 6.453143, 53.392557, 2.276608 ], [ 6.453138, 53.392543, 2.219205 ], [ 6.453133, 53.392529, 2.174551 ], [ 6.453131, 53.392517, 2.149115 ], [ 6.453131, 53.392504, 2.139548 ], [ 6.453131, 53.39249, 2.139721 ], [ 6.453132, 53.392477, 2.142345 ], [ 6.453133, 53.392463, 2.149066 ], [ 6.453135, 53.392449, 2.153062 ], [ 6.453136, 53.392436, 2.177608 ], [ 6.453137, 53.392422, 2.208245 ], [ 6.453137, 53.392408, 2.241819 ], [ 6.453136, 53.392394, 2.274979 ], [ 6.453134, 53.39238, 2.311061 ], [ 6.453132, 53.392366, 2.34417 ], [ 6.453129, 53.392353, 2.376686 ], [ 6.453126, 53.39234, 2.407918 ], [ 6.453123, 53.392327, 2.440103 ], [ 6.45312, 53.392315, 2.474605 ], [ 6.453116, 53.392302, 2.507721 ], [ 6.453112, 53.392289, 2.545766 ], [ 6.453106, 53.392275, 2.582621 ], [ 6.453101, 53.392262, 2.6261 ], [ 6.453095, 53.392248, 2.67053 ], [ 6.453091, 53.392234, 2.71386 ], [ 6.453087, 53.39222, 2.755264 ], [ 6.453085, 53.392207, 2.79754 ], [ 6.453082, 53.392193, 2.834665 ], [ 6.453079, 53.39218, 2.871587 ], [ 6.453075, 53.392166, 2.902891 ], [ 6.453072, 53.392153, 2.930734 ], [ 6.453068, 53.39214, 2.949456 ], [ 6.453064, 53.392128, 2.962897 ], [ 6.453058, 53.392115, 2.9663 ], [ 6.45305, 53.392102, 2.961701 ], [ 6.45304, 53.392091, 2.956597 ], [ 6.453027, 53.392079, 2.943414 ], [ 6.453013, 53.392068, 2.925281 ], [ 6.453, 53.392056, 2.898825 ], [ 6.452988, 53.392044, 2.870253 ], [ 6.452976, 53.392032, 2.837244 ], [ 6.452964, 53.39202, 2.804381 ], [ 6.452952, 53.392008, 2.773593 ], [ 6.452941, 53.391996, 2.749708 ], [ 6.452928, 53.391984, 2.726662 ], [ 6.452914, 53.391972, 2.704152 ], [ 6.452901, 53.391961, 2.680541 ], [ 6.452888, 53.39195, 2.665129 ], [ 6.452875, 53.391939, 2.648361 ], [ 6.452862, 53.391928, 2.630263 ], [ 6.452848, 53.391918, 2.612427 ], [ 6.452832, 53.391908, 2.591652 ], [ 6.452816, 53.391898, 2.578317 ], [ 6.452799, 53.391888, 2.571919 ], [ 6.452782, 53.391878, 2.563044 ], [ 6.452766, 53.391869, 2.554297 ], [ 6.452749, 53.39186, 2.540423 ], [ 6.452732, 53.39185, 2.52604 ], [ 6.452714, 53.391841, 2.509895 ], [ 6.452696, 53.391833, 2.492935 ], [ 6.452677, 53.391825, 2.47311 ], [ 6.452658, 53.391817, 2.458101 ], [ 6.452639, 53.39181, 2.443039 ], [ 6.45262, 53.391804, 2.428289 ], [ 6.4526, 53.391798, 2.424186 ], [ 6.452581, 53.391791, 2.420766 ], [ 6.452562, 53.391785, 2.419841 ], [ 6.452543, 53.391778, 2.416803 ], [ 6.452524, 53.391773, 2.412132 ], [ 6.452506, 53.391768, 2.403625 ], [ 6.452492, 53.391764, 2.402064 ], [ 6.452486, 53.391762, 2.397208 ], [ 6.452488, 53.391761, 2.39111 ], [ 6.452493, 53.39176, 2.384473 ], [ 6.452498, 53.391757, 2.376603 ], [ 6.452504, 53.391754, 2.36695 ], [ 6.45251, 53.391751, 2.361468 ], [ 6.452514, 53.391748, 2.355536 ], [ 6.452516, 53.391746, 2.349976 ], [ 6.452517, 53.391745, 2.344829 ], [ 6.452517, 53.391743, 2.339517 ], [ 6.452516, 53.391743, 2.33549 ], [ 6.452517, 53.391743, 2.332427 ], [ 6.452517, 53.391743, 2.331618 ], [ 6.452517, 53.391743, 2.332507 ], [ 6.452517, 53.391743, 2.335097 ], [ 6.452517, 53.391744, 2.339077 ], [ 6.452517, 53.391744, 2.344008 ], [ 6.452517, 53.391744, 2.349465 ], [ 6.452517, 53.391744, 2.351226 ], [ 6.452517, 53.391744, 2.353125 ], [ 6.452517, 53.391744, 2.354213 ], [ 6.452517, 53.391744, 2.354389 ], [ 6.452517, 53.391743, 2.353591 ], [ 6.452517, 53.391743, 2.351795 ], [ 6.452517, 53.391743, 2.349018 ], [ 6.452517, 53.391743, 2.344082 ], [ 6.452517, 53.391743, 2.336985 ], [ 6.452517, 53.391742, 2.335312 ], [ 6.452516, 53.391742, 2.344486 ], [ 6.452516, 53.391742, 2.367119 ], [ 6.452516, 53.391742, 2.373376 ], [ 6.452516, 53.391742, 2.402388 ], [ 6.452516, 53.391742, 2.42584 ], [ 6.452516, 53.391742, 2.445706 ], [ 6.452516, 53.391742, 2.468877 ], [ 6.452515, 53.391742, 2.492555 ], [ 6.452512, 53.391743, 2.523301 ], [ 6.452505, 53.391744, 2.554689 ], [ 6.452493, 53.391745, 2.591759 ], [ 6.452478, 53.391747, 2.623764 ], [ 6.45246, 53.391749, 2.659566 ], [ 6.452441, 53.39175, 2.694608 ], [ 6.452422, 53.391749, 2.727246 ], [ 6.452404, 53.391745, 2.757224 ], [ 6.452385, 53.39174, 2.785353 ], [ 6.452367, 53.391734, 2.818402 ], [ 6.452348, 53.391726, 2.846495 ], [ 6.452329, 53.391719, 2.873534 ], [ 6.452311, 53.391711, 2.894792 ], [ 6.452296, 53.391703, 2.91342 ], [ 6.452282, 53.391697, 2.929163 ], [ 6.45227, 53.39169, 2.950004 ], [ 6.452257, 53.391684, 2.96329 ], [ 6.452244, 53.391679, 2.970163 ], [ 6.452232, 53.391673, 2.97314 ], [ 6.452221, 53.391669, 2.97279 ], [ 6.452216, 53.391666, 2.969295 ], [ 6.452215, 53.391666, 2.956383 ], [ 6.452216, 53.391666, 2.933659 ], [ 6.452216, 53.391666, 2.911658 ], [ 6.452214, 53.391664, 2.896357 ], [ 6.452209, 53.391661, 2.883119 ], [ 6.452205, 53.391658, 2.874843 ], [ 6.452205, 53.391656, 2.86106 ], [ 6.452206, 53.391656, 2.854561 ], [ 6.452207, 53.391654, 2.856908 ], [ 6.452204, 53.39165, 2.865196 ], [ 6.452198, 53.391643, 2.877755 ], [ 6.452188, 53.391633, 2.893732 ], [ 6.452175, 53.39162, 2.913485 ], [ 6.452162, 53.391607, 2.926783 ], [ 6.45215, 53.391593, 2.938816 ], [ 6.452139, 53.391579, 2.953176 ], [ 6.452128, 53.391566, 2.962499 ], [ 6.452117, 53.391552, 2.964579 ], [ 6.452106, 53.391539, 2.958771 ], [ 6.452098, 53.391526, 2.943188 ], [ 6.452091, 53.391514, 2.928833 ], [ 6.452083, 53.3915, 2.908355 ], [ 6.452073, 53.391487, 2.885555 ], [ 6.452062, 53.391473, 2.858893 ], [ 6.452052, 53.39146, 2.831103 ], [ 6.452043, 53.391446, 2.804696 ], [ 6.452036, 53.391433, 2.78591 ], [ 6.452031, 53.391419, 2.763766 ], [ 6.452024, 53.391405, 2.741806 ], [ 6.452017, 53.391392, 2.719615 ], [ 6.452011, 53.391379, 2.703758 ], [ 6.452004, 53.391365, 2.695544 ], [ 6.451997, 53.391351, 2.690411 ], [ 6.45199, 53.391337, 2.686018 ], [ 6.451984, 53.391323, 2.683923 ], [ 6.451979, 53.391308, 2.68259 ], [ 6.451974, 53.391293, 2.679974 ], [ 6.451969, 53.391278, 2.683287 ], [ 6.451963, 53.391263, 2.683895 ], [ 6.451958, 53.391249, 2.682972 ], [ 6.451954, 53.391235, 2.68008 ], [ 6.451949, 53.391221, 2.674789 ], [ 6.451943, 53.391207, 2.674774 ], [ 6.451937, 53.391193, 2.668975 ], [ 6.451932, 53.391179, 2.669264 ], [ 6.451927, 53.391165, 2.674965 ], [ 6.451923, 53.391151, 2.677826 ], [ 6.451918, 53.391136, 2.680801 ], [ 6.451915, 53.391122, 2.68617 ], [ 6.451912, 53.391108, 2.696 ], [ 6.451909, 53.391093, 2.70724 ], [ 6.451907, 53.391078, 2.725401 ], [ 6.451904, 53.391063, 2.746519 ], [ 6.451902, 53.391048, 2.770078 ], [ 6.451899, 53.391033, 2.798238 ], [ 6.451896, 53.391018, 2.829904 ], [ 6.451893, 53.391003, 2.860493 ], [ 6.451891, 53.390989, 2.891162 ], [ 6.451889, 53.390974, 2.920904 ], [ 6.451886, 53.390959, 2.945378 ], [ 6.451884, 53.390944, 2.973024 ], [ 6.451882, 53.39093, 3.006887 ], [ 6.45188, 53.390915, 3.041018 ], [ 6.451878, 53.390901, 3.071736 ], [ 6.451877, 53.390886, 3.100079 ], [ 6.451876, 53.390872, 3.124703 ], [ 6.451876, 53.390857, 3.151148 ], [ 6.451875, 53.390843, 3.177834 ], [ 6.451875, 53.390829, 3.204689 ], [ 6.451874, 53.390814, 3.230711 ], [ 6.451874, 53.3908, 3.24626 ], [ 6.451875, 53.390785, 3.266534 ], [ 6.451875, 53.390771, 3.282662 ], [ 6.451874, 53.390756, 3.295596 ], [ 6.451873, 53.390742, 3.308371 ], [ 6.451871, 53.390728, 3.314726 ], [ 6.451869, 53.390713, 3.317999 ], [ 6.451867, 53.390699, 3.31784 ], [ 6.451865, 53.390684, 3.310536 ], [ 6.451864, 53.39067, 3.301758 ], [ 6.451861, 53.390656, 3.291333 ], [ 6.451859, 53.390642, 3.279703 ], [ 6.451856, 53.390628, 3.270564 ], [ 6.451853, 53.390614, 3.259054 ], [ 6.451849, 53.3906, 3.246971 ], [ 6.451845, 53.390585, 3.233985 ], [ 6.451841, 53.390571, 3.217516 ], [ 6.451837, 53.390557, 3.198281 ], [ 6.451832, 53.390543, 3.185508 ], [ 6.451827, 53.390529, 3.173658 ], [ 6.451822, 53.390514, 3.161102 ], [ 6.451817, 53.390499, 3.146689 ], [ 6.451812, 53.390485, 3.129456 ], [ 6.451807, 53.390471, 3.118023 ], [ 6.4518, 53.390456, 3.10399 ], [ 6.451794, 53.390442, 3.087967 ], [ 6.451788, 53.390428, 3.072491 ], [ 6.451781, 53.390413, 3.054076 ], [ 6.451774, 53.390399, 3.032169 ], [ 6.451767, 53.390385, 3.015917 ], [ 6.451759, 53.390371, 2.995425 ], [ 6.451751, 53.390358, 2.977464 ], [ 6.451743, 53.390344, 2.960224 ], [ 6.451735, 53.390329, 2.94333 ], [ 6.451727, 53.390315, 2.927671 ], [ 6.451719, 53.3903, 2.916937 ], [ 6.451712, 53.390287, 2.910453 ], [ 6.451706, 53.390273, 2.906126 ], [ 6.451699, 53.390258, 2.902314 ], [ 6.451692, 53.390244, 2.902914 ], [ 6.451685, 53.390229, 2.903349 ], [ 6.451677, 53.390215, 2.900167 ], [ 6.451669, 53.390201, 2.900496 ], [ 6.45166, 53.390186, 2.903171 ], [ 6.451653, 53.390173, 2.907597 ], [ 6.451645, 53.390159, 2.91496 ], [ 6.451638, 53.390145, 2.91873 ], [ 6.451632, 53.390131, 2.926953 ], [ 6.451626, 53.390117, 2.928225 ], [ 6.451622, 53.390103, 2.937036 ], [ 6.451618, 53.390088, 2.939047 ], [ 6.451613, 53.390073, 2.943842 ], [ 6.451608, 53.390058, 2.951913 ], [ 6.451603, 53.390043, 2.959661 ], [ 6.451599, 53.390028, 2.97804 ], [ 6.451595, 53.390014, 2.994519 ], [ 6.451591, 53.39, 3.014591 ], [ 6.451587, 53.389986, 3.041109 ], [ 6.451583, 53.389971, 3.072897 ], [ 6.451579, 53.389958, 3.102494 ], [ 6.451574, 53.389944, 3.135591 ], [ 6.45157, 53.389929, 3.170379 ], [ 6.451564, 53.389915, 3.207427 ], [ 6.451557, 53.389901, 3.238686 ], [ 6.451549, 53.389887, 3.265969 ], [ 6.451541, 53.389874, 3.287095 ], [ 6.451532, 53.38986, 3.301611 ], [ 6.451523, 53.389847, 3.309682 ], [ 6.451513, 53.389833, 3.320922 ], [ 6.451504, 53.38982, 3.322049 ], [ 6.451494, 53.389807, 3.325831 ], [ 6.451484, 53.389794, 3.314795 ], [ 6.451474, 53.389781, 3.306952 ], [ 6.451464, 53.389768, 3.29751 ], [ 6.451452, 53.389754, 3.284085 ], [ 6.45144, 53.389741, 3.281003 ], [ 6.451428, 53.389728, 3.26629 ], [ 6.451416, 53.389715, 3.244471 ], [ 6.451404, 53.389703, 3.227416 ], [ 6.451391, 53.38969, 3.215216 ], [ 6.451378, 53.389678, 3.196318 ], [ 6.451364, 53.389666, 3.167163 ], [ 6.45135, 53.389653, 3.145158 ], [ 6.451336, 53.389641, 3.1169 ], [ 6.451322, 53.389629, 3.090507 ], [ 6.451309, 53.389617, 3.060164 ], [ 6.451296, 53.389605, 3.030131 ], [ 6.451282, 53.389593, 2.999165 ], [ 6.451268, 53.389581, 2.968497 ], [ 6.451254, 53.389569, 2.942288 ], [ 6.451239, 53.389556, 2.912409 ], [ 6.451224, 53.389543, 2.876763 ], [ 6.451209, 53.389531, 2.846387 ], [ 6.451195, 53.389518, 2.819893 ], [ 6.451182, 53.389507, 2.790881 ], [ 6.451169, 53.389495, 2.765778 ], [ 6.451156, 53.389483, 2.739691 ], [ 6.451143, 53.389471, 2.726124 ], [ 6.451129, 53.389458, 2.716982 ], [ 6.451116, 53.389446, 2.71143 ], [ 6.451103, 53.389435, 2.716047 ], [ 6.451089, 53.389423, 2.727102 ], [ 6.451074, 53.389412, 2.738118 ], [ 6.45106, 53.3894, 2.760299 ], [ 6.451045, 53.389389, 2.786954 ], [ 6.451031, 53.389377, 2.814779 ], [ 6.451017, 53.389366, 2.851079 ], [ 6.451003, 53.389354, 2.887163 ], [ 6.45099, 53.389344, 2.925828 ], [ 6.450974, 53.389333, 2.962542 ], [ 6.450958, 53.389322, 2.999515 ], [ 6.450941, 53.389312, 3.035849 ], [ 6.450924, 53.389302, 3.065529 ], [ 6.450907, 53.389291, 3.09179 ], [ 6.450889, 53.38928, 3.110501 ], [ 6.450872, 53.389269, 3.118621 ], [ 6.450857, 53.389259, 3.125729 ], [ 6.450842, 53.389248, 3.125758 ], [ 6.450827, 53.389236, 3.123643 ], [ 6.450811, 53.389225, 3.110364 ], [ 6.450794, 53.389214, 3.092731 ], [ 6.450779, 53.389204, 3.0713 ], [ 6.450763, 53.389194, 3.042002 ], [ 6.450746, 53.389183, 3.01951 ], [ 6.45073, 53.389173, 2.997012 ], [ 6.450713, 53.389162, 2.985171 ], [ 6.450697, 53.389152, 2.975821 ], [ 6.450681, 53.389142, 2.962451 ], [ 6.450663, 53.389132, 2.949081 ], [ 6.450645, 53.389122, 2.93838 ], [ 6.450627, 53.389113, 2.941185 ], [ 6.450609, 53.389103, 2.946096 ], [ 6.450592, 53.389093, 2.95701 ], [ 6.450575, 53.389084, 2.972389 ], [ 6.450557, 53.389074, 3.001601 ], [ 6.450539, 53.389065, 3.02814 ], [ 6.450521, 53.389056, 3.052245 ], [ 6.450503, 53.389046, 3.069752 ], [ 6.450484, 53.389037, 3.088127 ], [ 6.450467, 53.389027, 3.094823 ], [ 6.45045, 53.389018, 3.097872 ], [ 6.450433, 53.389009, 3.103829 ], [ 6.450415, 53.389, 3.098633 ], [ 6.450397, 53.388991, 3.093909 ], [ 6.45038, 53.388982, 3.103997 ], [ 6.450363, 53.388972, 3.131688 ], [ 6.450349, 53.388963, 3.163838 ], [ 6.450335, 53.388953, 3.197975 ], [ 6.450322, 53.388944, 3.238726 ], [ 6.450311, 53.388936, 3.307343 ], [ 6.450303, 53.388927, 3.384189 ], [ 6.4503, 53.388919, 3.480325 ], [ 6.450303, 53.388911, 3.601322 ], [ 6.450311, 53.388903, 3.696928 ], [ 6.450321, 53.388898, 3.797536 ], [ 6.45033, 53.388894, 3.890255 ], [ 6.450339, 53.38889, 3.987293 ], [ 6.450348, 53.388887, 4.085729 ], [ 6.450355, 53.388884, 4.17493 ], [ 6.450361, 53.388881, 4.250078 ], [ 6.450366, 53.388878, 4.313205 ], [ 6.450371, 53.388876, 4.363447 ], [ 6.450377, 53.388872, 4.394119 ], [ 6.450385, 53.388868, 4.40387 ], [ 6.450395, 53.388863, 4.404563 ], [ 6.450404, 53.388857, 4.399645 ], [ 6.450412, 53.388852, 4.386979 ], [ 6.45042, 53.388848, 4.367955 ], [ 6.450425, 53.388845, 4.343817 ], [ 6.450428, 53.388844, 4.313455 ], [ 6.450429, 53.388844, 4.274941 ], [ 6.45043, 53.388844, 4.240608 ], [ 6.450431, 53.388844, 4.206024 ], [ 6.450433, 53.388844, 4.144451 ], [ 6.450434, 53.388844, 4.09519 ], [ 6.450434, 53.388845, 4.041153 ], [ 6.450435, 53.388845, 3.991326 ], [ 6.450437, 53.388844, 3.925295 ], [ 6.450439, 53.388843, 3.835503 ], [ 6.450443, 53.38884, 3.723862 ], [ 6.45045, 53.388837, 3.586916 ], [ 6.450458, 53.388832, 3.442085 ], [ 6.450466, 53.388827, 3.297658 ], [ 6.450475, 53.388823, 3.149739 ], [ 6.450483, 53.388819, 3.031658 ], [ 6.450488, 53.388817, 2.901416 ], [ 6.450492, 53.388815, 2.776379 ], [ 6.450495, 53.388813, 2.659155 ], [ 6.450497, 53.388812, 2.556735 ], [ 6.450498, 53.388811, 2.460059 ], [ 6.450498, 53.388811, 2.397125 ], [ 6.4505, 53.388809, 2.362021 ], [ 6.450504, 53.388806, 2.339775 ], [ 6.450509, 53.388802, 2.320524 ], [ 6.450516, 53.388798, 2.315471 ], [ 6.450522, 53.388793, 2.317512 ], [ 6.450525, 53.38879, 2.323857 ], [ 6.450525, 53.388785, 2.342072 ], [ 6.45052, 53.388779, 2.354001 ], [ 6.450511, 53.388772, 2.365059 ], [ 6.450498, 53.388764, 2.37583 ], [ 6.450483, 53.388753, 2.380079 ], [ 6.450466, 53.388743, 2.3726 ], [ 6.450449, 53.388734, 2.353211 ], [ 6.450433, 53.388725, 2.325859 ], [ 6.450418, 53.388716, 2.296627 ], [ 6.450405, 53.388708, 2.262706 ], [ 6.450392, 53.3887, 2.225446 ], [ 6.450378, 53.388692, 2.185438 ], [ 6.450364, 53.388685, 2.143666 ], [ 6.45035, 53.388678, 2.101122 ], [ 6.450336, 53.388672, 2.07385 ], [ 6.450323, 53.388666, 2.04954 ], [ 6.450311, 53.388661, 2.027106 ], [ 6.450302, 53.388657, 2.00992 ], [ 6.450296, 53.388655, 2.00088 ], [ 6.450294, 53.388654, 2.002371 ], [ 6.450295, 53.388655, 2.010031 ], [ 6.450296, 53.388655, 2.008045 ], [ 6.450298, 53.388656, 2.018494 ], [ 6.4503, 53.388656, 2.035765 ], [ 6.450301, 53.388655, 2.050052 ], [ 6.450301, 53.388654, 2.073731 ], [ 6.4503, 53.388653, 2.100795 ], [ 6.450298, 53.388651, 2.151859 ], [ 6.450293, 53.388647, 2.20928 ], [ 6.450284, 53.388641, 2.261888 ], [ 6.450271, 53.388633, 2.312127 ], [ 6.450257, 53.388623, 2.364376 ], [ 6.450242, 53.388612, 2.367859 ], [ 6.450228, 53.388602, 2.395397 ], [ 6.450213, 53.38859, 2.413435 ], [ 6.450197, 53.388579, 2.428454 ], [ 6.450182, 53.388568, 2.437986 ], [ 6.450171, 53.388558, 2.440343 ], [ 6.450164, 53.388549, 2.469115 ], [ 6.450161, 53.38854, 2.527263 ], [ 6.450164, 53.388532, 2.616533 ], [ 6.450169, 53.388527, 2.66521 ], [ 6.450175, 53.388524, 2.708193 ], [ 6.450179, 53.388524, 2.754188 ], [ 6.450182, 53.388525, 2.813327 ], [ 6.450184, 53.388526, 2.863297 ], [ 6.450185, 53.388526, 2.913238 ], [ 6.450184, 53.388527, 2.960532 ], [ 6.450181, 53.388527, 3.012759 ], [ 6.450176, 53.388527, 3.056335 ], [ 6.450166, 53.388529, 3.079747 ], [ 6.450154, 53.388527, 3.094543 ], [ 6.45014, 53.388518, 3.091527 ], [ 6.450129, 53.388505, 3.080758 ], [ 6.450121, 53.388489, 3.064389 ], [ 6.450115, 53.388473, 3.039823 ], [ 6.450113, 53.388458, 3.011999 ], [ 6.450113, 53.388443, 2.979653 ], [ 6.450113, 53.388428, 2.937491 ], [ 6.450115, 53.388413, 2.889525 ], [ 6.450116, 53.388398, 2.83828 ], [ 6.450119, 53.388384, 2.777357 ], [ 6.450123, 53.38837, 2.726365 ], [ 6.450126, 53.388355, 2.675608 ], [ 6.45013, 53.388341, 2.623425 ], [ 6.450133, 53.388327, 2.577004 ], [ 6.450135, 53.388313, 2.536282 ], [ 6.450138, 53.388299, 2.501953 ], [ 6.450141, 53.388285, 2.471844 ], [ 6.450145, 53.388272, 2.444738 ], [ 6.450149, 53.388259, 2.423064 ], [ 6.450153, 53.388245, 2.422617 ], [ 6.450157, 53.388232, 2.427514 ], [ 6.450161, 53.388218, 2.435058 ], [ 6.450165, 53.388204, 2.446985 ], [ 6.450169, 53.38819, 2.465524 ], [ 6.450173, 53.388176, 2.494431 ], [ 6.450177, 53.388163, 2.524575 ], [ 6.450181, 53.38815, 2.552035 ], [ 6.450184, 53.388136, 2.594093 ], [ 6.450187, 53.388122, 2.649073 ], [ 6.45019, 53.388107, 2.692125 ], [ 6.450192, 53.388093, 2.73267 ], [ 6.450194, 53.388079, 2.776741 ], [ 6.450197, 53.388066, 2.817373 ], [ 6.4502, 53.388052, 2.855308 ], [ 6.450204, 53.388039, 2.891119 ], [ 6.450208, 53.388026, 2.928057 ], [ 6.450212, 53.388013, 2.955862 ], [ 6.450216, 53.388, 2.96833 ], [ 6.450218, 53.387986, 2.972377 ], [ 6.450221, 53.387972, 2.969323 ], [ 6.450224, 53.387958, 2.959561 ], [ 6.450227, 53.387945, 2.954077 ], [ 6.45023, 53.38793, 2.943734 ], [ 6.450233, 53.387916, 2.930264 ], [ 6.450237, 53.387902, 2.907191 ], [ 6.450242, 53.387888, 2.885804 ], [ 6.450246, 53.387874, 2.860807 ], [ 6.45025, 53.387861, 2.83916 ], [ 6.450255, 53.387848, 2.826039 ], [ 6.45026, 53.387835, 2.818224 ], [ 6.450264, 53.387821, 2.811952 ], [ 6.450268, 53.387807, 2.809111 ], [ 6.450272, 53.387793, 2.805988 ], [ 6.450276, 53.38778, 2.806627 ], [ 6.45028, 53.387766, 2.80881 ], [ 6.450284, 53.387752, 2.812494 ], [ 6.450288, 53.387738, 2.825884 ], [ 6.450291, 53.387723, 2.837909 ], [ 6.450293, 53.387709, 2.851905 ], [ 6.450294, 53.387695, 2.853002 ], [ 6.450296, 53.387681, 2.84723 ], [ 6.450299, 53.387667, 2.827016 ], [ 6.450303, 53.387653, 2.818417 ], [ 6.450307, 53.387639, 2.808687 ], [ 6.450311, 53.387625, 2.802841 ], [ 6.450316, 53.387612, 2.786889 ], [ 6.450321, 53.387598, 2.773901 ], [ 6.450326, 53.387585, 2.74943 ], [ 6.450331, 53.387572, 2.722739 ], [ 6.450336, 53.387558, 2.6927 ], [ 6.450341, 53.387545, 2.669681 ], [ 6.450345, 53.387531, 2.651791 ], [ 6.45035, 53.387517, 2.634148 ], [ 6.450354, 53.387503, 2.621404 ], [ 6.450357, 53.38749, 2.610183 ], [ 6.450361, 53.387476, 2.599732 ], [ 6.450366, 53.387463, 2.581019 ], [ 6.450372, 53.38745, 2.571989 ], [ 6.450378, 53.387438, 2.557126 ], [ 6.450386, 53.387425, 2.552566 ], [ 6.450395, 53.387411, 2.558122 ], [ 6.450405, 53.387399, 2.569067 ], [ 6.450417, 53.387388, 2.57961 ], [ 6.45043, 53.387377, 2.593557 ], [ 6.450445, 53.387367, 2.613819 ], [ 6.450463, 53.387359, 2.634849 ], [ 6.450482, 53.387351, 2.665701 ], [ 6.450503, 53.387346, 2.698094 ], [ 6.450527, 53.387342, 2.729403 ], [ 6.450552, 53.387341, 2.76077 ], [ 6.450578, 53.387341, 2.793395 ], [ 6.450603, 53.387343, 2.825781 ], [ 6.450627, 53.387345, 2.856951 ], [ 6.450649, 53.387347, 2.889913 ], [ 6.450671, 53.387348, 2.917776 ], [ 6.450691, 53.38735, 2.949887 ], [ 6.45071, 53.387351, 2.982018 ], [ 6.450727, 53.387352, 3.005864 ], [ 6.450739, 53.387353, 3.033194 ], [ 6.450744, 53.387354, 3.059917 ], [ 6.450744, 53.387354, 3.093186 ], [ 6.450744, 53.387354, 3.132673 ], [ 6.450748, 53.387355, 3.172321 ], [ 6.450757, 53.387357, 3.210265 ], [ 6.450773, 53.387359, 3.243465 ], [ 6.450796, 53.387362, 3.275544 ], [ 6.45082, 53.387364, 3.312815 ], [ 6.450844, 53.387367, 3.347942 ], [ 6.450869, 53.387368, 3.378212 ], [ 6.450895, 53.38737, 3.404276 ], [ 6.450924, 53.387372, 3.428383 ], [ 6.45095, 53.387374, 3.451953 ], [ 6.450972, 53.387375, 3.468988 ], [ 6.450993, 53.387376, 3.481618 ], [ 6.451014, 53.387378, 3.491226 ], [ 6.451035, 53.387379, 3.496084 ], [ 6.451057, 53.387379, 3.498508 ], [ 6.451079, 53.38738, 3.496739 ], [ 6.451101, 53.387381, 3.491767 ], [ 6.451123, 53.387382, 3.487112 ], [ 6.451146, 53.387382, 3.479814 ], [ 6.45117, 53.387383, 3.472716 ], [ 6.451194, 53.387384, 3.473649 ], [ 6.451218, 53.387385, 3.464609 ], [ 6.451241, 53.387387, 3.456258 ], [ 6.451264, 53.387389, 3.447946 ], [ 6.451287, 53.387391, 3.450816 ], [ 6.45131, 53.387393, 3.456347 ], [ 6.451333, 53.387395, 3.454678 ], [ 6.451356, 53.387397, 3.452862 ], [ 6.451379, 53.387398, 3.439387 ], [ 6.451402, 53.3874, 3.426726 ], [ 6.451425, 53.387401, 3.419456 ], [ 6.451448, 53.387402, 3.404162 ], [ 6.451471, 53.387404, 3.382739 ], [ 6.451493, 53.387405, 3.364495 ], [ 6.451515, 53.387407, 3.344136 ], [ 6.451536, 53.387409, 3.311991 ], [ 6.451557, 53.387411, 3.290898 ], [ 6.451576, 53.387412, 3.270338 ], [ 6.451596, 53.387413, 3.26936 ], [ 6.451616, 53.387414, 3.270813 ], [ 6.451637, 53.387415, 3.286672 ], [ 6.451658, 53.387416, 3.296671 ], [ 6.451678, 53.387418, 3.293767 ], [ 6.451698, 53.387419, 3.299616 ], [ 6.451719, 53.38742, 3.31539 ], [ 6.45174, 53.387421, 3.349419 ], [ 6.451762, 53.387422, 3.380964 ], [ 6.451783, 53.387423, 3.420672 ], [ 6.451805, 53.387424, 3.451611 ], [ 6.451826, 53.387424, 3.469837 ], [ 6.451845, 53.387423, 3.483331 ], [ 6.451847, 53.387423, 3.483392 ], [ 6.451866, 53.387422, 3.506165 ], [ 6.451883, 53.387419, 3.530182 ], [ 6.451899, 53.387415, 3.536071 ], [ 6.451912, 53.38741, 3.536838 ], [ 6.451922, 53.387402, 3.530201 ], [ 6.451929, 53.387392, 3.510447 ], [ 6.451933, 53.387381, 3.487043 ], [ 6.451935, 53.387369, 3.453544 ], [ 6.451937, 53.387356, 3.423749 ], [ 6.451937, 53.387343, 3.381399 ], [ 6.451937, 53.38733, 3.336811 ], [ 6.451935, 53.387317, 3.284489 ], [ 6.451933, 53.387306, 3.234341 ], [ 6.451931, 53.387295, 3.185944 ], [ 6.451931, 53.387284, 3.137647 ], [ 6.451933, 53.387273, 3.094106 ], [ 6.45194, 53.387263, 3.059348 ], [ 6.451952, 53.387253, 3.027598 ], [ 6.451969, 53.387247, 2.977799 ], [ 6.451989, 53.387243, 2.942058 ], [ 6.452013, 53.387242, 2.908948 ], [ 6.452039, 53.387243, 2.85395 ], [ 6.452061, 53.387245, 2.797782 ], [ 6.452083, 53.387247, 2.74578 ], [ 6.452102, 53.38725, 2.692037 ], [ 6.452118, 53.387254, 2.636068 ], [ 6.452132, 53.387259, 2.577613 ], [ 6.452142, 53.387264, 2.52482 ], [ 6.452147, 53.38727, 2.472101 ], [ 6.452149, 53.387275, 2.420604 ], [ 6.452148, 53.38728, 2.434809 ], [ 6.452147, 53.387283, 2.439932 ], [ 6.452145, 53.387285, 2.444443 ], [ 6.452144, 53.387285, 2.439919 ], [ 6.452143, 53.387284, 2.43713 ], [ 6.452142, 53.387283, 2.442852 ], [ 6.45214, 53.387283, 2.460812 ], [ 6.452139, 53.387282, 2.496213 ], [ 6.452138, 53.387281, 2.542472 ], [ 6.452138, 53.387281, 2.594734 ], [ 6.45214, 53.387282, 2.649664 ], [ 6.452146, 53.387283, 2.698876 ], [ 6.452159, 53.387281, 2.751144 ], [ 6.452178, 53.387277, 2.808589 ], [ 6.452202, 53.387275, 2.864832 ], [ 6.452228, 53.387274, 2.91317 ], [ 6.452257, 53.387275, 2.96182 ], [ 6.452285, 53.387277, 3.001868 ], [ 6.452309, 53.387279, 3.038077 ], [ 6.45233, 53.387282, 3.070908 ], [ 6.45235, 53.387284, 3.110255 ], [ 6.452373, 53.387287, 3.144776 ], [ 6.452398, 53.38729, 3.170398 ], [ 6.452423, 53.387293, 3.190071 ], [ 6.45245, 53.387295, 3.210595 ], [ 6.452476, 53.387297, 3.226688 ], [ 6.4525, 53.387298, 3.2371 ], [ 6.452525, 53.3873, 3.248697 ], [ 6.452549, 53.387301, 3.261022 ], [ 6.452574, 53.387302, 3.277016 ], [ 6.4526, 53.387302, 3.292368 ], [ 6.452625, 53.387303, 3.309498 ], [ 6.452649, 53.387303, 3.316653 ], [ 6.452672, 53.387305, 3.317944 ], [ 6.452696, 53.387306, 3.322816 ], [ 6.452719, 53.387308, 3.332516 ], [ 6.452742, 53.38731, 3.336092 ], [ 6.452764, 53.387312, 3.342248 ], [ 6.452787, 53.387313, 3.344932 ], [ 6.452812, 53.387314, 3.349685 ], [ 6.452836, 53.387315, 3.353603 ], [ 6.452859, 53.387317, 3.356931 ], [ 6.452881, 53.387319, 3.368853 ], [ 6.452903, 53.387321, 3.385955 ], [ 6.452925, 53.387322, 3.405205 ], [ 6.452946, 53.387324, 3.437098 ], [ 6.452968, 53.387325, 3.468967 ], [ 6.452991, 53.387327, 3.502566 ], [ 6.453015, 53.387328, 3.531734 ], [ 6.453037, 53.38733, 3.561777 ], [ 6.453059, 53.387331, 3.594743 ], [ 6.453082, 53.387333, 3.621744 ], [ 6.453106, 53.387334, 3.6288 ], [ 6.453128, 53.387336, 3.63156 ], [ 6.453151, 53.387339, 3.637254 ], [ 6.453175, 53.387341, 3.633124 ], [ 6.453199, 53.387343, 3.622089 ], [ 6.453222, 53.387346, 3.617613 ], [ 6.453245, 53.387348, 3.622155 ], [ 6.453269, 53.387351, 3.627946 ], [ 6.453292, 53.387353, 3.61885 ], [ 6.453316, 53.387356, 3.616989 ], [ 6.45334, 53.387358, 3.61476 ], [ 6.453364, 53.387361, 3.615054 ], [ 6.453388, 53.387363, 3.63095 ], [ 6.453411, 53.387365, 3.640752 ], [ 6.453433, 53.387366, 3.660629 ], [ 6.453456, 53.387367, 3.686506 ], [ 6.453479, 53.387369, 3.717822 ], [ 6.453501, 53.38737, 3.738736 ], [ 6.453524, 53.387372, 3.743172 ], [ 6.453547, 53.387373, 3.755917 ], [ 6.453571, 53.387376, 3.762821 ], [ 6.453593, 53.387378, 3.768594 ], [ 6.453616, 53.38738, 3.77416 ], [ 6.453639, 53.387383, 3.768672 ], [ 6.45366, 53.387385, 3.764739 ], [ 6.453683, 53.387387, 3.766101 ], [ 6.453705, 53.387388, 3.757538 ], [ 6.453728, 53.38739, 3.750709 ], [ 6.45375, 53.387393, 3.743163 ], [ 6.453771, 53.387396, 3.735869 ], [ 6.453795, 53.387399, 3.722738 ], [ 6.45382, 53.387402, 3.707943 ], [ 6.453845, 53.387405, 3.692495 ], [ 6.453868, 53.387408, 3.684038 ], [ 6.453892, 53.387409, 3.682423 ], [ 6.453916, 53.38741, 3.671285 ], [ 6.45394, 53.387411, 3.667954 ], [ 6.453963, 53.387412, 3.667162 ], [ 6.453987, 53.387413, 3.650663 ], [ 6.454011, 53.387415, 3.637842 ], [ 6.454035, 53.387416, 3.627365 ], [ 6.454059, 53.387417, 3.616839 ], [ 6.454083, 53.387418, 3.61519 ], [ 6.454108, 53.387421, 3.615163 ], [ 6.454131, 53.387424, 3.614423 ], [ 6.454155, 53.387426, 3.614711 ], [ 6.45418, 53.387429, 3.611255 ], [ 6.454204, 53.387432, 3.61473 ], [ 6.454228, 53.387435, 3.620711 ], [ 6.454254, 53.387439, 3.629502 ], [ 6.454278, 53.387442, 3.638999 ], [ 6.454302, 53.387445, 3.648533 ], [ 6.454325, 53.387447, 3.661035 ], [ 6.454348, 53.387449, 3.670964 ], [ 6.45437, 53.387452, 3.683382 ], [ 6.454393, 53.387455, 3.705012 ], [ 6.454416, 53.387458, 3.724438 ], [ 6.454439, 53.387461, 3.746428 ], [ 6.454462, 53.387464, 3.76743 ], [ 6.454485, 53.387467, 3.790489 ], [ 6.454508, 53.38747, 3.808111 ], [ 6.454531, 53.387473, 3.82416 ], [ 6.454553, 53.387475, 3.855549 ], [ 6.454577, 53.387478, 3.883081 ], [ 6.454601, 53.38748, 3.90448 ], [ 6.454624, 53.387481, 3.922175 ], [ 6.454648, 53.387484, 3.923849 ], [ 6.45467, 53.387485, 3.909006 ], [ 6.454672, 53.387486, 3.882047 ], [ 6.454697, 53.387487, 3.839998 ], [ 6.454721, 53.387489, 3.796028 ], [ 6.454745, 53.387491, 3.750099 ], [ 6.454769, 53.387492, 3.695032 ], [ 6.454792, 53.387494, 3.627321 ], [ 6.454816, 53.387496, 3.55209 ], [ 6.454841, 53.387498, 3.470409 ], [ 6.454867, 53.3875, 3.383501 ], [ 6.454892, 53.387503, 3.285728 ], [ 6.454915, 53.387505, 3.206056 ], [ 6.454938, 53.387507, 3.127552 ], [ 6.454962, 53.387509, 3.056661 ], [ 6.454986, 53.38751, 2.980883 ], [ 6.455009, 53.387511, 2.924929 ], [ 6.455033, 53.387513, 2.889559 ], [ 6.455056, 53.387514, 2.864048 ], [ 6.455079, 53.387515, 2.837118 ], [ 6.455102, 53.387516, 2.841716 ], [ 6.455124, 53.387516, 2.848371 ], [ 6.455146, 53.387516, 2.859153 ], [ 6.455169, 53.387516, 2.878539 ], [ 6.455193, 53.387518, 2.90912 ], [ 6.455218, 53.387519, 2.952522 ], [ 6.455243, 53.387521, 3.010876 ], [ 6.455268, 53.387522, 3.071444 ], [ 6.455292, 53.387524, 3.130155 ], [ 6.455316, 53.387525, 3.184258 ], [ 6.455338, 53.387526, 3.239473 ], [ 6.455361, 53.387527, 3.289918 ], [ 6.455385, 53.387528, 3.33774 ], [ 6.455408, 53.387529, 3.359509 ], [ 6.455431, 53.38753, 3.380674 ], [ 6.455453, 53.387532, 3.378761 ], [ 6.455476, 53.387534, 3.378645 ], [ 6.4555, 53.387535, 3.381191 ], [ 6.455523, 53.387537, 3.392196 ], [ 6.455547, 53.38754, 3.389453 ], [ 6.455571, 53.387543, 3.393909 ], [ 6.455595, 53.387546, 3.408735 ], [ 6.455619, 53.387548, 3.42142 ], [ 6.455643, 53.387549, 3.442649 ], [ 6.455669, 53.387549, 3.483392 ], [ 6.455694, 53.38755, 3.539386 ], [ 6.455717, 53.387552, 3.608096 ], [ 6.455737, 53.387555, 3.688976 ], [ 6.455756, 53.387558, 3.766437 ], [ 6.455774, 53.387562, 3.84473 ], [ 6.455793, 53.387565, 3.902712 ], [ 6.455813, 53.387568, 3.949033 ], [ 6.455835, 53.387572, 3.988562 ], [ 6.455857, 53.387576, 4.021178 ], [ 6.455879, 53.38758, 4.046187 ], [ 6.455899, 53.387584, 4.072021 ], [ 6.455917, 53.387588, 4.078238 ], [ 6.455936, 53.387592, 4.081248 ], [ 6.455958, 53.387596, 4.048856 ], [ 6.455981, 53.387599, 3.999639 ], [ 6.456003, 53.3876, 3.942399 ], [ 6.456023, 53.387602, 3.863617 ], [ 6.456042, 53.387603, 3.828761 ], [ 6.456044, 53.387603, 3.839955 ], [ 6.456064, 53.387606, 3.780522 ], [ 6.456085, 53.387609, 3.703343 ], [ 6.456107, 53.387611, 3.612525 ], [ 6.456128, 53.387615, 3.51706 ], [ 6.45615, 53.387618, 3.42686 ], [ 6.456174, 53.387621, 3.346258 ], [ 6.4562, 53.387623, 3.265997 ], [ 6.456225, 53.387626, 3.177699 ], [ 6.45625, 53.387629, 3.088431 ], [ 6.456273, 53.387631, 2.993351 ], [ 6.456296, 53.387634, 2.905564 ], [ 6.456318, 53.387635, 2.827524 ], [ 6.456341, 53.387636, 2.754124 ], [ 6.456365, 53.387638, 2.699714 ], [ 6.456389, 53.387641, 2.659474 ], [ 6.456412, 53.387645, 2.610696 ], [ 6.456435, 53.38765, 2.583102 ], [ 6.456456, 53.387655, 2.563269 ], [ 6.456477, 53.38766, 2.530855 ], [ 6.456495, 53.387666, 2.50344 ], [ 6.456512, 53.387671, 2.493559 ], [ 6.456529, 53.387676, 2.483869 ], [ 6.456545, 53.387681, 2.474754 ], [ 6.456563, 53.387687, 2.459618 ], [ 6.456583, 53.387694, 2.467621 ], [ 6.456605, 53.387701, 2.513493 ], [ 6.456625, 53.387707, 2.544857 ], [ 6.456644, 53.387713, 2.561303 ], [ 6.456661, 53.387718, 2.555197 ], [ 6.456675, 53.387722, 2.547972 ], [ 6.456677, 53.387723, 2.541616 ], [ 6.456692, 53.387727, 2.545767 ], [ 6.456708, 53.387733, 2.564136 ], [ 6.456724, 53.38774, 2.580658 ], [ 6.456739, 53.387747, 2.603055 ], [ 6.456754, 53.387755, 2.616539 ], [ 6.456769, 53.387763, 2.610678 ], [ 6.456785, 53.38777, 2.59449 ], [ 6.456802, 53.387777, 2.577154 ], [ 6.45682, 53.387785, 2.598559 ], [ 6.456837, 53.387792, 2.616113 ], [ 6.456853, 53.387799, 2.634293 ], [ 6.456867, 53.387805, 2.673397 ], [ 6.45688, 53.387811, 2.693506 ], [ 6.456895, 53.387816, 2.708881 ], [ 6.45691, 53.387821, 2.72314 ], [ 6.456924, 53.387825, 2.735664 ], [ 6.45694, 53.38783, 2.757238 ], [ 6.456957, 53.387834, 2.77636 ], [ 6.456974, 53.387837, 2.804044 ], [ 6.456993, 53.387839, 2.84705 ], [ 6.457014, 53.387841, 2.895292 ], [ 6.457035, 53.387844, 2.920264 ], [ 6.457054, 53.387847, 2.939151 ], [ 6.457074, 53.387849, 2.943511 ], [ 6.457094, 53.387851, 2.945583 ], [ 6.457117, 53.387851, 2.950326 ], [ 6.45714, 53.387851, 2.949286 ], [ 6.457163, 53.38785, 2.950305 ], [ 6.457187, 53.38785, 2.946559 ], [ 6.457211, 53.387851, 2.94025 ], [ 6.457234, 53.387851, 2.938593 ], [ 6.457257, 53.38785, 2.93574 ], [ 6.457279, 53.387849, 2.930499 ], [ 6.4573, 53.387847, 2.929106 ], [ 6.457321, 53.387845, 2.932988 ], [ 6.457342, 53.387843, 2.933929 ], [ 6.457364, 53.387839, 2.938721 ], [ 6.457387, 53.387835, 2.949259 ], [ 6.45741, 53.387832, 2.964575 ], [ 6.457433, 53.38783, 2.985315 ], [ 6.457457, 53.387829, 3.013151 ], [ 6.45748, 53.387829, 3.043958 ], [ 6.457502, 53.387828, 3.081232 ], [ 6.457525, 53.387828, 3.121775 ], [ 6.45755, 53.387828, 3.166354 ], [ 6.457574, 53.387828, 3.213677 ], [ 6.457598, 53.387827, 3.255014 ], [ 6.457621, 53.387826, 3.301484 ], [ 6.457645, 53.387826, 3.349278 ], [ 6.457669, 53.387825, 3.384641 ], [ 6.457693, 53.387825, 3.406201 ], [ 6.457718, 53.387825, 3.419 ], [ 6.457741, 53.387825, 3.431777 ], [ 6.457764, 53.387825, 3.429759 ], [ 6.457786, 53.387825, 3.418909 ], [ 6.457808, 53.387825, 3.392677 ], [ 6.457828, 53.387825, 3.368701 ], [ 6.457846, 53.387823, 3.354345 ], [ 6.457863, 53.38782, 3.343782 ], [ 6.457875, 53.387816, 3.312749 ], [ 6.457883, 53.387809, 3.277303 ], [ 6.457889, 53.387799, 3.238451 ], [ 6.457892, 53.387786, 3.192661 ], [ 6.457891, 53.387772, 3.139916 ], [ 6.457884, 53.387759, 3.081065 ], [ 6.457869, 53.387746, 3.038634 ], [ 6.457849, 53.387734, 2.997665 ], [ 6.457827, 53.387722, 2.944246 ], [ 6.457806, 53.38771, 2.896207 ], [ 6.457786, 53.387699, 2.844809 ], [ 6.457768, 53.387687, 2.799213 ], [ 6.45775, 53.387675, 2.755387 ], [ 6.457734, 53.387661, 2.716277 ], [ 6.457719, 53.387647, 2.673911 ], [ 6.457706, 53.387633, 2.631017 ], [ 6.457697, 53.387619, 2.610425 ], [ 6.45769, 53.387606, 2.616739 ], [ 6.457684, 53.387593, 2.632143 ], [ 6.45768, 53.387581, 2.663213 ], [ 6.457676, 53.387568, 2.711301 ], [ 6.457673, 53.387555, 2.788563 ], [ 6.457672, 53.387541, 2.861959 ], [ 6.457673, 53.387527, 2.941643 ], [ 6.457676, 53.387513, 3.017073 ], [ 6.45768, 53.387499, 3.082121 ], [ 6.457685, 53.387485, 3.132827 ], [ 6.457691, 53.387471, 3.186685 ], [ 6.457698, 53.387456, 3.254721 ], [ 6.457703, 53.387443, 3.275198 ], [ 6.457709, 53.387431, 3.283144 ], [ 6.457714, 53.38742, 3.289998 ], [ 6.45772, 53.387408, 3.290324 ], [ 6.457725, 53.387397, 3.287363 ], [ 6.45773, 53.387386, 3.27698 ], [ 6.457735, 53.387376, 3.256319 ], [ 6.457738, 53.387365, 3.22658 ], [ 6.457741, 53.387354, 3.209075 ], [ 6.457745, 53.387342, 3.197386 ], [ 6.457748, 53.387331, 3.185611 ], [ 6.457751, 53.387319, 3.170497 ], [ 6.457754, 53.387307, 3.181856 ], [ 6.457757, 53.387294, 3.178776 ], [ 6.457759, 53.387281, 3.186506 ], [ 6.457761, 53.387267, 3.181242 ], [ 6.457763, 53.387253, 3.186568 ], [ 6.457764, 53.387239, 3.201916 ], [ 6.457765, 53.387225, 3.218918 ], [ 6.457767, 53.387209, 3.253035 ], [ 6.457771, 53.387194, 3.298919 ], [ 6.457776, 53.387178, 3.358174 ], [ 6.457783, 53.387162, 3.422854 ], [ 6.45779, 53.387149, 3.488027 ], [ 6.457796, 53.387135, 3.56367 ], [ 6.457801, 53.387123, 3.638693 ], [ 6.457804, 53.387109, 3.748821 ], [ 6.457806, 53.387095, 3.82184 ], [ 6.457807, 53.38708, 3.926525 ], [ 6.45781, 53.387065, 4.001197 ], [ 6.457815, 53.387049, 4.09185 ], [ 6.45782, 53.387033, 4.156377 ], [ 6.457827, 53.387018, 4.211511 ], [ 6.457834, 53.387004, 4.260441 ], [ 6.457843, 53.38699, 4.286674 ], [ 6.457854, 53.386977, 4.256294 ], [ 6.457866, 53.386963, 4.246474 ], [ 6.457878, 53.38695, 4.208603 ], [ 6.45789, 53.386939, 4.163613 ], [ 6.457901, 53.38693, 4.105182 ], [ 6.457911, 53.386922, 4.070119 ], [ 6.457921, 53.386916, 4.007929 ], [ 6.457932, 53.386909, 3.929236 ], [ 6.457941, 53.386902, 3.843884 ], [ 6.457949, 53.386895, 3.760492 ], [ 6.457954, 53.386889, 3.669829 ], [ 6.457957, 53.386882, 3.582528 ], [ 6.45796, 53.386876, 3.496405 ], [ 6.457962, 53.386869, 3.413541 ], [ 6.457966, 53.386862, 3.335166 ], [ 6.45797, 53.386855, 3.274356 ], [ 6.457973, 53.386849, 3.223789 ], [ 6.457976, 53.386844, 3.164261 ], [ 6.457979, 53.386839, 3.125014 ], [ 6.457981, 53.386834, 3.08465 ], [ 6.457983, 53.386831, 3.048503 ], [ 6.457985, 53.386828, 3.024533 ], [ 6.457987, 53.386826, 3.02171 ], [ 6.457989, 53.386824, 3.022503 ], [ 6.457991, 53.386822, 3.022398 ], [ 6.457993, 53.386818, 3.03017 ], [ 6.457993, 53.386812, 3.032819 ], [ 6.457993, 53.386804, 3.037409 ], [ 6.457993, 53.386793, 3.049788 ], [ 6.457992, 53.386781, 3.063723 ], [ 6.45799, 53.386772, 3.066644 ], [ 6.457986, 53.386765, 3.09133 ], [ 6.457981, 53.386761, 3.107195 ], [ 6.457975, 53.386759, 3.12342 ], [ 6.457969, 53.38676, 3.155782 ], [ 6.457963, 53.386761, 3.189039 ], [ 6.457958, 53.386764, 3.22095 ], [ 6.457953, 53.386766, 3.243548 ], [ 6.457948, 53.386768, 3.25585 ], [ 6.457941, 53.38677, 3.272755 ], [ 6.457932, 53.386771, 3.278597 ], [ 6.457919, 53.386771, 3.291309 ], [ 6.457902, 53.38677, 3.294952 ], [ 6.457881, 53.386769, 3.303184 ], [ 6.457857, 53.386768, 3.330107 ], [ 6.457831, 53.386767, 3.357262 ], [ 6.457806, 53.386767, 3.379368 ], [ 6.457781, 53.386767, 3.398266 ], [ 6.457754, 53.386767, 3.423249 ], [ 6.457726, 53.386768, 3.446202 ], [ 6.457699, 53.386768, 3.476999 ], [ 6.457674, 53.386768, 3.510669 ], [ 6.457651, 53.386768, 3.547726 ], [ 6.457628, 53.386767, 3.591457 ], [ 6.457605, 53.386765, 3.610197 ], [ 6.457584, 53.386764, 3.6265 ], [ 6.457565, 53.386763, 3.642032 ], [ 6.45755, 53.386764, 3.644035 ], [ 6.45754, 53.386765, 3.646219 ], [ 6.457532, 53.386766, 3.635988 ], [ 6.457525, 53.386766, 3.634385 ], [ 6.457514, 53.386765, 3.603843 ], [ 6.4575, 53.386763, 3.574391 ], [ 6.457482, 53.386761, 3.520675 ], [ 6.457464, 53.386759, 3.460046 ], [ 6.457445, 53.386759, 3.388773 ], [ 6.457425, 53.386758, 3.316687 ], [ 6.457406, 53.386757, 3.256731 ], [ 6.457386, 53.386757, 3.20408 ], [ 6.457368, 53.386757, 3.181947 ], [ 6.457353, 53.386757, 3.146018 ], [ 6.45734, 53.386757, 3.096792 ], [ 6.457325, 53.386756, 3.061239 ], [ 6.457308, 53.386756, 3.033989 ], [ 6.457288, 53.386756, 2.999087 ], [ 6.457264, 53.386754, 2.970777 ], [ 6.457239, 53.386753, 2.970297 ], [ 6.457216, 53.38675, 2.968418 ], [ 6.457193, 53.386748, 2.951289 ], [ 6.45717, 53.386745, 2.935656 ], [ 6.457149, 53.386743, 2.923694 ], [ 6.45713, 53.386741, 2.915339 ], [ 6.45711, 53.38674, 2.907427 ], [ 6.457088, 53.386739, 2.897261 ], [ 6.457066, 53.386738, 2.902476 ], [ 6.457044, 53.386736, 2.901804 ], [ 6.457021, 53.386733, 2.886506 ], [ 6.456997, 53.386731, 2.840463 ], [ 6.456975, 53.386729, 2.787419 ], [ 6.456953, 53.386728, 2.758418 ], [ 6.456933, 53.386726, 2.726677 ], [ 6.456915, 53.386724, 2.697822 ], [ 6.456899, 53.386721, 2.670004 ], [ 6.456884, 53.386716, 2.628973 ], [ 6.45687, 53.386709, 2.585551 ], [ 6.456859, 53.386699, 2.541009 ], [ 6.456851, 53.386688, 2.503804 ], [ 6.456846, 53.386676, 2.468776 ], [ 6.456847, 53.386666, 2.43222 ], [ 6.456852, 53.386659, 2.406017 ], [ 6.456862, 53.386654, 2.377115 ], [ 6.45687, 53.386651, 2.343897 ], [ 6.456877, 53.38665, 2.320184 ], [ 6.45688, 53.386649, 2.298691 ], [ 6.456882, 53.386649, 2.320877 ], [ 6.456884, 53.386649, 2.32127 ], [ 6.456885, 53.386648, 2.321977 ], [ 6.456886, 53.386648, 2.324144 ], [ 6.456887, 53.386647, 2.325832 ], [ 6.456889, 53.386647, 2.32789 ], [ 6.456889, 53.386646, 2.330659 ], [ 6.45689, 53.386645, 2.333746 ], [ 6.45689, 53.386643, 2.336566 ], [ 6.45689, 53.386641, 2.338195 ], [ 6.456889, 53.38664, 2.337479 ], [ 6.456889, 53.386638, 2.333599 ], [ 6.456889, 53.386639, 2.32663 ], [ 6.456889, 53.386639, 2.320225 ], [ 6.456889, 53.386639, 2.312703 ], [ 6.45689, 53.38664, 2.304756 ], [ 6.45689, 53.38664, 2.282874 ], [ 6.45689, 53.38664, 2.270272 ], [ 6.45689, 53.38664, 2.256492 ], [ 6.45689, 53.386641, 2.2455 ], [ 6.45689, 53.386641, 2.262924 ], [ 6.456889, 53.386642, 2.262168 ], [ 6.456889, 53.386642, 2.259146 ], [ 6.456889, 53.386643, 2.2831 ], [ 6.456888, 53.386644, 2.303739 ], [ 6.456888, 53.386646, 2.320204 ], [ 6.456888, 53.386648, 2.340062 ], [ 6.456887, 53.38665, 2.3675 ], [ 6.456887, 53.386652, 2.401612 ], [ 6.456886, 53.386652, 2.430281 ], [ 6.456883, 53.386649, 2.46307 ], [ 6.456877, 53.386643, 2.499221 ], [ 6.45687, 53.386633, 2.529829 ], [ 6.456865, 53.386621, 2.553183 ], [ 6.456862, 53.386607, 2.567632 ], [ 6.456864, 53.386592, 2.580878 ], [ 6.456868, 53.386577, 2.586174 ], [ 6.456873, 53.386563, 2.585325 ], [ 6.45688, 53.386548, 2.576607 ], [ 6.456886, 53.386534, 2.568526 ], [ 6.456891, 53.386519, 2.563766 ], [ 6.456896, 53.386506, 2.54949 ], [ 6.456901, 53.386493, 2.532034 ], [ 6.456905, 53.386479, 2.518777 ], [ 6.456909, 53.386465, 2.506263 ], [ 6.456913, 53.386451, 2.493815 ], [ 6.456917, 53.386437, 2.486509 ], [ 6.456921, 53.386422, 2.481575 ], [ 6.456924, 53.386408, 2.478478 ], [ 6.456927, 53.386394, 2.480021 ], [ 6.456929, 53.38638, 2.488309 ], [ 6.456931, 53.386366, 2.500098 ], [ 6.456932, 53.386351, 2.513709 ], [ 6.456935, 53.386338, 2.521912 ], [ 6.456939, 53.386324, 2.528887 ], [ 6.456944, 53.38631, 2.537437 ], [ 6.456949, 53.386296, 2.541581 ], [ 6.456954, 53.386283, 2.550233 ], [ 6.456958, 53.386269, 2.566826 ], [ 6.456962, 53.386255, 2.573429 ], [ 6.456966, 53.386241, 2.58511 ], [ 6.45697, 53.386227, 2.600802 ], [ 6.456974, 53.386213, 2.618338 ], [ 6.456978, 53.3862, 2.630162 ], [ 6.456982, 53.386186, 2.645554 ], [ 6.456986, 53.386172, 2.657325 ], [ 6.45699, 53.386157, 2.670743 ], [ 6.456994, 53.386143, 2.685368 ], [ 6.456997, 53.386129, 2.696458 ], [ 6.457, 53.386115, 2.701374 ], [ 6.457003, 53.386101, 2.706731 ], [ 6.457007, 53.386087, 2.708544 ], [ 6.457011, 53.386073, 2.704068 ], [ 6.457015, 53.38606, 2.705807 ], [ 6.457019, 53.386046, 2.703887 ], [ 6.457023, 53.386032, 2.702002 ], [ 6.457027, 53.386018, 2.704838 ], [ 6.45703, 53.386004, 2.710722 ], [ 6.457033, 53.385991, 2.720435 ], [ 6.457035, 53.385977, 2.72411 ], [ 6.457038, 53.385963, 2.740777 ], [ 6.457042, 53.385949, 2.758803 ], [ 6.457046, 53.385935, 2.784301 ], [ 6.45705, 53.385921, 2.811432 ], [ 6.457054, 53.385907, 2.84468 ], [ 6.457057, 53.385892, 2.874299 ], [ 6.45706, 53.385877, 2.908925 ], [ 6.457063, 53.385863, 2.952021 ], [ 6.457066, 53.385848, 3.000433 ], [ 6.457069, 53.385833, 3.044161 ], [ 6.457072, 53.385818, 3.086695 ], [ 6.457075, 53.385803, 3.125832 ], [ 6.457076, 53.385788, 3.162519 ], [ 6.457077, 53.385773, 3.203701 ], [ 6.457078, 53.385759, 3.247922 ], [ 6.457079, 53.385745, 3.292158 ], [ 6.457081, 53.385732, 3.333812 ], [ 6.457085, 53.385718, 3.379565 ], [ 6.457088, 53.385705, 3.422746 ], [ 6.457091, 53.385691, 3.466081 ], [ 6.457095, 53.385678, 3.511675 ], [ 6.457099, 53.385665, 3.5563 ], [ 6.457105, 53.385652, 3.594789 ], [ 6.457109, 53.385639, 3.625301 ], [ 6.457113, 53.385626, 3.654285 ], [ 6.457115, 53.385612, 3.675019 ], [ 6.457118, 53.385599, 3.697425 ], [ 6.457121, 53.385586, 3.711067 ], [ 6.457125, 53.385573, 3.72243 ], [ 6.457129, 53.38556, 3.728862 ], [ 6.457133, 53.385547, 3.72545 ], [ 6.457138, 53.385535, 3.720404 ], [ 6.457142, 53.385523, 3.706962 ], [ 6.457146, 53.385511, 3.67902 ], [ 6.45715, 53.385498, 3.648123 ], [ 6.457154, 53.385486, 3.614715 ], [ 6.457157, 53.385473, 3.568975 ], [ 6.457161, 53.38546, 3.522985 ], [ 6.457163, 53.385448, 3.474498 ], [ 6.457167, 53.385435, 3.434463 ], [ 6.45717, 53.385423, 3.409106 ], [ 6.457173, 53.385411, 3.37595 ], [ 6.457177, 53.3854, 3.342373 ], [ 6.457182, 53.385389, 3.313122 ], [ 6.457187, 53.385377, 3.271565 ], [ 6.457192, 53.385366, 3.223462 ], [ 6.457198, 53.385353, 3.163692 ], [ 6.457202, 53.385341, 3.102121 ], [ 6.457205, 53.385328, 3.036453 ], [ 6.457206, 53.385315, 2.980752 ], [ 6.457206, 53.385302, 2.91489 ], [ 6.457205, 53.38529, 2.855406 ], [ 6.457204, 53.385278, 2.792734 ], [ 6.457205, 53.385267, 2.723554 ], [ 6.457207, 53.385256, 2.651842 ], [ 6.45721, 53.385247, 2.575583 ], [ 6.457213, 53.385237, 2.506323 ], [ 6.457217, 53.385225, 2.440246 ], [ 6.457222, 53.385213, 2.393182 ], [ 6.457227, 53.3852, 2.346804 ], [ 6.457232, 53.385187, 2.312016 ], [ 6.457237, 53.385173, 2.289991 ], [ 6.457242, 53.38516, 2.264212 ], [ 6.457246, 53.385146, 2.253344 ], [ 6.45725, 53.385133, 2.252452 ], [ 6.457254, 53.385119, 2.257019 ], [ 6.457258, 53.385105, 2.267544 ], [ 6.457263, 53.385092, 2.285208 ], [ 6.457267, 53.385078, 2.302239 ], [ 6.457271, 53.385064, 2.316802 ], [ 6.457274, 53.385051, 2.331969 ], [ 6.457278, 53.385037, 2.344277 ], [ 6.457281, 53.385024, 2.365312 ], [ 6.457285, 53.385011, 2.383212 ], [ 6.457288, 53.384998, 2.402917 ], [ 6.45729, 53.384985, 2.414765 ], [ 6.457293, 53.384971, 2.436235 ], [ 6.457296, 53.384957, 2.452809 ], [ 6.457298, 53.384944, 2.471999 ], [ 6.457301, 53.38493, 2.492865 ], [ 6.457305, 53.384917, 2.514774 ], [ 6.457308, 53.384903, 2.539874 ], [ 6.45731, 53.38489, 2.566406 ], [ 6.457312, 53.384877, 2.594962 ], [ 6.457314, 53.384863, 2.624215 ], [ 6.457317, 53.38485, 2.659533 ], [ 6.45732, 53.384836, 2.691836 ], [ 6.457323, 53.384823, 2.724301 ], [ 6.457327, 53.38481, 2.758142 ], [ 6.457331, 53.384797, 2.788708 ], [ 6.457334, 53.384783, 2.816825 ], [ 6.457337, 53.38477, 2.849299 ], [ 6.45734, 53.384757, 2.871019 ], [ 6.457343, 53.384743, 2.898159 ], [ 6.457347, 53.38473, 2.910044 ], [ 6.457351, 53.384717, 2.93085 ], [ 6.457355, 53.384704, 2.948105 ], [ 6.457358, 53.384691, 2.966732 ], [ 6.457362, 53.384678, 2.979962 ], [ 6.457364, 53.384665, 2.98613 ], [ 6.457367, 53.384652, 2.999578 ], [ 6.45737, 53.384639, 3.011538 ], [ 6.457373, 53.384626, 3.020971 ], [ 6.457376, 53.384612, 3.031363 ], [ 6.457379, 53.384599, 3.039282 ], [ 6.457382, 53.384586, 3.049844 ], [ 6.457385, 53.384573, 3.056565 ], [ 6.457388, 53.384559, 3.063597 ], [ 6.457391, 53.384545, 3.072244 ], [ 6.457396, 53.384532, 3.08086 ], [ 6.4574, 53.384518, 3.094553 ], [ 6.457404, 53.384505, 3.100212 ], [ 6.457408, 53.384492, 3.096673 ], [ 6.457411, 53.384478, 3.103208 ], [ 6.457414, 53.384465, 3.112539 ], [ 6.457417, 53.384452, 3.124862 ], [ 6.457421, 53.384438, 3.123585 ], [ 6.457424, 53.384424, 3.123344 ], [ 6.457428, 53.384411, 3.117325 ], [ 6.457433, 53.384398, 3.106883 ], [ 6.457436, 53.384385, 3.091924 ], [ 6.457439, 53.384372, 3.072694 ], [ 6.45744, 53.38436, 3.050157 ], [ 6.457442, 53.384347, 3.021356 ], [ 6.457446, 53.384335, 2.991951 ], [ 6.457451, 53.384323, 2.952791 ], [ 6.457456, 53.38431, 2.922134 ], [ 6.45746, 53.384297, 2.891222 ], [ 6.457464, 53.384283, 2.864978 ], [ 6.457467, 53.384269, 2.835816 ], [ 6.45747, 53.384255, 2.806685 ], [ 6.457472, 53.384241, 2.776001 ], [ 6.457475, 53.384227, 2.746708 ], [ 6.457478, 53.384214, 2.72608 ], [ 6.457482, 53.384201, 2.712758 ], [ 6.457486, 53.384187, 2.706335 ], [ 6.457489, 53.384174, 2.704937 ], [ 6.457492, 53.38416, 2.702657 ], [ 6.457495, 53.384147, 2.70167 ], [ 6.457498, 53.384134, 2.70477 ], [ 6.457501, 53.384121, 2.713091 ], [ 6.457504, 53.384108, 2.719994 ], [ 6.457506, 53.384094, 2.733839 ], [ 6.457509, 53.384081, 2.748153 ], [ 6.457512, 53.384068, 2.767767 ], [ 6.457516, 53.384054, 2.785034 ], [ 6.457519, 53.384041, 2.804111 ], [ 6.457523, 53.384027, 2.821328 ], [ 6.457527, 53.384014, 2.839309 ], [ 6.457531, 53.384001, 2.845461 ], [ 6.457535, 53.383987, 2.853519 ], [ 6.457538, 53.383974, 2.857445 ], [ 6.457541, 53.383961, 2.859017 ], [ 6.457544, 53.383948, 2.858822 ], [ 6.457547, 53.383935, 2.859766 ], [ 6.45755, 53.383921, 2.85156 ], [ 6.457554, 53.383908, 2.841271 ], [ 6.457558, 53.383896, 2.819494 ], [ 6.457562, 53.383883, 2.797601 ], [ 6.457567, 53.38387, 2.765981 ], [ 6.457571, 53.383857, 2.744469 ], [ 6.457575, 53.383844, 2.716749 ], [ 6.457578, 53.383832, 2.691159 ], [ 6.457582, 53.383819, 2.672285 ], [ 6.457586, 53.383806, 2.6479 ], [ 6.457589, 53.383793, 2.627763 ], [ 6.457594, 53.383781, 2.613636 ], [ 6.457599, 53.383768, 2.602607 ], [ 6.457603, 53.383755, 2.605149 ], [ 6.457607, 53.383742, 2.608191 ], [ 6.457611, 53.383729, 2.619272 ], [ 6.457615, 53.383715, 2.6328 ], [ 6.45762, 53.383701, 2.637151 ], [ 6.457625, 53.383688, 2.6507 ], [ 6.45763, 53.383674, 2.663442 ], [ 6.457635, 53.38366, 2.699077 ], [ 6.45764, 53.383646, 2.733302 ], [ 6.457646, 53.383632, 2.765557 ], [ 6.457652, 53.383618, 2.795736 ], [ 6.457657, 53.383604, 2.823302 ], [ 6.457663, 53.383591, 2.856815 ], [ 6.457667, 53.383577, 2.884762 ], [ 6.45767, 53.383564, 2.911977 ], [ 6.457673, 53.38355, 2.939651 ], [ 6.457674, 53.383536, 2.963879 ], [ 6.457675, 53.383521, 2.991774 ], [ 6.457676, 53.383507, 3.012314 ], [ 6.457677, 53.383493, 3.031574 ], [ 6.45768, 53.383479, 3.047655 ], [ 6.457684, 53.383466, 3.063191 ], [ 6.457688, 53.383452, 3.075821 ], [ 6.457692, 53.383438, 3.088798 ], [ 6.457696, 53.383424, 3.102076 ], [ 6.4577, 53.38341, 3.114798 ], [ 6.457704, 53.383396, 3.131922 ], [ 6.457707, 53.383382, 3.14751 ], [ 6.457712, 53.383368, 3.161859 ], [ 6.457717, 53.383355, 3.180412 ], [ 6.457722, 53.383341, 3.197108 ], [ 6.457726, 53.383328, 3.21713 ], [ 6.457729, 53.383314, 3.236671 ], [ 6.457733, 53.3833, 3.251437 ], [ 6.457736, 53.383286, 3.264118 ], [ 6.457739, 53.383272, 3.269354 ], [ 6.457743, 53.383259, 3.27053 ], [ 6.457747, 53.383245, 3.268057 ], [ 6.457751, 53.383231, 3.26267 ], [ 6.457755, 53.383217, 3.251228 ], [ 6.457758, 53.383203, 3.230068 ], [ 6.457762, 53.383189, 3.204664 ], [ 6.457765, 53.383176, 3.165844 ], [ 6.457767, 53.383163, 3.124024 ], [ 6.45777, 53.38315, 3.078622 ], [ 6.457772, 53.383137, 3.029288 ], [ 6.457775, 53.383125, 2.978997 ], [ 6.457777, 53.383113, 2.920118 ], [ 6.45778, 53.3831, 2.862419 ], [ 6.457783, 53.383088, 2.804355 ], [ 6.457787, 53.383075, 2.74464 ], [ 6.457792, 53.383062, 2.6802 ], [ 6.457795, 53.383049, 2.621418 ], [ 6.457799, 53.383036, 2.563946 ], [ 6.457803, 53.383022, 2.514946 ], [ 6.457806, 53.383009, 2.470288 ], [ 6.457809, 53.382995, 2.435447 ], [ 6.457813, 53.382981, 2.410829 ], [ 6.457816, 53.382967, 2.389543 ], [ 6.45782, 53.382953, 2.379247 ], [ 6.457825, 53.382938, 2.368167 ], [ 6.457829, 53.382924, 2.3657 ], [ 6.457833, 53.382909, 2.370642 ], [ 6.457836, 53.382895, 2.379315 ], [ 6.457839, 53.38288, 2.394946 ], [ 6.457842, 53.382866, 2.420272 ], [ 6.457846, 53.382851, 2.449737 ], [ 6.45785, 53.382837, 2.485822 ], [ 6.457855, 53.382822, 2.521257 ], [ 6.457858, 53.382808, 2.55748 ], [ 6.457862, 53.382794, 2.5892 ], [ 6.457865, 53.38278, 2.615411 ], [ 6.457868, 53.382766, 2.638254 ], [ 6.457872, 53.382752, 2.65683 ], [ 6.457875, 53.382739, 2.673388 ], [ 6.457879, 53.382725, 2.688572 ], [ 6.457883, 53.382711, 2.718289 ], [ 6.457886, 53.382698, 2.748901 ], [ 6.457891, 53.382684, 2.776404 ], [ 6.457895, 53.382671, 2.796646 ], [ 6.4579, 53.382657, 2.815396 ], [ 6.457905, 53.382644, 2.827152 ], [ 6.45791, 53.38263, 2.837656 ], [ 6.457914, 53.382617, 2.844864 ], [ 6.457918, 53.382604, 2.848059 ], [ 6.457921, 53.38259, 2.854996 ], [ 6.457923, 53.382577, 2.851782 ], [ 6.457924, 53.382564, 2.840158 ], [ 6.457926, 53.382551, 2.819691 ], [ 6.457929, 53.382537, 2.79341 ], [ 6.457932, 53.382523, 2.759193 ], [ 6.457936, 53.382509, 2.714689 ], [ 6.45794, 53.382496, 2.671283 ], [ 6.457943, 53.382482, 2.624242 ], [ 6.457947, 53.382469, 2.5793 ], [ 6.457951, 53.382455, 2.534412 ], [ 6.457953, 53.382441, 2.500933 ], [ 6.457956, 53.382428, 2.468005 ], [ 6.457959, 53.382414, 2.446513 ], [ 6.457963, 53.3824, 2.425347 ], [ 6.457967, 53.382387, 2.409492 ], [ 6.457971, 53.382373, 2.397526 ], [ 6.457975, 53.382359, 2.392086 ], [ 6.457978, 53.382346, 2.39124 ], [ 6.457982, 53.382332, 2.393805 ], [ 6.457985, 53.382318, 2.401928 ], [ 6.457988, 53.382304, 2.409864 ], [ 6.457991, 53.382291, 2.416967 ], [ 6.457994, 53.382277, 2.424775 ], [ 6.457998, 53.382263, 2.429894 ], [ 6.458002, 53.38225, 2.432533 ], [ 6.458006, 53.382236, 2.43902 ], [ 6.45801, 53.382222, 2.445961 ], [ 6.458013, 53.382208, 2.455394 ], [ 6.458015, 53.382195, 2.461749 ], [ 6.458018, 53.382181, 2.471143 ], [ 6.458022, 53.382167, 2.474463 ], [ 6.458026, 53.382153, 2.481992 ], [ 6.458031, 53.382139, 2.490423 ], [ 6.458036, 53.382126, 2.503398 ], [ 6.458041, 53.382112, 2.52393 ], [ 6.458046, 53.382098, 2.550445 ], [ 6.45805, 53.382084, 2.583442 ], [ 6.458054, 53.382071, 2.610377 ], [ 6.458058, 53.382057, 2.641776 ], [ 6.458062, 53.382043, 2.670579 ], [ 6.458065, 53.38203, 2.702907 ], [ 6.458068, 53.382017, 2.735593 ], [ 6.45807, 53.382004, 2.769416 ], [ 6.458072, 53.381991, 2.803801 ], [ 6.458075, 53.381977, 2.832669 ], [ 6.458079, 53.381963, 2.856405 ], [ 6.458082, 53.381949, 2.876538 ], [ 6.458086, 53.381935, 2.889424 ], [ 6.45809, 53.381921, 2.903369 ], [ 6.458095, 53.381907, 2.915174 ], [ 6.458099, 53.381894, 2.926879 ], [ 6.458104, 53.38188, 2.934082 ], [ 6.458109, 53.381866, 2.94701 ], [ 6.458114, 53.381853, 2.95093 ], [ 6.45812, 53.381839, 2.956422 ], [ 6.458126, 53.381826, 2.957688 ], [ 6.458131, 53.381812, 2.955047 ], [ 6.458137, 53.381799, 2.956338 ], [ 6.458143, 53.381785, 2.958622 ], [ 6.458148, 53.381772, 2.95821 ], [ 6.458154, 53.381758, 2.957287 ], [ 6.458159, 53.381744, 2.952961 ], [ 6.458165, 53.381731, 2.952986 ], [ 6.458171, 53.381717, 2.946205 ], [ 6.458177, 53.381704, 2.931586 ], [ 6.458183, 53.381691, 2.913011 ], [ 6.45819, 53.381678, 2.889514 ], [ 6.458196, 53.381664, 2.87025 ], [ 6.458202, 53.381651, 2.841717 ], [ 6.458208, 53.381638, 2.812646 ], [ 6.458214, 53.381625, 2.798219 ], [ 6.45822, 53.381612, 2.778066 ], [ 6.458226, 53.381599, 2.763449 ], [ 6.458233, 53.381586, 2.746314 ], [ 6.45824, 53.381573, 2.730495 ], [ 6.458246, 53.38156, 2.718707 ], [ 6.458252, 53.381547, 2.710663 ], [ 6.458258, 53.381535, 2.699345 ], [ 6.458264, 53.381522, 2.693041 ], [ 6.458269, 53.381509, 2.694139 ], [ 6.458275, 53.381497, 2.69916 ], [ 6.45828, 53.381484, 2.705001 ], [ 6.458286, 53.381471, 2.707354 ], [ 6.458293, 53.381458, 2.712311 ], [ 6.458299, 53.381445, 2.716541 ], [ 6.458306, 53.381433, 2.727566 ], [ 6.458312, 53.38142, 2.73705 ], [ 6.458318, 53.381407, 2.750332 ], [ 6.458325, 53.381394, 2.775471 ], [ 6.458333, 53.381381, 2.793529 ], [ 6.458341, 53.381368, 2.811784 ], [ 6.458348, 53.381355, 2.82843 ], [ 6.458355, 53.381341, 2.847833 ], [ 6.458362, 53.381328, 2.868723 ], [ 6.458369, 53.381315, 2.879068 ], [ 6.458376, 53.381301, 2.893509 ], [ 6.458383, 53.381288, 2.905369 ], [ 6.45839, 53.381275, 2.924116 ], [ 6.458397, 53.381261, 2.933826 ], [ 6.458403, 53.381248, 2.94588 ], [ 6.45841, 53.381235, 2.947828 ], [ 6.458417, 53.381223, 2.943221 ], [ 6.458424, 53.38121, 2.932628 ], [ 6.458431, 53.381197, 2.917459 ], [ 6.458439, 53.381185, 2.90516 ], [ 6.458447, 53.381172, 2.892636 ], [ 6.458454, 53.381159, 2.884555 ], [ 6.458461, 53.381146, 2.871845 ], [ 6.458468, 53.381133, 2.869259 ], [ 6.458475, 53.38112, 2.86014 ], [ 6.458482, 53.381107, 2.854424 ], [ 6.458489, 53.381094, 2.845069 ], [ 6.458497, 53.381081, 2.841036 ], [ 6.458504, 53.381068, 2.83793 ], [ 6.458511, 53.381055, 2.836895 ], [ 6.458517, 53.381042, 2.837041 ], [ 6.458523, 53.381029, 2.845272 ], [ 6.458529, 53.381015, 2.844817 ], [ 6.458535, 53.381002, 2.843377 ], [ 6.45854, 53.380989, 2.836358 ], [ 6.458546, 53.380976, 2.835933 ], [ 6.458552, 53.380963, 2.834811 ], [ 6.45856, 53.38095, 2.834113 ], [ 6.458567, 53.380937, 2.823667 ], [ 6.458574, 53.380924, 2.812239 ], [ 6.45858, 53.380911, 2.799 ], [ 6.458585, 53.380898, 2.782548 ], [ 6.45859, 53.380885, 2.781503 ], [ 6.458594, 53.380873, 2.775961 ], [ 6.458595, 53.380872, 2.776011 ], [ 6.458601, 53.380859, 2.762306 ], [ 6.458608, 53.380846, 2.752605 ], [ 6.458616, 53.380834, 2.751989 ], [ 6.458623, 53.380821, 2.757653 ], [ 6.458631, 53.380808, 2.769885 ], [ 6.458638, 53.380794, 2.785719 ], [ 6.458645, 53.380781, 2.801479 ], [ 6.458651, 53.380768, 2.822197 ], [ 6.458656, 53.380754, 2.842785 ], [ 6.458659, 53.380741, 2.860307 ], [ 6.45866, 53.380727, 2.88082 ], [ 6.458661, 53.380714, 2.893905 ], [ 6.458664, 53.380701, 2.900574 ], [ 6.458671, 53.380688, 2.909031 ], [ 6.45868, 53.380675, 2.915249 ], [ 6.458689, 53.380663, 2.914563 ], [ 6.458698, 53.380651, 2.940287 ], [ 6.458708, 53.380638, 2.943026 ], [ 6.458718, 53.380626, 2.947373 ], [ 6.458729, 53.380613, 2.94406 ], [ 6.458738, 53.3806, 2.939879 ], [ 6.458747, 53.380588, 2.929089 ], [ 6.458756, 53.380575, 2.914158 ], [ 6.458764, 53.380562, 2.898649 ], [ 6.458771, 53.380549, 2.887605 ], [ 6.458779, 53.380537, 2.866826 ], [ 6.458785, 53.380524, 2.846207 ], [ 6.458791, 53.380511, 2.827173 ], [ 6.458797, 53.380498, 2.79632 ], [ 6.458804, 53.380485, 2.764535 ], [ 6.45881, 53.380472, 2.734212 ], [ 6.458818, 53.380459, 2.701644 ], [ 6.458825, 53.380447, 2.668748 ], [ 6.458832, 53.380434, 2.631381 ], [ 6.45884, 53.380421, 2.597088 ], [ 6.458846, 53.380408, 2.560665 ], [ 6.458853, 53.380395, 2.527014 ], [ 6.458859, 53.380382, 2.499086 ], [ 6.458866, 53.380369, 2.468121 ], [ 6.458872, 53.380356, 2.442498 ], [ 6.458879, 53.380343, 2.421651 ], [ 6.458886, 53.38033, 2.402166 ], [ 6.458892, 53.380317, 2.393442 ], [ 6.458899, 53.380304, 2.378724 ], [ 6.458904, 53.380291, 2.369777 ], [ 6.45891, 53.380278, 2.363091 ], [ 6.458916, 53.380265, 2.367443 ], [ 6.458923, 53.380252, 2.370854 ], [ 6.45893, 53.380239, 2.380277 ], [ 6.458937, 53.380226, 2.392804 ], [ 6.458944, 53.380213, 2.406526 ], [ 6.458951, 53.3802, 2.423362 ], [ 6.458958, 53.380187, 2.445685 ], [ 6.458965, 53.380174, 2.471942 ], [ 6.458972, 53.380161, 2.501881 ], [ 6.458979, 53.380148, 2.526944 ], [ 6.458986, 53.380135, 2.554383 ], [ 6.458993, 53.380122, 2.581667 ], [ 6.459, 53.380109, 2.616026 ], [ 6.459007, 53.380096, 2.649163 ], [ 6.459013, 53.380083, 2.68235 ], [ 6.45902, 53.380069, 2.723612 ], [ 6.459026, 53.380056, 2.759004 ], [ 6.459032, 53.380043, 2.787683 ], [ 6.459038, 53.38003, 2.81524 ], [ 6.459045, 53.380017, 2.84394 ], [ 6.459052, 53.380004, 2.865319 ], [ 6.459059, 53.379991, 2.883074 ], [ 6.459066, 53.379978, 2.895768 ], [ 6.459073, 53.379965, 2.902723 ], [ 6.45908, 53.379952, 2.916347 ], [ 6.459086, 53.379939, 2.923178 ], [ 6.459093, 53.379926, 2.920533 ], [ 6.4591, 53.379913, 2.915898 ], [ 6.459107, 53.3799, 2.916442 ], [ 6.459115, 53.379887, 2.910542 ], [ 6.459122, 53.379874, 2.905889 ], [ 6.459129, 53.379862, 2.909265 ], [ 6.459137, 53.379849, 2.912654 ], [ 6.459144, 53.379836, 2.91903 ], [ 6.459151, 53.379823, 2.926288 ], [ 6.459159, 53.379811, 2.93494 ], [ 6.459169, 53.379799, 2.948122 ], [ 6.459178, 53.379786, 2.960493 ], [ 6.459187, 53.379774, 2.972197 ], [ 6.459194, 53.379761, 2.979644 ], [ 6.459198, 53.379748, 2.991751 ], [ 6.459201, 53.379735, 3.0055 ], [ 6.459204, 53.379721, 3.017984 ], [ 6.459209, 53.379708, 3.038322 ], [ 6.459215, 53.379695, 3.046635 ], [ 6.459221, 53.379682, 3.061322 ], [ 6.459228, 53.379668, 3.069106 ], [ 6.459235, 53.379655, 3.078411 ], [ 6.459242, 53.379642, 3.08643 ], [ 6.459249, 53.379629, 3.096953 ], [ 6.459255, 53.379616, 3.110352 ], [ 6.459261, 53.379603, 3.121441 ], [ 6.459267, 53.379589, 3.128633 ], [ 6.459273, 53.379576, 3.128813 ], [ 6.459278, 53.379563, 3.130693 ], [ 6.459284, 53.37955, 3.125691 ], [ 6.45929, 53.379537, 3.118258 ], [ 6.459296, 53.379524, 3.111234 ], [ 6.459303, 53.379512, 3.108099 ], [ 6.45931, 53.379499, 3.11359 ], [ 6.459317, 53.379487, 3.120919 ], [ 6.459325, 53.379474, 3.134014 ], [ 6.459332, 53.379462, 3.150661 ], [ 6.45934, 53.37945, 3.163506 ], [ 6.459348, 53.379437, 3.180341 ], [ 6.459355, 53.379424, 3.199202 ], [ 6.459362, 53.379411, 3.216303 ], [ 6.459368, 53.379398, 3.237073 ], [ 6.459374, 53.379384, 3.259608 ], [ 6.459379, 53.37937, 3.274625 ], [ 6.459385, 53.379356, 3.2857 ], [ 6.459391, 53.379342, 3.294138 ], [ 6.459397, 53.379327, 3.297658 ], [ 6.459404, 53.379313, 3.301078 ], [ 6.459411, 53.379298, 3.295424 ], [ 6.459419, 53.379284, 3.272737 ], [ 6.459427, 53.37927, 3.245809 ], [ 6.459435, 53.379257, 3.208714 ], [ 6.459444, 53.379243, 3.160707 ], [ 6.459453, 53.37923, 3.103404 ], [ 6.459462, 53.379216, 3.044566 ], [ 6.45947, 53.379203, 2.983811 ], [ 6.459477, 53.379189, 2.924704 ], [ 6.459484, 53.379176, 2.862267 ], [ 6.459491, 53.379162, 2.800621 ], [ 6.459498, 53.37915, 2.738583 ], [ 6.459506, 53.379137, 2.678306 ], [ 6.459514, 53.379125, 2.617271 ], [ 6.459521, 53.379112, 2.561429 ], [ 6.459528, 53.379099, 2.499806 ], [ 6.459535, 53.379086, 2.444542 ], [ 6.459542, 53.379073, 2.394576 ], [ 6.45955, 53.379059, 2.355383 ], [ 6.459557, 53.379046, 2.32851 ], [ 6.459564, 53.379032, 2.307399 ], [ 6.459571, 53.379019, 2.292279 ], [ 6.459578, 53.379006, 2.281455 ], [ 6.459585, 53.378992, 2.268324 ], [ 6.459592, 53.378979, 2.261155 ], [ 6.459599, 53.378966, 2.247938 ], [ 6.459605, 53.378953, 2.236696 ], [ 6.459611, 53.378939, 2.229871 ], [ 6.459616, 53.378925, 2.226801 ], [ 6.459622, 53.378911, 2.219024 ], [ 6.459628, 53.378898, 2.210516 ], [ 6.459635, 53.378886, 2.196531 ], [ 6.459642, 53.378875, 2.180537 ], [ 6.459649, 53.378864, 2.162135 ], [ 6.459656, 53.378852, 2.138117 ], [ 6.459661, 53.37884, 2.104695 ], [ 6.459668, 53.378826, 2.067695 ], [ 6.459674, 53.378813, 2.029955 ], [ 6.459681, 53.378799, 1.992049 ], [ 6.459688, 53.378786, 1.946382 ], [ 6.459696, 53.378773, 1.911727 ], [ 6.459702, 53.378761, 1.881319 ], [ 6.459708, 53.378749, 1.857955 ], [ 6.459714, 53.378737, 1.827865 ], [ 6.45972, 53.378725, 1.808386 ], [ 6.459726, 53.378712, 1.788331 ], [ 6.459733, 53.3787, 1.780479 ], [ 6.459739, 53.378687, 1.778658 ], [ 6.459746, 53.378675, 1.788811 ], [ 6.459754, 53.378663, 1.804547 ], [ 6.459762, 53.378651, 1.814923 ], [ 6.459769, 53.378638, 1.827412 ], [ 6.459775, 53.378625, 1.833149 ], [ 6.459781, 53.378613, 1.83903 ], [ 6.459787, 53.3786, 1.841577 ], [ 6.459792, 53.378587, 1.839947 ], [ 6.459796, 53.378574, 1.837411 ], [ 6.459801, 53.378561, 1.828272 ], [ 6.459807, 53.378549, 1.823124 ], [ 6.459812, 53.378537, 1.816387 ], [ 6.459812, 53.378536, 1.817195 ], [ 6.459818, 53.378523, 1.804419 ], [ 6.459824, 53.378511, 1.791606 ], [ 6.459831, 53.378498, 1.791682 ], [ 6.459838, 53.378486, 1.790318 ], [ 6.459844, 53.378473, 1.782388 ], [ 6.459851, 53.37846, 1.778155 ], [ 6.459858, 53.378448, 1.769191 ], [ 6.459865, 53.378435, 1.762788 ], [ 6.459872, 53.378422, 1.756991 ], [ 6.45988, 53.37841, 1.752158 ], [ 6.459889, 53.378397, 1.751139 ], [ 6.459898, 53.378385, 1.750207 ], [ 6.459905, 53.378373, 1.749971 ], [ 6.459911, 53.378361, 1.749506 ], [ 6.459918, 53.378348, 1.750175 ], [ 6.459926, 53.378335, 1.746245 ], [ 6.459935, 53.378323, 1.74076 ], [ 6.459944, 53.37831, 1.737401 ], [ 6.459954, 53.378298, 1.740621 ], [ 6.459963, 53.378286, 1.746742 ], [ 6.459973, 53.378274, 1.748271 ], [ 6.459983, 53.378262, 1.753757 ], [ 6.459993, 53.378249, 1.755764 ], [ 6.460003, 53.378237, 1.756282 ], [ 6.460013, 53.378225, 1.754714 ], [ 6.460023, 53.378213, 1.758934 ], [ 6.460034, 53.378201, 1.766791 ], [ 6.460045, 53.37819, 1.780286 ], [ 6.460056, 53.378178, 1.801679 ], [ 6.460066, 53.378166, 1.824923 ], [ 6.460067, 53.378165, 1.832724 ], [ 6.460078, 53.378153, 1.849158 ], [ 6.460091, 53.378141, 1.864598 ], [ 6.460103, 53.378129, 1.876118 ], [ 6.460116, 53.378117, 1.887466 ], [ 6.460129, 53.378105, 1.900717 ], [ 6.460142, 53.378093, 1.9137 ], [ 6.460155, 53.378082, 1.927106 ], [ 6.460167, 53.37807, 1.940712 ], [ 6.460181, 53.378059, 1.942877 ], [ 6.460194, 53.378049, 1.951903 ], [ 6.460208, 53.378038, 1.951559 ], [ 6.460222, 53.378028, 1.954742 ], [ 6.460237, 53.378018, 1.953665 ], [ 6.460252, 53.378008, 1.954441 ], [ 6.460267, 53.377999, 1.960649 ], [ 6.460282, 53.377989, 1.969244 ], [ 6.460296, 53.377979, 1.974366 ], [ 6.46031, 53.377969, 1.986214 ], [ 6.460325, 53.37796, 1.994295 ], [ 6.460339, 53.37795, 2.003996 ], [ 6.460353, 53.377939, 2.011827 ], [ 6.460368, 53.37793, 2.019573 ], [ 6.460382, 53.37792, 2.033485 ], [ 6.460397, 53.37791, 2.058985 ], [ 6.460411, 53.3779, 2.081762 ], [ 6.460426, 53.37789, 2.114767 ], [ 6.46044, 53.37788, 2.145862 ], [ 6.460454, 53.377869, 2.189181 ], [ 6.460468, 53.377859, 2.229408 ], [ 6.460482, 53.377848, 2.283763 ], [ 6.460497, 53.377838, 2.33883 ], [ 6.460511, 53.377828, 2.398779 ], [ 6.460526, 53.377818, 2.459705 ], [ 6.46054, 53.377807, 2.530039 ], [ 6.460554, 53.377796, 2.601305 ], [ 6.460568, 53.377785, 2.679558 ], [ 6.460583, 53.377774, 2.757877 ], [ 6.460598, 53.377763, 2.833524 ], [ 6.460613, 53.377752, 2.906882 ], [ 6.460627, 53.377741, 2.975229 ], [ 6.460642, 53.37773, 3.040575 ], [ 6.460657, 53.377718, 3.100368 ], [ 6.460672, 53.377707, 3.156779 ], [ 6.460686, 53.377696, 3.209765 ], [ 6.4607, 53.377684, 3.261507 ], [ 6.460715, 53.377673, 3.310172 ], [ 6.460729, 53.377662, 3.348366 ], [ 6.460744, 53.377651, 3.388141 ], [ 6.460758, 53.37764, 3.418919 ], [ 6.460773, 53.377629, 3.452528 ], [ 6.460787, 53.377618, 3.481143 ], [ 6.460802, 53.377608, 3.511573 ], [ 6.460816, 53.377597, 3.539801 ], [ 6.46083, 53.377586, 3.567934 ], [ 6.460844, 53.377575, 3.594898 ], [ 6.460858, 53.377563, 3.622067 ], [ 6.460872, 53.377553, 3.647573 ], [ 6.460886, 53.377542, 3.67178 ], [ 6.460901, 53.377531, 3.691016 ], [ 6.460915, 53.37752, 3.703273 ], [ 6.460929, 53.377509, 3.713519 ], [ 6.460943, 53.377498, 3.714912 ], [ 6.460956, 53.377487, 3.709734 ], [ 6.460969, 53.377475, 3.700508 ], [ 6.460982, 53.377464, 3.684599 ], [ 6.460994, 53.377452, 3.662353 ], [ 6.461005, 53.37744, 3.635284 ], [ 6.461016, 53.377428, 3.596399 ], [ 6.461027, 53.377416, 3.552006 ], [ 6.461039, 53.377404, 3.501082 ], [ 6.461051, 53.377392, 3.451845 ], [ 6.461062, 53.37738, 3.397007 ], [ 6.461073, 53.377368, 3.34391 ], [ 6.461084, 53.377356, 3.291382 ], [ 6.461095, 53.377344, 3.24291 ], [ 6.461105, 53.377332, 3.195949 ], [ 6.461115, 53.377319, 3.152953 ], [ 6.461126, 53.377307, 3.131989 ], [ 6.461136, 53.377294, 3.120903 ], [ 6.461147, 53.377282, 3.12097 ], [ 6.461157, 53.37727, 3.128677 ], [ 6.461165, 53.377257, 3.148436 ], [ 6.461174, 53.377245, 3.159066 ], [ 6.461182, 53.377232, 3.17269 ], [ 6.461189, 53.37722, 3.18627 ], [ 6.461197, 53.377208, 3.208561 ], [ 6.461204, 53.377197, 3.226827 ], [ 6.461211, 53.377188, 3.243316 ], [ 6.461215, 53.377182, 3.261399 ], [ 6.461217, 53.37718, 3.284148 ], [ 6.461219, 53.377176, 3.299005 ], [ 6.461222, 53.37717, 3.309456 ], [ 6.461227, 53.377162, 3.318813 ], [ 6.461233, 53.377152, 3.321794 ], [ 6.461238, 53.37714, 3.319159 ], [ 6.461244, 53.377127, 3.306446 ], [ 6.461251, 53.377113, 3.288597 ], [ 6.461258, 53.377099, 3.267308 ], [ 6.461266, 53.377087, 3.233187 ], [ 6.461275, 53.377075, 3.201647 ], [ 6.461283, 53.377063, 3.156372 ], [ 6.46129, 53.377054, 3.11284 ], [ 6.461294, 53.377047, 3.064763 ], [ 6.461296, 53.377041, 3.019059 ], [ 6.461298, 53.377038, 2.980194 ], [ 6.461299, 53.377036, 2.943645 ], [ 6.4613, 53.377036, 2.906573 ], [ 6.461302, 53.377033, 2.88104 ], [ 6.461305, 53.377027, 2.856321 ], [ 6.46131, 53.377018, 2.837939 ], [ 6.461316, 53.377006, 2.819798 ], [ 6.461324, 53.376994, 2.81879 ], [ 6.461332, 53.376982, 2.819399 ], [ 6.461339, 53.376971, 2.82192 ], [ 6.461346, 53.37696, 2.831786 ], [ 6.461354, 53.376948, 2.845056 ], [ 6.461362, 53.376935, 2.864082 ], [ 6.46137, 53.376923, 2.886836 ], [ 6.461377, 53.37691, 2.906551 ], [ 6.461385, 53.376898, 2.930529 ], [ 6.461392, 53.376886, 2.946072 ], [ 6.4614, 53.376874, 2.963236 ], [ 6.461408, 53.376862, 2.982914 ], [ 6.461415, 53.37685, 3.005003 ], [ 6.461422, 53.376838, 3.024275 ], [ 6.46143, 53.376826, 3.051053 ], [ 6.461438, 53.376814, 3.074288 ], [ 6.461445, 53.376801, 3.092991 ], [ 6.461452, 53.376789, 3.10416 ], [ 6.461459, 53.376776, 3.114225 ], [ 6.461467, 53.376764, 3.143275 ], [ 6.461474, 53.376753, 3.155202 ], [ 6.461481, 53.376742, 3.161253 ], [ 6.461488, 53.376731, 3.166511 ], [ 6.461494, 53.37672, 3.166004 ], [ 6.461501, 53.376708, 3.15372 ], [ 6.461509, 53.376696, 3.14292 ], [ 6.461515, 53.376683, 3.130848 ], [ 6.461522, 53.376671, 3.116419 ], [ 6.461529, 53.376658, 3.101984 ], [ 6.461536, 53.376647, 3.080984 ], [ 6.461543, 53.376636, 3.062787 ], [ 6.461551, 53.376625, 3.052186 ], [ 6.461559, 53.376615, 3.041268 ], [ 6.461567, 53.376604, 3.03663 ], [ 6.461575, 53.376593, 3.040792 ], [ 6.461584, 53.376581, 3.054196 ], [ 6.461591, 53.376569, 3.06803 ], [ 6.461598, 53.376556, 3.082507 ], [ 6.461605, 53.376543, 3.102479 ], [ 6.461612, 53.37653, 3.128331 ], [ 6.461619, 53.376517, 3.16267 ], [ 6.461626, 53.376505, 3.193099 ], [ 6.461633, 53.376493, 3.217213 ], [ 6.461642, 53.376481, 3.249707 ], [ 6.46165, 53.376468, 3.284773 ], [ 6.461658, 53.376455, 3.311672 ], [ 6.461667, 53.376443, 3.335076 ], [ 6.461675, 53.37643, 3.364085 ], [ 6.461684, 53.376418, 3.387967 ], [ 6.461691, 53.376406, 3.405526 ], [ 6.461698, 53.376395, 3.429354 ], [ 6.461704, 53.376383, 3.453383 ], [ 6.461711, 53.376371, 3.470396 ], [ 6.461718, 53.376358, 3.48636 ], [ 6.461724, 53.376346, 3.498332 ], [ 6.461731, 53.376333, 3.506812 ], [ 6.461737, 53.376321, 3.516573 ], [ 6.461744, 53.376309, 3.521474 ], [ 6.461751, 53.376296, 3.522217 ], [ 6.461757, 53.376283, 3.523349 ], [ 6.461764, 53.37627, 3.516409 ], [ 6.461771, 53.376258, 3.501706 ], [ 6.461779, 53.376245, 3.483032 ], [ 6.461787, 53.376234, 3.467001 ], [ 6.461795, 53.376222, 3.452784 ], [ 6.461804, 53.37621, 3.438733 ], [ 6.461812, 53.376199, 3.425395 ], [ 6.461818, 53.376187, 3.426755 ], [ 6.461823, 53.376177, 3.429617 ], [ 6.461823, 53.376176, 3.435272 ], [ 6.461828, 53.376165, 3.43554 ], [ 6.461834, 53.376154, 3.435962 ], [ 6.461841, 53.376142, 3.434773 ], [ 6.461848, 53.376129, 3.436254 ], [ 6.461856, 53.376116, 3.437937 ], [ 6.461864, 53.376103, 3.441962 ], [ 6.461872, 53.37609, 3.451866 ], [ 6.46188, 53.376077, 3.453627 ], [ 6.461888, 53.376065, 3.45624 ], [ 6.461896, 53.376052, 3.459262 ], [ 6.461905, 53.37604, 3.465903 ], [ 6.461913, 53.376028, 3.471564 ], [ 6.46192, 53.376015, 3.478459 ], [ 6.461927, 53.376003, 3.484447 ], [ 6.461935, 53.375991, 3.503806 ], [ 6.461943, 53.375979, 3.52231 ], [ 6.461951, 53.375967, 3.537749 ], [ 6.461959, 53.375954, 3.555281 ], [ 6.461966, 53.375942, 3.575849 ], [ 6.461973, 53.375929, 3.593189 ], [ 6.46198, 53.375917, 3.605342 ], [ 6.461986, 53.375904, 3.608567 ], [ 6.461992, 53.375892, 3.615239 ], [ 6.461998, 53.375879, 3.622566 ], [ 6.462003, 53.375867, 3.626889 ], [ 6.46201, 53.375854, 3.629367 ], [ 6.462017, 53.375842, 3.637615 ], [ 6.462025, 53.37583, 3.63828 ], [ 6.462033, 53.375819, 3.629818 ], [ 6.462042, 53.375809, 3.605828 ], [ 6.46205, 53.375799, 3.58485 ], [ 6.462057, 53.375789, 3.5685 ], [ 6.462064, 53.375777, 3.554828 ], [ 6.462071, 53.375765, 3.54472 ], [ 6.462079, 53.375753, 3.533409 ], [ 6.462088, 53.375741, 3.529108 ], [ 6.462096, 53.375729, 3.51397 ], [ 6.462103, 53.375718, 3.496408 ], [ 6.462109, 53.375708, 3.474476 ], [ 6.462114, 53.375698, 3.454183 ], [ 6.462121, 53.375687, 3.439303 ], [ 6.46213, 53.375675, 3.42918 ], [ 6.462138, 53.375662, 3.422394 ], [ 6.462145, 53.375649, 3.413245 ], [ 6.462152, 53.375637, 3.401658 ], [ 6.462159, 53.375626, 3.38659 ], [ 6.462166, 53.375614, 3.379655 ], [ 6.462173, 53.375602, 3.372285 ], [ 6.462181, 53.37559, 3.357209 ], [ 6.462189, 53.375578, 3.342248 ], [ 6.462196, 53.375567, 3.326964 ], [ 6.462203, 53.375555, 3.318478 ], [ 6.46221, 53.375544, 3.310933 ], [ 6.462217, 53.375532, 3.30878 ], [ 6.462224, 53.375521, 3.31389 ], [ 6.462231, 53.37551, 3.320837 ], [ 6.462237, 53.375498, 3.331613 ], [ 6.462242, 53.375487, 3.344508 ], [ 6.462249, 53.375475, 3.36338 ], [ 6.462257, 53.375463, 3.375219 ], [ 6.462266, 53.375451, 3.397842 ], [ 6.462274, 53.375439, 3.429896 ], [ 6.462281, 53.375427, 3.462988 ], [ 6.462287, 53.375414, 3.502812 ], [ 6.462294, 53.375401, 3.553176 ], [ 6.4623, 53.375388, 3.59788 ], [ 6.462307, 53.375375, 3.64544 ], [ 6.462314, 53.375363, 3.688622 ], [ 6.462319, 53.375352, 3.733753 ], [ 6.462324, 53.37534, 3.77337 ], [ 6.46233, 53.375328, 3.808483 ], [ 6.462337, 53.375316, 3.834071 ], [ 6.462346, 53.375303, 3.861743 ], [ 6.462354, 53.375291, 3.88121 ], [ 6.462362, 53.375278, 3.908402 ], [ 6.46237, 53.375266, 3.920419 ], [ 6.462377, 53.375253, 3.929172 ], [ 6.462385, 53.375241, 3.93432 ], [ 6.462393, 53.375229, 3.939964 ], [ 6.462402, 53.375216, 3.93406 ], [ 6.462412, 53.375204, 3.935836 ], [ 6.462421, 53.375192, 3.935808 ], [ 6.462429, 53.37518, 3.936122 ], [ 6.462436, 53.375168, 3.935233 ], [ 6.462444, 53.375156, 3.938143 ], [ 6.462452, 53.375144, 3.937156 ], [ 6.462461, 53.375132, 3.93204 ], [ 6.462469, 53.37512, 3.925364 ], [ 6.462476, 53.375109, 3.922509 ], [ 6.462481, 53.375097, 3.920866 ], [ 6.462486, 53.375085, 3.898382 ], [ 6.462491, 53.375072, 3.883638 ], [ 6.462497, 53.37506, 3.863333 ], [ 6.462503, 53.375048, 3.841329 ], [ 6.462508, 53.375037, 3.816737 ], [ 6.462515, 53.375026, 3.795993 ], [ 6.462522, 53.375014, 3.767891 ], [ 6.462529, 53.375003, 3.74288 ], [ 6.462534, 53.374992, 3.715305 ], [ 6.462538, 53.374984, 3.691752 ], [ 6.462542, 53.374976, 3.661755 ], [ 6.462549, 53.374966, 3.631373 ], [ 6.462558, 53.374954, 3.602323 ], [ 6.462568, 53.374942, 3.573197 ], [ 6.462578, 53.37493, 3.548472 ], [ 6.462586, 53.374918, 3.536455 ], [ 6.462593, 53.374907, 3.528286 ], [ 6.4626, 53.374897, 3.512278 ], [ 6.462606, 53.374886, 3.498935 ], [ 6.462612, 53.374876, 3.499771 ], [ 6.462619, 53.374865, 3.504315 ], [ 6.462627, 53.374854, 3.498727 ], [ 6.462636, 53.374842, 3.506319 ], [ 6.462644, 53.374831, 3.515582 ], [ 6.462651, 53.374819, 3.519425 ], [ 6.462657, 53.374807, 3.520504 ], [ 6.462663, 53.374796, 3.516956 ], [ 6.462669, 53.374785, 3.50981 ], [ 6.462677, 53.374773, 3.511021 ], [ 6.462685, 53.37476, 3.514662 ], [ 6.462693, 53.374748, 3.516286 ], [ 6.462701, 53.374736, 3.523082 ], [ 6.462708, 53.374725, 3.534014 ], [ 6.462715, 53.374713, 3.55585 ], [ 6.462722, 53.374701, 3.581759 ], [ 6.46273, 53.374689, 3.610887 ], [ 6.462738, 53.374677, 3.643376 ], [ 6.462746, 53.374665, 3.691441 ], [ 6.462753, 53.374653, 3.749802 ], [ 6.46276, 53.37464, 3.809696 ], [ 6.462767, 53.374628, 3.873805 ], [ 6.462773, 53.374616, 3.945894 ], [ 6.46278, 53.374603, 4.011144 ], [ 6.462787, 53.374591, 4.063559 ], [ 6.462794, 53.374579, 4.122146 ], [ 6.462801, 53.374566, 4.185601 ], [ 6.462807, 53.374554, 4.238312 ], [ 6.462813, 53.374543, 4.284905 ], [ 6.462818, 53.374533, 4.327048 ], [ 6.462823, 53.374522, 4.366121 ], [ 6.462829, 53.37451, 4.403192 ], [ 6.462836, 53.374497, 4.438104 ], [ 6.462843, 53.374485, 4.464728 ], [ 6.46285, 53.374473, 4.483724 ], [ 6.462858, 53.374462, 4.509355 ], [ 6.462866, 53.374449, 4.53129 ], [ 6.462874, 53.374437, 4.546554 ], [ 6.462881, 53.374424, 4.564673 ], [ 6.462888, 53.374411, 4.577501 ], [ 6.462896, 53.374399, 4.580195 ], [ 6.462905, 53.374387, 4.583624 ], [ 6.462912, 53.374375, 4.577861 ], [ 6.462919, 53.374363, 4.573752 ], [ 6.462926, 53.37435, 4.56725 ], [ 6.462933, 53.374338, 4.558512 ], [ 6.46294, 53.374326, 4.551896 ], [ 6.462948, 53.374314, 4.55679 ], [ 6.462956, 53.374302, 4.559428 ], [ 6.462964, 53.37429, 4.557096 ], [ 6.462973, 53.374277, 4.565707 ], [ 6.462981, 53.374264, 4.570478 ], [ 6.462989, 53.374252, 4.559568 ], [ 6.462996, 53.374239, 4.53621 ], [ 6.463003, 53.374227, 4.539092 ], [ 6.46301, 53.374214, 4.541833 ], [ 6.463017, 53.374201, 4.536968 ], [ 6.463023, 53.374188, 4.543648 ], [ 6.463031, 53.374175, 4.545648 ], [ 6.463039, 53.374162, 4.537579 ], [ 6.463047, 53.37415, 4.537733 ], [ 6.463055, 53.374139, 4.543944 ], [ 6.463063, 53.374127, 4.543152 ], [ 6.46307, 53.374116, 4.535354 ], [ 6.463077, 53.374104, 4.521475 ], [ 6.463084, 53.374092, 4.49476 ], [ 6.463091, 53.37408, 4.451871 ], [ 6.463098, 53.374068, 4.411468 ], [ 6.463106, 53.374055, 4.358304 ], [ 6.463113, 53.374043, 4.293595 ], [ 6.463119, 53.37403, 4.222256 ], [ 6.463125, 53.374019, 4.148977 ], [ 6.463131, 53.374009, 4.069069 ], [ 6.463138, 53.373999, 3.971711 ], [ 6.463144, 53.37399, 3.879723 ], [ 6.46315, 53.37398, 3.796376 ], [ 6.463157, 53.373971, 3.711094 ], [ 6.463165, 53.373961, 3.634174 ], [ 6.463173, 53.37395, 3.552868 ], [ 6.463182, 53.37394, 3.488131 ], [ 6.463191, 53.373929, 3.433621 ], [ 6.463199, 53.373918, 3.392359 ], [ 6.463207, 53.373906, 3.352633 ], [ 6.463215, 53.373894, 3.325712 ], [ 6.463224, 53.373881, 3.307999 ], [ 6.463233, 53.373869, 3.303905 ], [ 6.463243, 53.373856, 3.304836 ], [ 6.463253, 53.373844, 3.312768 ], [ 6.463262, 53.373831, 3.320416 ], [ 6.46327, 53.373818, 3.336822 ], [ 6.463279, 53.373805, 3.364054 ], [ 6.463287, 53.373791, 3.396207 ], [ 6.463296, 53.373779, 3.428157 ], [ 6.463304, 53.373766, 3.463999 ], [ 6.463312, 53.373753, 3.499644 ], [ 6.46332, 53.373741, 3.538653 ], [ 6.463328, 53.373728, 3.56827 ], [ 6.463334, 53.373715, 3.596944 ], [ 6.46334, 53.373703, 3.620116 ], [ 6.463348, 53.37369, 3.644616 ], [ 6.463356, 53.373676, 3.662679 ], [ 6.463364, 53.373663, 3.672947 ], [ 6.463373, 53.37365, 3.669037 ], [ 6.463382, 53.373638, 3.661252 ], [ 6.46339, 53.373625, 3.65688 ], [ 6.463398, 53.373613, 3.648471 ], [ 6.463406, 53.3736, 3.634178 ], [ 6.463415, 53.373587, 3.617529 ], [ 6.463423, 53.373575, 3.601697 ], [ 6.463432, 53.373563, 3.592117 ], [ 6.46344, 53.373551, 3.578541 ], [ 6.463448, 53.373539, 3.563186 ], [ 6.463455, 53.373527, 3.557981 ], [ 6.463461, 53.373514, 3.55829 ], [ 6.463467, 53.373502, 3.54892 ], [ 6.463474, 53.37349, 3.535081 ], [ 6.463482, 53.373478, 3.52714 ], [ 6.46349, 53.373466, 3.519648 ], [ 6.463499, 53.373454, 3.509627 ], [ 6.463506, 53.373441, 3.508756 ], [ 6.463513, 53.373429, 3.516325 ], [ 6.463519, 53.373416, 3.523393 ], [ 6.463525, 53.373403, 3.531148 ], [ 6.463532, 53.373391, 3.54502 ], [ 6.463539, 53.373378, 3.562786 ], [ 6.463547, 53.373366, 3.580567 ], [ 6.463554, 53.373353, 3.602062 ], [ 6.463561, 53.373341, 3.629534 ], [ 6.463568, 53.373329, 3.657657 ], [ 6.463575, 53.373317, 3.679037 ], [ 6.463581, 53.373305, 3.697775 ], [ 6.463588, 53.373292, 3.704853 ], [ 6.463595, 53.373279, 3.709427 ], [ 6.463602, 53.373266, 3.714549 ], [ 6.463609, 53.373253, 3.716742 ], [ 6.463615, 53.373241, 3.713327 ], [ 6.46362, 53.373228, 3.719582 ], [ 6.463625, 53.373216, 3.728813 ], [ 6.46363, 53.373204, 3.734459 ], [ 6.463635, 53.373192, 3.74635 ], [ 6.463639, 53.373179, 3.748089 ], [ 6.463642, 53.373167, 3.743004 ], [ 6.463644, 53.373154, 3.744933 ], [ 6.463646, 53.373143, 3.742017 ], [ 6.463646, 53.373131, 3.716193 ], [ 6.463646, 53.37312, 3.711184 ], [ 6.463646, 53.373107, 3.711983 ], [ 6.463646, 53.373094, 3.719171 ], [ 6.463645, 53.373082, 3.719323 ], [ 6.463643, 53.373069, 3.732443 ], [ 6.463639, 53.373058, 3.751252 ], [ 6.463633, 53.373046, 3.759053 ], [ 6.463625, 53.373034, 3.767211 ], [ 6.463616, 53.373022, 3.779281 ], [ 6.463607, 53.37301, 3.800105 ], [ 6.463598, 53.372999, 3.82351 ], [ 6.463588, 53.372988, 3.848646 ], [ 6.463577, 53.372978, 3.871794 ], [ 6.463565, 53.372969, 3.902689 ], [ 6.463553, 53.372961, 3.937384 ], [ 6.46354, 53.372952, 3.977696 ], [ 6.463527, 53.372944, 4.014497 ], [ 6.463517, 53.372937, 4.056886 ], [ 6.46351, 53.372932, 4.099148 ], [ 6.463507, 53.372929, 4.136356 ], [ 6.463504, 53.372924, 4.18476 ], [ 6.463501, 53.372917, 4.240416 ], [ 6.463498, 53.372906, 4.293936 ], [ 6.463493, 53.372893, 4.342926 ], [ 6.463486, 53.372881, 4.397408 ], [ 6.463478, 53.372868, 4.453079 ], [ 6.463469, 53.372855, 4.494855 ], [ 6.46346, 53.372843, 4.542076 ], [ 6.46345, 53.37283, 4.578722 ], [ 6.463439, 53.372818, 4.623606 ], [ 6.463428, 53.372805, 4.667764 ], [ 6.463418, 53.372792, 4.717763 ], [ 6.463408, 53.37278, 4.769817 ], [ 6.4634, 53.372768, 4.811398 ], [ 6.463392, 53.372756, 4.846592 ], [ 6.463384, 53.372744, 4.867396 ], [ 6.463375, 53.372732, 4.892667 ], [ 6.463366, 53.372718, 4.913826 ], [ 6.463356, 53.372705, 4.924307 ], [ 6.463345, 53.372691, 4.932475 ], [ 6.463334, 53.372678, 4.9321 ], [ 6.463324, 53.372664, 4.920027 ], [ 6.463314, 53.372652, 4.90846 ], [ 6.463305, 53.372639, 4.88218 ], [ 6.463296, 53.372628, 4.856994 ], [ 6.463288, 53.372618, 4.826578 ], [ 6.46328, 53.372608, 4.790352 ], [ 6.463272, 53.372597, 4.754438 ], [ 6.463263, 53.372586, 4.719935 ], [ 6.463253, 53.372574, 4.680559 ], [ 6.463243, 53.372562, 4.632387 ], [ 6.463233, 53.37255, 4.584185 ], [ 6.463223, 53.372538, 4.561184 ], [ 6.463213, 53.372526, 4.523561 ], [ 6.463203, 53.372513, 4.482175 ], [ 6.463193, 53.372501, 4.446741 ], [ 6.463183, 53.372488, 4.419471 ], [ 6.463172, 53.372477, 4.40067 ], [ 6.463162, 53.372465, 4.38205 ], [ 6.463153, 53.372455, 4.367929 ], [ 6.463143, 53.372445, 4.358569 ], [ 6.463134, 53.372435, 4.356188 ], [ 6.463126, 53.372424, 4.366835 ], [ 6.463117, 53.372413, 4.378009 ], [ 6.463108, 53.372402, 4.380223 ], [ 6.463096, 53.372391, 4.384266 ], [ 6.463084, 53.37238, 4.386841 ], [ 6.463069, 53.372367, 4.384695 ], [ 6.463054, 53.372355, 4.379694 ], [ 6.463039, 53.372343, 4.375191 ], [ 6.463026, 53.37233, 4.359541 ], [ 6.463012, 53.372318, 4.340129 ], [ 6.463, 53.372306, 4.335339 ], [ 6.462988, 53.372296, 4.32227 ], [ 6.462976, 53.372286, 4.296413 ], [ 6.462966, 53.372276, 4.262526 ], [ 6.462955, 53.372266, 4.222772 ], [ 6.462944, 53.372256, 4.18676 ], [ 6.462933, 53.372246, 4.146798 ], [ 6.46292, 53.372236, 4.107318 ], [ 6.462907, 53.372225, 4.074127 ], [ 6.462893, 53.372214, 4.042989 ], [ 6.462881, 53.372203, 4.018306 ], [ 6.46287, 53.372192, 3.986699 ], [ 6.46286, 53.372183, 3.960266 ], [ 6.462851, 53.372174, 3.943882 ], [ 6.462841, 53.372166, 3.919908 ], [ 6.46283, 53.372157, 3.88986 ], [ 6.462818, 53.372147, 3.856012 ], [ 6.462805, 53.372136, 3.840709 ], [ 6.462791, 53.372125, 3.827897 ], [ 6.462777, 53.372114, 3.824142 ], [ 6.462763, 53.372103, 3.807883 ], [ 6.46275, 53.372093, 3.793671 ], [ 6.462736, 53.372083, 3.783544 ], [ 6.462722, 53.372071, 3.785908 ], [ 6.462708, 53.372059, 3.783686 ], [ 6.462693, 53.372048, 3.796743 ], [ 6.462679, 53.372036, 3.799381 ], [ 6.462666, 53.372025, 3.798556 ], [ 6.462653, 53.372014, 3.805678 ], [ 6.462641, 53.372003, 3.815959 ], [ 6.462628, 53.371992, 3.810693 ], [ 6.462616, 53.37198, 3.802967 ], [ 6.462606, 53.371968, 3.795239 ], [ 6.462596, 53.371956, 3.796489 ], [ 6.462586, 53.371944, 3.790239 ], [ 6.462576, 53.371932, 3.785462 ], [ 6.462566, 53.371921, 3.770819 ], [ 6.462555, 53.371911, 3.748151 ], [ 6.462545, 53.3719, 3.722249 ], [ 6.462536, 53.371888, 3.702042 ], [ 6.462527, 53.371875, 3.68386 ], [ 6.462518, 53.371863, 3.663764 ], [ 6.462509, 53.37185, 3.644281 ], [ 6.462501, 53.371837, 3.630013 ], [ 6.462493, 53.371824, 3.615042 ], [ 6.462486, 53.371811, 3.599109 ], [ 6.462478, 53.371799, 3.571641 ], [ 6.462471, 53.371788, 3.542336 ], [ 6.462463, 53.371775, 3.516557 ], [ 6.462454, 53.371763, 3.496338 ], [ 6.462446, 53.37175, 3.463458 ], [ 6.462439, 53.371737, 3.421576 ], [ 6.462431, 53.371724, 3.378209 ], [ 6.462424, 53.37171, 3.336308 ], [ 6.462417, 53.371696, 3.289461 ], [ 6.46241, 53.371683, 3.251876 ], [ 6.462404, 53.371669, 3.222382 ], [ 6.462399, 53.371656, 3.194894 ], [ 6.462394, 53.371643, 3.167799 ], [ 6.462389, 53.371631, 3.150344 ], [ 6.462385, 53.371619, 3.134623 ], [ 6.462381, 53.371609, 3.120197 ], [ 6.462376, 53.371597, 3.103707 ], [ 6.46237, 53.371584, 3.091533 ], [ 6.462365, 53.371571, 3.087644 ], [ 6.462359, 53.371557, 3.090069 ], [ 6.462352, 53.371544, 3.09249 ], [ 6.462347, 53.371531, 3.112892 ], [ 6.462341, 53.371517, 3.140993 ], [ 6.462336, 53.371504, 3.163095 ], [ 6.462331, 53.37149, 3.179687 ], [ 6.462327, 53.371476, 3.198061 ], [ 6.462324, 53.371463, 3.212668 ], [ 6.46232, 53.371449, 3.22507 ], [ 6.462316, 53.371436, 3.2382 ], [ 6.462311, 53.371422, 3.251172 ], [ 6.462308, 53.371409, 3.266455 ], [ 6.462304, 53.371396, 3.273907 ], [ 6.462301, 53.371382, 3.278151 ], [ 6.462297, 53.371369, 3.266819 ], [ 6.462293, 53.371355, 3.264629 ], [ 6.462289, 53.371342, 3.270327 ], [ 6.462285, 53.371328, 3.286381 ], [ 6.462281, 53.371314, 3.302624 ], [ 6.462276, 53.3713, 3.332361 ], [ 6.462271, 53.371286, 3.36757 ], [ 6.462265, 53.371271, 3.407385 ], [ 6.46226, 53.371256, 3.447161 ], [ 6.462254, 53.371241, 3.477076 ], [ 6.462247, 53.371226, 3.509868 ], [ 6.46224, 53.37121, 3.551841 ], [ 6.462232, 53.371193, 3.593588 ], [ 6.462224, 53.371177, 3.638751 ], [ 6.462217, 53.371161, 3.67898 ], [ 6.46221, 53.371145, 3.714145 ], [ 6.462204, 53.37113, 3.741948 ], [ 6.462199, 53.371115, 3.762336 ], [ 6.462195, 53.3711, 3.775245 ], [ 6.462192, 53.371085, 3.79235 ], [ 6.462189, 53.371071, 3.797015 ], [ 6.462186, 53.371056, 3.792621 ], [ 6.462182, 53.371041, 3.77466 ], [ 6.462178, 53.371027, 3.755192 ], [ 6.462174, 53.371013, 3.71308 ], [ 6.462171, 53.370999, 3.655825 ], [ 6.462169, 53.370986, 3.603819 ], [ 6.462167, 53.370973, 3.562004 ], [ 6.462164, 53.37096, 3.513724 ], [ 6.462162, 53.370947, 3.451611 ], [ 6.462161, 53.370936, 3.39854 ], [ 6.46216, 53.370924, 3.345463 ], [ 6.462161, 53.370914, 3.300468 ], [ 6.462161, 53.370903, 3.258123 ], [ 6.462162, 53.370893, 3.219039 ], [ 6.462161, 53.370883, 3.184674 ], [ 6.462161, 53.370872, 3.15315 ], [ 6.462159, 53.37086, 3.128184 ], [ 6.462158, 53.370848, 3.108315 ], [ 6.462157, 53.370835, 3.099722 ], [ 6.462157, 53.370823, 3.095023 ], [ 6.462157, 53.37081, 3.093689 ], [ 6.462157, 53.370798, 3.092895 ], [ 6.462158, 53.370785, 3.094646 ], [ 6.462159, 53.370771, 3.104169 ], [ 6.462161, 53.370758, 3.117852 ], [ 6.462164, 53.370745, 3.120563 ], [ 6.462166, 53.370732, 3.121694 ], [ 6.462168, 53.370718, 3.128773 ], [ 6.46217, 53.370705, 3.139175 ], [ 6.462173, 53.370692, 3.146739 ], [ 6.462177, 53.370678, 3.146649 ], [ 6.462182, 53.370665, 3.145566 ], [ 6.462187, 53.370651, 3.136571 ], [ 6.462191, 53.370637, 3.129359 ], [ 6.462196, 53.370624, 3.115344 ], [ 6.462201, 53.37061, 3.105422 ], [ 6.462206, 53.370597, 3.087972 ], [ 6.462212, 53.370584, 3.072751 ], [ 6.462218, 53.37057, 3.046623 ], [ 6.462225, 53.370557, 3.02136 ], [ 6.462232, 53.370544, 3.003378 ], [ 6.462238, 53.370532, 2.982645 ], [ 6.462243, 53.370519, 2.965734 ], [ 6.462248, 53.370506, 2.950831 ], [ 6.462255, 53.370493, 2.940255 ], [ 6.462263, 53.370479, 2.938751 ], [ 6.462272, 53.370466, 2.945207 ], [ 6.46228, 53.370452, 2.94984 ], [ 6.462288, 53.370439, 2.964252 ], [ 6.462296, 53.370425, 2.987035 ], [ 6.462304, 53.370412, 3.016656 ], [ 6.462311, 53.370399, 3.042718 ], [ 6.462318, 53.370385, 3.062461 ], [ 6.462325, 53.370371, 3.077049 ], [ 6.462333, 53.370357, 3.077371 ], [ 6.462341, 53.370343, 3.08671 ], [ 6.462349, 53.370329, 3.089198 ], [ 6.462357, 53.370316, 3.103826 ], [ 6.462364, 53.370303, 3.118568 ], [ 6.462372, 53.37029, 3.130581 ], [ 6.462381, 53.370277, 3.136018 ], [ 6.462389, 53.370265, 3.137159 ], [ 6.462398, 53.370253, 3.145158 ], [ 6.462407, 53.370242, 3.161156 ], [ 6.462416, 53.370231, 3.181065 ], [ 6.462427, 53.370218, 3.196113 ], [ 6.462437, 53.370206, 3.219848 ], [ 6.462448, 53.370192, 3.239931 ], [ 6.462457, 53.370178, 3.266696 ], [ 6.462465, 53.370165, 3.291438 ], [ 6.462472, 53.370151, 3.322727 ], [ 6.462479, 53.370138, 3.352131 ], [ 6.462484, 53.370124, 3.380561 ], [ 6.46249, 53.370111, 3.404756 ], [ 6.462496, 53.370098, 3.425863 ], [ 6.462504, 53.370085, 3.445962 ], [ 6.462512, 53.370073, 3.459893 ], [ 6.46252, 53.37006, 3.466454 ], [ 6.462529, 53.370048, 3.468347 ], [ 6.462538, 53.370035, 3.472458 ], [ 6.462548, 53.370023, 3.475313 ], [ 6.462558, 53.370011, 3.471539 ], [ 6.462567, 53.369999, 3.469041 ], [ 6.462574, 53.369987, 3.463792 ], [ 6.462582, 53.369976, 3.455063 ], [ 6.46259, 53.369965, 3.446695 ], [ 6.462599, 53.369953, 3.431992 ], [ 6.462608, 53.369941, 3.425048 ], [ 6.462616, 53.369929, 3.420174 ], [ 6.462625, 53.369917, 3.414943 ], [ 6.462633, 53.369905, 3.405688 ], [ 6.462641, 53.369894, 3.399143 ], [ 6.46265, 53.369882, 3.395004 ], [ 6.462658, 53.36987, 3.387769 ], [ 6.462667, 53.369858, 3.370416 ], [ 6.462675, 53.369846, 3.335967 ], [ 6.462684, 53.369833, 3.305677 ], [ 6.462692, 53.369821, 3.288127 ], [ 6.4627, 53.369809, 3.273899 ], [ 6.462708, 53.369796, 3.251952 ], [ 6.462715, 53.369784, 3.232554 ], [ 6.462722, 53.369771, 3.21559 ], [ 6.46273, 53.369759, 3.198271 ], [ 6.462737, 53.369746, 3.180488 ], [ 6.462745, 53.369734, 3.171008 ], [ 6.462752, 53.369722, 3.155282 ], [ 6.462759, 53.36971, 3.146672 ], [ 6.462766, 53.369698, 3.149093 ], [ 6.462772, 53.369686, 3.157816 ], [ 6.462776, 53.369674, 3.170666 ], [ 6.46278, 53.369662, 3.184574 ], [ 6.462784, 53.36965, 3.209417 ], [ 6.462786, 53.369637, 3.227937 ], [ 6.462788, 53.369625, 3.245283 ], [ 6.46279, 53.369613, 3.264178 ], [ 6.462792, 53.369602, 3.279449 ], [ 6.462794, 53.369591, 3.291248 ], [ 6.462795, 53.36958, 3.298144 ], [ 6.462796, 53.369568, 3.300708 ], [ 6.462796, 53.369556, 3.300302 ], [ 6.462794, 53.369545, 3.294915 ], [ 6.462791, 53.369534, 3.285366 ], [ 6.462787, 53.369523, 3.277769 ], [ 6.462782, 53.369511, 3.26312 ], [ 6.462777, 53.3695, 3.244188 ], [ 6.462771, 53.369488, 3.22624 ], [ 6.462765, 53.369478, 3.210392 ], [ 6.462759, 53.369468, 3.195965 ], [ 6.46275, 53.369458, 3.193727 ], [ 6.46274, 53.369448, 3.188393 ], [ 6.462729, 53.369437, 3.180291 ], [ 6.462717, 53.369425, 3.167611 ], [ 6.462705, 53.369413, 3.16872 ], [ 6.462692, 53.369401, 3.158472 ], [ 6.462679, 53.369389, 3.141939 ], [ 6.462666, 53.369378, 3.149716 ], [ 6.462654, 53.369367, 3.150373 ], [ 6.462642, 53.369356, 3.149044 ], [ 6.46263, 53.369344, 3.143595 ], [ 6.462617, 53.369332, 3.141851 ], [ 6.462605, 53.36932, 3.147503 ], [ 6.462593, 53.369308, 3.161848 ], [ 6.462581, 53.369297, 3.171731 ], [ 6.46257, 53.369286, 3.172505 ], [ 6.462559, 53.369275, 3.178363 ], [ 6.462548, 53.369264, 3.190194 ], [ 6.462538, 53.369251, 3.200538 ], [ 6.462528, 53.369239, 3.21678 ], [ 6.462519, 53.369228, 3.2231 ], [ 6.46251, 53.369216, 3.229723 ], [ 6.462501, 53.369205, 3.236685 ], [ 6.462492, 53.369193, 3.244895 ], [ 6.462483, 53.369182, 3.250985 ], [ 6.462474, 53.36917, 3.254305 ], [ 6.462466, 53.369159, 3.259156 ], [ 6.462456, 53.369147, 3.262257 ], [ 6.462447, 53.369135, 3.277281 ], [ 6.462437, 53.369124, 3.294675 ], [ 6.462427, 53.369112, 3.324948 ], [ 6.462417, 53.369101, 3.356089 ], [ 6.462407, 53.369089, 3.383313 ], [ 6.462396, 53.369078, 3.42876 ], [ 6.462385, 53.369065, 3.475332 ], [ 6.462374, 53.369053, 3.525773 ], [ 6.462363, 53.36904, 3.595262 ], [ 6.462351, 53.369027, 3.666495 ], [ 6.462339, 53.369013, 3.736717 ], [ 6.462327, 53.369, 3.82431 ], [ 6.462315, 53.368987, 3.918295 ], [ 6.462303, 53.368974, 4.005737 ], [ 6.462292, 53.368961, 4.101041 ], [ 6.462282, 53.368948, 4.20522 ], [ 6.462271, 53.368934, 4.290783 ], [ 6.462261, 53.368922, 4.364078 ], [ 6.46226, 53.368921, 4.357161 ], [ 6.462249, 53.368907, 4.427803 ], [ 6.462238, 53.368893, 4.500211 ], [ 6.462226, 53.368879, 4.570578 ], [ 6.462215, 53.368865, 4.637085 ], [ 6.462203, 53.368852, 4.69966 ], [ 6.462193, 53.36884, 4.757087 ], [ 6.462183, 53.368828, 4.80357 ], [ 6.462175, 53.368817, 4.842248 ], [ 6.462166, 53.368808, 4.879059 ], [ 6.462157, 53.368799, 4.904463 ], [ 6.462148, 53.368789, 4.920465 ], [ 6.462138, 53.368779, 4.929045 ], [ 6.462127, 53.368768, 4.921121 ], [ 6.462115, 53.368757, 4.912626 ], [ 6.462101, 53.368746, 4.90238 ], [ 6.462086, 53.368736, 4.881311 ], [ 6.462072, 53.368727, 4.852279 ], [ 6.462056, 53.368717, 4.81273 ], [ 6.462041, 53.368708, 4.764551 ], [ 6.462027, 53.3687, 4.713022 ], [ 6.462012, 53.368693, 4.652672 ], [ 6.461997, 53.368687, 4.590581 ], [ 6.461982, 53.368682, 4.522112 ], [ 6.461966, 53.368676, 4.453274 ], [ 6.461949, 53.368671, 4.385889 ], [ 6.461931, 53.368665, 4.320717 ], [ 6.461912, 53.368659, 4.259154 ], [ 6.461892, 53.368654, 4.206681 ], [ 6.461871, 53.368649, 4.155806 ], [ 6.46185, 53.368646, 4.102928 ], [ 6.461827, 53.368642, 4.048299 ], [ 6.461804, 53.368638, 4.000883 ], [ 6.461781, 53.368634, 3.9574 ], [ 6.461759, 53.36863, 3.918549 ], [ 6.461737, 53.368625, 3.879363 ], [ 6.461714, 53.368621, 3.838647 ], [ 6.461691, 53.368617, 3.804951 ], [ 6.461669, 53.368614, 3.763888 ], [ 6.461647, 53.368611, 3.719375 ], [ 6.461625, 53.368608, 3.652634 ], [ 6.461603, 53.368605, 3.588025 ], [ 6.461581, 53.368602, 3.535862 ], [ 6.461559, 53.368598, 3.486627 ], [ 6.461538, 53.368594, 3.43909 ], [ 6.461516, 53.368591, 3.393443 ], [ 6.461495, 53.368586, 3.350642 ], [ 6.461474, 53.368582, 3.31378 ], [ 6.461454, 53.368578, 3.28711 ], [ 6.461436, 53.368574, 3.266556 ], [ 6.46142, 53.36857, 3.256367 ], [ 6.461403, 53.368567, 3.255794 ], [ 6.461383, 53.368562, 3.270152 ], [ 6.46136, 53.368556, 3.292695 ], [ 6.461338, 53.368551, 3.325345 ], [ 6.461315, 53.368545, 3.360559 ], [ 6.461293, 53.368539, 3.402583 ], [ 6.461272, 53.368532, 3.450316 ], [ 6.461252, 53.368525, 3.500028 ], [ 6.461233, 53.368516, 3.546177 ], [ 6.461214, 53.368507, 3.587475 ], [ 6.461196, 53.368498, 3.628407 ], [ 6.461179, 53.368489, 3.664854 ], [ 6.461162, 53.368479, 3.692362 ], [ 6.461148, 53.368468, 3.71824 ], [ 6.461136, 53.368457, 3.743266 ], [ 6.461124, 53.368445, 3.765736 ], [ 6.461113, 53.368433, 3.790405 ], [ 6.461103, 53.368421, 3.807533 ], [ 6.461094, 53.368408, 3.819936 ], [ 6.461086, 53.368394, 3.83346 ], [ 6.461079, 53.368381, 3.8418 ], [ 6.461074, 53.368367, 3.857931 ], [ 6.46107, 53.368353, 3.877494 ], [ 6.461068, 53.368338, 3.900765 ], [ 6.461068, 53.368324, 3.931575 ], [ 6.461069, 53.36831, 3.961906 ], [ 6.461071, 53.368296, 4.000938 ], [ 6.461074, 53.368283, 4.041994 ], [ 6.461077, 53.368269, 4.091355 ], [ 6.461081, 53.368256, 4.142267 ], [ 6.461084, 53.368241, 4.196414 ], [ 6.461088, 53.368227, 4.253737 ], [ 6.461092, 53.368214, 4.30741 ], [ 6.461096, 53.3682, 4.351933 ], [ 6.461101, 53.368185, 4.388809 ], [ 6.461106, 53.368171, 4.423615 ], [ 6.461111, 53.368158, 4.444179 ], [ 6.461117, 53.368144, 4.46845 ], [ 6.461124, 53.368131, 4.486193 ], [ 6.461131, 53.368118, 4.497633 ], [ 6.461138, 53.368105, 4.501628 ], [ 6.461145, 53.368092, 4.490917 ], [ 6.461152, 53.36808, 4.477741 ], [ 6.461159, 53.368067, 4.460279 ], [ 6.461167, 53.368055, 4.441178 ], [ 6.461174, 53.368042, 4.419112 ], [ 6.461182, 53.36803, 4.395394 ], [ 6.46119, 53.368018, 4.372665 ], [ 6.461198, 53.368006, 4.355893 ], [ 6.461205, 53.367993, 4.33795 ], [ 6.461213, 53.367981, 4.319131 ], [ 6.461221, 53.367969, 4.296745 ], [ 6.461228, 53.367957, 4.2784 ], [ 6.461236, 53.367945, 4.260227 ], [ 6.461244, 53.367933, 4.246822 ], [ 6.461252, 53.367921, 4.230396 ], [ 6.46126, 53.367908, 4.216672 ], [ 6.461267, 53.367896, 4.19767 ], [ 6.461275, 53.367883, 4.181576 ], [ 6.461282, 53.367871, 4.160622 ], [ 6.46129, 53.367858, 4.142114 ], [ 6.461298, 53.367845, 4.119415 ], [ 6.461305, 53.367832, 4.10687 ], [ 6.461313, 53.367819, 4.094424 ], [ 6.46132, 53.367807, 4.087671 ], [ 6.461328, 53.367794, 4.087856 ], [ 6.461335, 53.367781, 4.090346 ], [ 6.461342, 53.367768, 4.09888 ], [ 6.461348, 53.367754, 4.113246 ], [ 6.461355, 53.367741, 4.137606 ], [ 6.461362, 53.367728, 4.166398 ], [ 6.46137, 53.367716, 4.203036 ], [ 6.461378, 53.367704, 4.241008 ], [ 6.461386, 53.367691, 4.282416 ], [ 6.461393, 53.367679, 4.327037 ], [ 6.4614, 53.367666, 4.364803 ], [ 6.461408, 53.367653, 4.406802 ], [ 6.461415, 53.36764, 4.45106 ], [ 6.461421, 53.367627, 4.501958 ], [ 6.461428, 53.367615, 4.545144 ], [ 6.461435, 53.367602, 4.571715 ], [ 6.461443, 53.367589, 4.59803 ], [ 6.461451, 53.367576, 4.626014 ], [ 6.461459, 53.367563, 4.640115 ], [ 6.461466, 53.36755, 4.642898 ], [ 6.461474, 53.367537, 4.641163 ], [ 6.461482, 53.367524, 4.641384 ], [ 6.461489, 53.367512, 4.63492 ], [ 6.461497, 53.367499, 4.624139 ], [ 6.461504, 53.367487, 4.609355 ], [ 6.461511, 53.367475, 4.595035 ], [ 6.461517, 53.367462, 4.58465 ], [ 6.461524, 53.36745, 4.574884 ], [ 6.461531, 53.367437, 4.575222 ], [ 6.461538, 53.367425, 4.576403 ], [ 6.461545, 53.367413, 4.586555 ], [ 6.461552, 53.3674, 4.603558 ], [ 6.46156, 53.367388, 4.619617 ], [ 6.461567, 53.367375, 4.631467 ], [ 6.461574, 53.367363, 4.642618 ], [ 6.461575, 53.367362, 4.649589 ], [ 6.461583, 53.367348, 4.6678 ], [ 6.461591, 53.367335, 4.681293 ], [ 6.461599, 53.367321, 4.681788 ], [ 6.461608, 53.367308, 4.671302 ], [ 6.461615, 53.367295, 4.653356 ], [ 6.461623, 53.367281, 4.62686 ], [ 6.461632, 53.367268, 4.585224 ], [ 6.461641, 53.367255, 4.527003 ], [ 6.461648, 53.367243, 4.465591 ], [ 6.461655, 53.367232, 4.408909 ], [ 6.461662, 53.367221, 4.3328 ], [ 6.461669, 53.367209, 4.236797 ], [ 6.461676, 53.367196, 4.133095 ], [ 6.461683, 53.367184, 4.034009 ], [ 6.461689, 53.367171, 3.932891 ], [ 6.461696, 53.367158, 3.839662 ], [ 6.461704, 53.367146, 3.747764 ], [ 6.461714, 53.367132, 3.659331 ], [ 6.461725, 53.367118, 3.573244 ], [ 6.461736, 53.367104, 3.492584 ], [ 6.461747, 53.367091, 3.416159 ], [ 6.461759, 53.367079, 3.354586 ], [ 6.461771, 53.367067, 3.312254 ], [ 6.461782, 53.367055, 3.285805 ], [ 6.461794, 53.367042, 3.282759 ], [ 6.461805, 53.36703, 3.289133 ], [ 6.461816, 53.367017, 3.303979 ], [ 6.461826, 53.367005, 3.328178 ], [ 6.461837, 53.366994, 3.355516 ], [ 6.461847, 53.366983, 3.391803 ], [ 6.461848, 53.366981, 3.400793 ], [ 6.461859, 53.366969, 3.443796 ], [ 6.461869, 53.366957, 3.50413 ], [ 6.46188, 53.366944, 3.566236 ], [ 6.461891, 53.366931, 3.633684 ], [ 6.461902, 53.366918, 3.685828 ], [ 6.461912, 53.366905, 3.726827 ], [ 6.461923, 53.366892, 3.767079 ], [ 6.461933, 53.366879, 3.80688 ], [ 6.461942, 53.366866, 3.849113 ], [ 6.461951, 53.366853, 3.883366 ], [ 6.461961, 53.36684, 3.906249 ], [ 6.46197, 53.366828, 3.908621 ], [ 6.46198, 53.366815, 3.892615 ], [ 6.461988, 53.366802, 3.869775 ], [ 6.461996, 53.366789, 3.845812 ], [ 6.462003, 53.366776, 3.829117 ], [ 6.462009, 53.366764, 3.810868 ], [ 6.462012, 53.366752, 3.805466 ], [ 6.462014, 53.36674, 3.796253 ], [ 6.462014, 53.366729, 3.805954 ], [ 6.462012, 53.366721, 3.813157 ], [ 6.462009, 53.366716, 3.832762 ], [ 6.462005, 53.366713, 3.868091 ], [ 6.461994, 53.366708, 3.918948 ], [ 6.461978, 53.366702, 3.9845 ], [ 6.461958, 53.366694, 4.051964 ], [ 6.461938, 53.366686, 4.128133 ], [ 6.46192, 53.366678, 4.212573 ], [ 6.461903, 53.366668, 4.288405 ], [ 6.461887, 53.366658, 4.359616 ], [ 6.461873, 53.366648, 4.420616 ], [ 6.461861, 53.366636, 4.467543 ], [ 6.461849, 53.366625, 4.512197 ], [ 6.461837, 53.366614, 4.556714 ], [ 6.461825, 53.366602, 4.588033 ], [ 6.461814, 53.366591, 4.607675 ], [ 6.461803, 53.366579, 4.613931 ], [ 6.461793, 53.366568, 4.611714 ], [ 6.461784, 53.366557, 4.609981 ], [ 6.461775, 53.366546, 4.594092 ], [ 6.461768, 53.366535, 4.580204 ], [ 6.461761, 53.366523, 4.557969 ], [ 6.461755, 53.366509, 4.538484 ], [ 6.461749, 53.366495, 4.512337 ], [ 6.461743, 53.366482, 4.483031 ], [ 6.461735, 53.366471, 4.4586 ], [ 6.461726, 53.366461, 4.426885 ], [ 6.461715, 53.366453, 4.393391 ], [ 6.461702, 53.366445, 4.358818 ], [ 6.46169, 53.366437, 4.317795 ], [ 6.461678, 53.36643, 4.283271 ], [ 6.461667, 53.366423, 4.252117 ], [ 6.461659, 53.366414, 4.215942 ], [ 6.46165, 53.366405, 4.17695 ], [ 6.461642, 53.366393, 4.141625 ], [ 6.461637, 53.366381, 4.092676 ], [ 6.461635, 53.366367, 4.036682 ], [ 6.461636, 53.366353, 3.995579 ], [ 6.461642, 53.36634, 3.969628 ], [ 6.461651, 53.366327, 3.946325 ], [ 6.461661, 53.366314, 3.924219 ], [ 6.461672, 53.366302, 3.901074 ], [ 6.461683, 53.366289, 3.879075 ], [ 6.461694, 53.366277, 3.859895 ], [ 6.461705, 53.366265, 3.856875 ], [ 6.461716, 53.366252, 3.861944 ], [ 6.461727, 53.36624, 3.873904 ], [ 6.461737, 53.366227, 3.896314 ], [ 6.461747, 53.366214, 3.931366 ], [ 6.461756, 53.3662, 3.982878 ], [ 6.461765, 53.366187, 4.023538 ], [ 6.461773, 53.366175, 4.066832 ], [ 6.461782, 53.366162, 4.112414 ], [ 6.46179, 53.366149, 4.159709 ], [ 6.461799, 53.366136, 4.206299 ], [ 6.461808, 53.366123, 4.238288 ], [ 6.461817, 53.36611, 4.266698 ], [ 6.461827, 53.366097, 4.301557 ], [ 6.461836, 53.366085, 4.331644 ], [ 6.461846, 53.366073, 4.353434 ], [ 6.461856, 53.366061, 4.364331 ], [ 6.461865, 53.366049, 4.370673 ], [ 6.461875, 53.366038, 4.383368 ], [ 6.461884, 53.366027, 4.38957 ], [ 6.461893, 53.366016, 4.396496 ], [ 6.461903, 53.366006, 4.39483 ], [ 6.461912, 53.365995, 4.385697 ], [ 6.46192, 53.365984, 4.392652 ], [ 6.461928, 53.365972, 4.392561 ], [ 6.461936, 53.365961, 4.394503 ], [ 6.461944, 53.365949, 4.399723 ], [ 6.461952, 53.365937, 4.409044 ], [ 6.461962, 53.365926, 4.42551 ], [ 6.461972, 53.365913, 4.435023 ], [ 6.461982, 53.3659, 4.451208 ], [ 6.461992, 53.365888, 4.452923 ], [ 6.462002, 53.365876, 4.455283 ], [ 6.462013, 53.365865, 4.462332 ], [ 6.462024, 53.365853, 4.471292 ], [ 6.462035, 53.365842, 4.480718 ], [ 6.462044, 53.36583, 4.489236 ], [ 6.462053, 53.365819, 4.506058 ], [ 6.462061, 53.365808, 4.520544 ], [ 6.46207, 53.365798, 4.527099 ], [ 6.46208, 53.365789, 4.526202 ], [ 6.462089, 53.36578, 4.539914 ], [ 6.462096, 53.365771, 4.564275 ], [ 6.462104, 53.36576, 4.574318 ], [ 6.462112, 53.365748, 4.597553 ], [ 6.462122, 53.365736, 4.617133 ], [ 6.462132, 53.365723, 4.631529 ], [ 6.462144, 53.365711, 4.654318 ], [ 6.462156, 53.3657, 4.689702 ], [ 6.462168, 53.365689, 4.731589 ], [ 6.462179, 53.365679, 4.763053 ], [ 6.46219, 53.365669, 4.797866 ], [ 6.4622, 53.365658, 4.839185 ], [ 6.462209, 53.365646, 4.883979 ], [ 6.462215, 53.365633, 4.935184 ], [ 6.462218, 53.36562, 4.988738 ], [ 6.462218, 53.365607, 5.033212 ], [ 6.462214, 53.365594, 5.070441 ], [ 6.462208, 53.365582, 5.105732 ], [ 6.462201, 53.365571, 5.149113 ], [ 6.462193, 53.365561, 5.186623 ], [ 6.462184, 53.365552, 5.224063 ], [ 6.462172, 53.365544, 5.274253 ], [ 6.462155, 53.365534, 5.322438 ], [ 6.462136, 53.365526, 5.378365 ], [ 6.462118, 53.365518, 5.432019 ], [ 6.462103, 53.365512, 5.485065 ], [ 6.46209, 53.365507, 5.532714 ], [ 6.462076, 53.365502, 5.584262 ], [ 6.462059, 53.365496, 5.633919 ], [ 6.46204, 53.36549, 5.686049 ], [ 6.462018, 53.365485, 5.74143 ], [ 6.461996, 53.365479, 5.796359 ], [ 6.461973, 53.365474, 5.852349 ], [ 6.461951, 53.365469, 5.908165 ], [ 6.46193, 53.365463, 5.956654 ], [ 6.461911, 53.365458, 6.001109 ], [ 6.461893, 53.365452, 6.042055 ], [ 6.461875, 53.365447, 6.082455 ], [ 6.461856, 53.365441, 6.101538 ], [ 6.461838, 53.365436, 6.125093 ], [ 6.461819, 53.36543, 6.150248 ], [ 6.461799, 53.365424, 6.169298 ], [ 6.461778, 53.365419, 6.184081 ], [ 6.461757, 53.365415, 6.205017 ], [ 6.461736, 53.365409, 6.221136 ], [ 6.461716, 53.365403, 6.251935 ], [ 6.461697, 53.365397, 6.291505 ], [ 6.461679, 53.36539, 6.318552 ], [ 6.461659, 53.365381, 6.333323 ], [ 6.461639, 53.365373, 6.349843 ], [ 6.461617, 53.365366, 6.365107 ], [ 6.461594, 53.36536, 6.38911 ], [ 6.461571, 53.365355, 6.40535 ], [ 6.461547, 53.365349, 6.414308 ], [ 6.461522, 53.365342, 6.424885 ], [ 6.461497, 53.365335, 6.439528 ], [ 6.461476, 53.365329, 6.453698 ], [ 6.461456, 53.365324, 6.469793 ], [ 6.461438, 53.36532, 6.490476 ], [ 6.46142, 53.365316, 6.513212 ], [ 6.461399, 53.365313, 6.539579 ], [ 6.461378, 53.365309, 6.556512 ], [ 6.461357, 53.365304, 6.565447 ], [ 6.461337, 53.3653, 6.582817 ], [ 6.461316, 53.365297, 6.604784 ], [ 6.461295, 53.365293, 6.626309 ], [ 6.461275, 53.365289, 6.653241 ], [ 6.461253, 53.365284, 6.679855 ], [ 6.461233, 53.365279, 6.714564 ], [ 6.461213, 53.365274, 6.735701 ], [ 6.461194, 53.365269, 6.768992 ], [ 6.461175, 53.365264, 6.803704 ], [ 6.461156, 53.36526, 6.832881 ], [ 6.461138, 53.365256, 6.883785 ], [ 6.461118, 53.365252, 6.93841 ], [ 6.461096, 53.365249, 6.994629 ], [ 6.461073, 53.365246, 7.045643 ], [ 6.46105, 53.365243, 7.097044 ], [ 6.461029, 53.36524, 7.162772 ], [ 6.461011, 53.365237, 7.221567 ], [ 6.460994, 53.365234, 7.281936 ], [ 6.460975, 53.36523, 7.342042 ], [ 6.460957, 53.365227, 7.40044 ], [ 6.460939, 53.365224, 7.456115 ], [ 6.460923, 53.365221, 7.50806 ], [ 6.460909, 53.36522, 7.555621 ], [ 6.460895, 53.36522, 7.598619 ], [ 6.460882, 53.365221, 7.637134 ], [ 6.46087, 53.365222, 7.666787 ], [ 6.460863, 53.365223, 7.693153 ], [ 6.460862, 53.365223, 7.718126 ], [ 6.460865, 53.365222, 7.729693 ], [ 6.460867, 53.365222, 7.741827 ], [ 6.460868, 53.365222, 7.727788 ], [ 6.460869, 53.365221, 7.701456 ], [ 6.460868, 53.365221, 7.663381 ], [ 6.460866, 53.365219, 7.61899 ], [ 6.460862, 53.365217, 7.573305 ], [ 6.460854, 53.365215, 7.535102 ], [ 6.460842, 53.365213, 7.479894 ], [ 6.460826, 53.365213, 7.440103 ], [ 6.460809, 53.365213, 7.402853 ], [ 6.460793, 53.365212, 7.330939 ], [ 6.460783, 53.36521, 7.297636 ], [ 6.460779, 53.365207, 7.268234 ], [ 6.460776, 53.365203, 7.249647 ], [ 6.460768, 53.365198, 7.241558 ], [ 6.460754, 53.365191, 7.240255 ], [ 6.460738, 53.365183, 7.236362 ], [ 6.460724, 53.365177, 7.238238 ], [ 6.460713, 53.365173, 7.255676 ], [ 6.460698, 53.365168, 7.277003 ], [ 6.460682, 53.365162, 7.312429 ], [ 6.460662, 53.365155, 7.351272 ], [ 6.460642, 53.365146, 7.389968 ], [ 6.460624, 53.365138, 7.423356 ], [ 6.460607, 53.365129, 7.428982 ], [ 6.460592, 53.365122, 7.437532 ], [ 6.460579, 53.365116, 7.445132 ], [ 6.460565, 53.365111, 7.44594 ], [ 6.46055, 53.365106, 7.439976 ], [ 6.460534, 53.365101, 7.42191 ], [ 6.460515, 53.365097, 7.405742 ], [ 6.460495, 53.365094, 7.386594 ], [ 6.460473, 53.365091, 7.368602 ], [ 6.460449, 53.365087, 7.352148 ], [ 6.460427, 53.365082, 7.333538 ], [ 6.460407, 53.365075, 7.318012 ], [ 6.460389, 53.365066, 7.30305 ], [ 6.460371, 53.365057, 7.287724 ], [ 6.460357, 53.365048, 7.282675 ], [ 6.460343, 53.365038, 7.299397 ], [ 6.460326, 53.365027, 7.328127 ], [ 6.460308, 53.365014, 7.356281 ], [ 6.46029, 53.365003, 7.394789 ], [ 6.460271, 53.364992, 7.417842 ], [ 6.460251, 53.36498, 7.431447 ], [ 6.460231, 53.364968, 7.456555 ], [ 6.46021, 53.364958, 7.462451 ], [ 6.460189, 53.364947, 7.478415 ], [ 6.460169, 53.364938, 7.511625 ], [ 6.460149, 53.364928, 7.538371 ], [ 6.460131, 53.364918, 7.563327 ], [ 6.460114, 53.364909, 7.582046 ], [ 6.460098, 53.3649, 7.588052 ], [ 6.460085, 53.36489, 7.594398 ], [ 6.460076, 53.364881, 7.598498 ], [ 6.460071, 53.36487, 7.605272 ], [ 6.460072, 53.364859, 7.593112 ], [ 6.460077, 53.364848, 7.601091 ], [ 6.460084, 53.364837, 7.580518 ], [ 6.460088, 53.364828, 7.554096 ], [ 6.46009, 53.364821, 7.524887 ], [ 6.460089, 53.364818, 7.492491 ], [ 6.460087, 53.364816, 7.456842 ], [ 6.460086, 53.364815, 7.418111 ], [ 6.460086, 53.364816, 7.374665 ], [ 6.460086, 53.364816, 7.327521 ], [ 6.460087, 53.364817, 7.282192 ], [ 6.460089, 53.364817, 7.237055 ], [ 6.460091, 53.364818, 7.210402 ], [ 6.460094, 53.364819, 7.192235 ], [ 6.460096, 53.364821, 7.178572 ], [ 6.460098, 53.364822, 7.165815 ], [ 6.4601, 53.364824, 7.149887 ], [ 6.460103, 53.364825, 7.159655 ], [ 6.460107, 53.364826, 7.153692 ], [ 6.460112, 53.364826, 7.201909 ], [ 6.460121, 53.364825, 7.270562 ], [ 6.460132, 53.364824, 7.293555 ], [ 6.460145, 53.364824, 7.292605 ], [ 6.460157, 53.364825, 7.31472 ], [ 6.460168, 53.364827, 7.318786 ], [ 6.460182, 53.36483, 7.345083 ], [ 6.460198, 53.364833, 7.341235 ], [ 6.460214, 53.364836, 7.340855 ], [ 6.460228, 53.364838, 7.326485 ], [ 6.46024, 53.364839, 7.303261 ], [ 6.460246, 53.36484, 7.296117 ], [ 6.460249, 53.36484, 7.282185 ], [ 6.460249, 53.36484, 7.253283 ], [ 6.460249, 53.36484, 7.225572 ], [ 6.460248, 53.36484, 7.19637 ], [ 6.460248, 53.36484, 7.166643 ], [ 6.460247, 53.36484, 7.137202 ], [ 6.460246, 53.36484, 7.108794 ], [ 6.460246, 53.36484, 7.08135 ], [ 6.460245, 53.36484, 7.05617 ], [ 6.460244, 53.36484, 7.032325 ], [ 6.460244, 53.36484, 7.009066 ], [ 6.460244, 53.36484, 6.985983 ], [ 6.460153, 53.364775, 5.793781 ], [ 6.460148, 53.364773, 5.900094 ], [ 6.460141, 53.364772, 5.99366 ], [ 6.460132, 53.36477, 6.077515 ], [ 6.460123, 53.364765, 6.156203 ], [ 6.460115, 53.364758, 6.230226 ], [ 6.460109, 53.36475, 6.297675 ], [ 6.460107, 53.36474, 6.356306 ], [ 6.460107, 53.364731, 6.404833 ], [ 6.460107, 53.36473, 6.40085 ], [ 6.460113, 53.364716, 6.477183 ], [ 6.460117, 53.364712, 6.504662 ], [ 6.460121, 53.364707, 6.370961 ], [ 6.460125, 53.364702, 6.333073 ], [ 6.46013, 53.364698, 6.30375 ], [ 6.460134, 53.364694, 6.280129 ], [ 6.460138, 53.364692, 6.259809 ], [ 6.460141, 53.36469, 6.241744 ], [ 6.460144, 53.364688, 6.223099 ], [ 6.460145, 53.364687, 6.203736 ], [ 6.460148, 53.364686, 6.184147 ], [ 6.46015, 53.364685, 6.164185 ], [ 6.460153, 53.364684, 6.144102 ], [ 6.460158, 53.364684, 6.124222 ], [ 6.460164, 53.364684, 6.108169 ], [ 6.460172, 53.364685, 6.091772 ], [ 6.46018, 53.364686, 6.078688 ], [ 6.460188, 53.364688, 6.069334 ], [ 6.460196, 53.364691, 6.064152 ], [ 6.460204, 53.364694, 6.063235 ], [ 6.460211, 53.364698, 6.065287 ], [ 6.460218, 53.364702, 6.071894 ], [ 6.460225, 53.364706, 6.0814 ], [ 6.460232, 53.364709, 6.09363 ], [ 6.460238, 53.364712, 6.106583 ], [ 6.460244, 53.364714, 6.120616 ], [ 6.46025, 53.364714, 6.13558 ], [ 6.460256, 53.364714, 6.150584 ], [ 6.460261, 53.364711, 6.164917 ], [ 6.460266, 53.364708, 6.177998 ], [ 6.460269, 53.364704, 6.189402 ], [ 6.460271, 53.364699, 6.198873 ], [ 6.460271, 53.364695, 6.206319 ], [ 6.46027, 53.364691, 6.211841 ], [ 6.460268, 53.364689, 6.21571 ], [ 6.460266, 53.364687, 6.218266 ], [ 6.460263, 53.364685, 6.219814 ], [ 6.46026, 53.364684, 6.220576 ], [ 6.460257, 53.364684, 6.220732 ], [ 6.460254, 53.364684, 6.220435 ], [ 6.460253, 53.364684, 6.219812 ], [ 6.460252, 53.364684, 6.218972 ], [ 6.460251, 53.364684, 6.218001 ], [ 6.460251, 53.364684, 6.217627 ], [ 6.460251, 53.364684, 6.217222 ], [ 6.460251, 53.364684, 6.216967 ], [ 6.460252, 53.364685, 6.216569 ], [ 6.460251, 53.364685, 6.215894 ], [ 6.460251, 53.364685, 6.215107 ], [ 6.46025, 53.364685, 6.214139 ], [ 6.460248, 53.364685, 6.212942 ], [ 6.460246, 53.364685, 6.211521 ], [ 6.460242, 53.364685, 6.20988 ], [ 6.460239, 53.364685, 6.20799 ], [ 6.460235, 53.364685, 6.20577 ], [ 6.460232, 53.364685, 6.203168 ], [ 6.460229, 53.364684, 6.200103 ], [ 6.460226, 53.364684, 6.196581 ], [ 6.460224, 53.364684, 6.192625 ], [ 6.460222, 53.364683, 6.188383 ], [ 6.460221, 53.364683, 6.183819 ], [ 6.460219, 53.364683, 6.178938 ], [ 6.460217, 53.364683, 6.173821 ], [ 6.460215, 53.364683, 6.168935 ], [ 6.460212, 53.364683, 6.161921 ], [ 6.46021, 53.364683, 6.153593 ], [ 6.460207, 53.364684, 6.143509 ], [ 6.460203, 53.364684, 6.1316 ], [ 6.460199, 53.364684, 6.117711 ], [ 6.460193, 53.364684, 6.10171 ], [ 6.460185, 53.364683, 6.083944 ], [ 6.460175, 53.364682, 6.069411 ], [ 6.460162, 53.364681, 6.054007 ], [ 6.460149, 53.36468, 6.038047 ], [ 6.460137, 53.364678, 6.013726 ], [ 6.460129, 53.364676, 5.986134 ], [ 6.460118, 53.364672, 5.955566 ], [ 6.460101, 53.364664, 5.922314 ], [ 6.460082, 53.364655, 5.886287 ], [ 6.460063, 53.364646, 5.847464 ], [ 6.460044, 53.364637, 5.80614 ], [ 6.460027, 53.364628, 5.761956 ], [ 6.460009, 53.364619, 5.713869 ], [ 6.459993, 53.36461, 5.661666 ], [ 6.459977, 53.364602, 5.606367 ], [ 6.459963, 53.364594, 5.549269 ], [ 6.459952, 53.364587, 5.490736 ], [ 6.459944, 53.364582, 5.43017 ], [ 6.459935, 53.364577, 5.369055 ], [ 6.459921, 53.364569, 5.307319 ], [ 6.459903, 53.364559, 5.244216 ], [ 6.459885, 53.364547, 5.179696 ], [ 6.459867, 53.364536, 5.114104 ], [ 6.459849, 53.364524, 5.048362 ], [ 6.459832, 53.364512, 4.98311 ], [ 6.459817, 53.364499, 4.917958 ], [ 6.459805, 53.364486, 4.852643 ], [ 6.459797, 53.364472, 4.788612 ], [ 6.459794, 53.364458, 4.725917 ], [ 6.459795, 53.364443, 4.664747 ], [ 6.459799, 53.364429, 4.605562 ], [ 6.459807, 53.364416, 4.548976 ], [ 6.459819, 53.364404, 4.495634 ], [ 6.459832, 53.364392, 4.446181 ], [ 6.459845, 53.364381, 4.40028 ], [ 6.459858, 53.36437, 4.356399 ], [ 6.459874, 53.364359, 4.31702 ], [ 6.45989, 53.364349, 4.282403 ], [ 6.459906, 53.364338, 4.252015 ], [ 6.459922, 53.364328, 4.225318 ], [ 6.459938, 53.364317, 4.201045 ], [ 6.459953, 53.364307, 4.177203 ], [ 6.459968, 53.364298, 4.156399 ], [ 6.459982, 53.364289, 4.141594 ], [ 6.459995, 53.36428, 4.131605 ], [ 6.460008, 53.364272, 4.124831 ], [ 6.46002, 53.364263, 4.117512 ], [ 6.460033, 53.364255, 4.109651 ], [ 6.460048, 53.364248, 4.100324 ], [ 6.460062, 53.364241, 4.087949 ], [ 6.460077, 53.364235, 4.071399 ], [ 6.460092, 53.364229, 4.052054 ], [ 6.460107, 53.364224, 4.031139 ], [ 6.460122, 53.36422, 4.008307 ], [ 6.460137, 53.364217, 3.983916 ], [ 6.46015, 53.364213, 3.957793 ], [ 6.460162, 53.364209, 3.928472 ], [ 6.460174, 53.364206, 3.897051 ], [ 6.460186, 53.364201, 3.865017 ], [ 6.460198, 53.364197, 3.834058 ], [ 6.460212, 53.364193, 3.805755 ], [ 6.460226, 53.364189, 3.780965 ], [ 6.46024, 53.364184, 3.759 ], [ 6.460255, 53.36418, 3.739465 ], [ 6.460271, 53.364176, 3.722927 ], [ 6.460287, 53.364171, 3.708291 ], [ 6.460303, 53.364166, 3.694858 ], [ 6.460319, 53.364161, 3.682947 ], [ 6.460336, 53.364157, 3.672185 ], [ 6.460354, 53.364152, 3.662089 ], [ 6.460372, 53.364147, 3.653642 ], [ 6.46039, 53.364143, 3.647349 ], [ 6.460408, 53.364138, 3.64266 ], [ 6.460427, 53.364132, 3.639237 ], [ 6.460445, 53.364126, 3.637104 ], [ 6.460464, 53.364121, 3.635482 ], [ 6.460482, 53.364115, 3.635015 ], [ 6.4605, 53.364109, 3.635357 ], [ 6.460518, 53.364104, 3.635256 ], [ 6.460535, 53.364097, 3.634036 ], [ 6.460551, 53.364091, 3.633178 ], [ 6.460566, 53.364083, 3.631756 ], [ 6.460581, 53.364076, 3.630286 ], [ 6.460597, 53.364069, 3.626461 ], [ 6.460612, 53.364063, 3.62013 ], [ 6.460627, 53.364058, 3.616745 ], [ 6.460642, 53.364052, 3.613945 ], [ 6.460656, 53.364045, 3.601725 ], [ 6.460669, 53.364038, 3.590463 ], [ 6.460683, 53.36403, 3.572913 ], [ 6.460696, 53.364022, 3.554779 ], [ 6.460709, 53.364015, 3.537674 ], [ 6.460723, 53.364009, 3.528966 ], [ 6.460736, 53.364004, 3.515234 ], [ 6.460749, 53.363999, 3.501669 ], [ 6.460761, 53.364, 3.457612 ], [ 6.46077, 53.364008, 3.413262 ], [ 6.460777, 53.364017, 3.364367 ], [ 6.46078, 53.364026, 3.311599 ], [ 6.460782, 53.364032, 3.255475 ], [ 6.460783, 53.364035, 3.209331 ], [ 6.460784, 53.364037, 3.164468 ], [ 6.460786, 53.364038, 3.136896 ], [ 6.460787, 53.36404, 3.096959 ], [ 6.460787, 53.364042, 3.067738 ], [ 6.460785, 53.364045, 3.054041 ], [ 6.460783, 53.364046, 3.034448 ], [ 6.460783, 53.364046, 3.025346 ], [ 6.460783, 53.364046, 3.024309 ], [ 6.460782, 53.364045, 3.035171 ], [ 6.460782, 53.364044, 3.052229 ], [ 6.460782, 53.364043, 3.075512 ], [ 6.460781, 53.364043, 3.100612 ], [ 6.46078, 53.364043, 3.161713 ], [ 6.460779, 53.364044, 3.23126 ], [ 6.460777, 53.364045, 3.307738 ], [ 6.460776, 53.364047, 3.362448 ], [ 6.460775, 53.364048, 3.416776 ], [ 6.460774, 53.364049, 3.470117 ], [ 6.460774, 53.36405, 3.521722 ], [ 6.460774, 53.36405, 3.570713 ], [ 6.460774, 53.36405, 3.616103 ], [ 6.460775, 53.364049, 3.656747 ], [ 6.460776, 53.364049, 3.685061 ], [ 6.460778, 53.364049, 3.704925 ], [ 6.46078, 53.364048, 3.715425 ], [ 6.460783, 53.364047, 3.717043 ], [ 6.460786, 53.364046, 3.71105 ], [ 6.460787, 53.364046, 3.698872 ], [ 6.460788, 53.364046, 3.681788 ], [ 6.460787, 53.364046, 3.660951 ], [ 6.460786, 53.364046, 3.632798 ], [ 6.460784, 53.364047, 3.601985 ], [ 6.460782, 53.364048, 3.569456 ], [ 6.46078, 53.364049, 3.536101 ], [ 6.460779, 53.36405, 3.50265 ], [ 6.460778, 53.36405, 3.469652 ], [ 6.460778, 53.36405, 3.437521 ], [ 6.460778, 53.36405, 3.406576 ], [ 6.460779, 53.36405, 3.377079 ], [ 6.460779, 53.36405, 3.349269 ], [ 6.46078, 53.36405, 3.323403 ], [ 6.46078, 53.36405, 3.299973 ], [ 6.460781, 53.36405, 3.27895 ], [ 6.460781, 53.36405, 3.260392 ], [ 6.460781, 53.36405, 3.244272 ], [ 6.460781, 53.36405, 3.2305 ], [ 6.460781, 53.36405, 3.21894 ], [ 6.460781, 53.36405, 3.209422 ], [ 6.46078, 53.36405, 3.201757 ], [ 6.460779, 53.36405, 3.195744 ], [ 6.460778, 53.364051, 3.191178 ], [ 6.460776, 53.364051, 3.187854 ], [ 6.460775, 53.364051, 3.185574 ], [ 6.460773, 53.364052, 3.184156 ], [ 6.460773, 53.364052, 3.183433 ], [ 6.460772, 53.364052, 3.183262 ], [ 6.460772, 53.364052, 3.183516 ], [ 6.460772, 53.364052, 3.184085 ], [ 6.460772, 53.364052, 3.184878 ], [ 6.460772, 53.364052, 3.185818 ], [ 6.460772, 53.364052, 3.186843 ], [ 6.460772, 53.364052, 3.187902 ], [ 6.460772, 53.364052, 3.188958 ], [ 6.460772, 53.364052, 3.189979 ], [ 6.460772, 53.364052, 3.190944 ], [ 6.460772, 53.364052, 3.191839 ], [ 6.460772, 53.364052, 3.192655 ], [ 6.460772, 53.364052, 3.193386 ], [ 6.460772, 53.364052, 3.194031 ], [ 6.460772, 53.364052, 3.194593 ], [ 6.460772, 53.364052, 3.195075 ], [ 6.460772, 53.364052, 3.195482 ], [ 6.460772, 53.364052, 3.19582 ], [ 6.460772, 53.364052, 3.196095 ], [ 6.460772, 53.364052, 3.196316 ], [ 6.460772, 53.364052, 3.196487 ], [ 6.460772, 53.364052, 3.196617 ], [ 6.460772, 53.364052, 3.196711 ], [ 6.460772, 53.364052, 3.196775 ], [ 6.460772, 53.364052, 3.196815 ], [ 6.460772, 53.364052, 3.196834 ], [ 6.460772, 53.364052, 3.196838 ], [ 6.460772, 53.364052, 3.19683 ], [ 6.460772, 53.364052, 3.196813 ], [ 6.460772, 53.364052, 3.196789 ], [ 6.460772, 53.364052, 3.196761 ], [ 6.460772, 53.364052, 3.196731 ], [ 6.460772, 53.364052, 3.196701 ], [ 6.460772, 53.364052, 3.19667 ], [ 6.460772, 53.364052, 3.19664 ], [ 6.460772, 53.364052, 3.196612 ], [ 6.460772, 53.364052, 3.196587 ], [ 6.460772, 53.364052, 3.196563 ], [ 6.460772, 53.364052, 3.196542 ], [ 6.460772, 53.364052, 3.196523 ], [ 6.460772, 53.364052, 3.196507 ], [ 6.460772, 53.364052, 3.196493 ], [ 6.460772, 53.364052, 3.196482 ], [ 6.460772, 53.364052, 3.196472 ], [ 6.460772, 53.364052, 3.196464 ], [ 6.460772, 53.364052, 3.196458 ], [ 6.460772, 53.364052, 3.207302 ], [ 6.460772, 53.364052, 3.227238 ], [ 6.460772, 53.364052, 3.251458 ], [ 6.460772, 53.364052, 3.279522 ], [ 6.460772, 53.364052, 3.311407 ], [ 6.460772, 53.364051, 3.347029 ], [ 6.460772, 53.36405, 3.372991 ], [ 6.460772, 53.364048, 3.399413 ], [ 6.460772, 53.364045, 3.425773 ], [ 6.460772, 53.364042, 3.45132 ], [ 6.460772, 53.364037, 3.476728 ], [ 6.460773, 53.364033, 3.499484 ], [ 6.460773, 53.364031, 3.51853 ], [ 6.460774, 53.36403, 3.533184 ], [ 6.460775, 53.364029, 3.543213 ], [ 6.460777, 53.36403, 3.548814 ], [ 6.460779, 53.364032, 3.550609 ], [ 6.46078, 53.364034, 3.549487 ], [ 6.460782, 53.364036, 3.546308 ], [ 6.460782, 53.364037, 3.541756 ], [ 6.460783, 53.364039, 3.536345 ], [ 6.460783, 53.364041, 3.530453 ], [ 6.460783, 53.364042, 3.524367 ], [ 6.460783, 53.364042, 3.518309 ], [ 6.460783, 53.364043, 3.512449 ], [ 6.460783, 53.364043, 3.506911 ], [ 6.460783, 53.364043, 3.501778 ], [ 6.460783, 53.364043, 3.497103 ], [ 6.460783, 53.364043, 3.492912 ], [ 6.460783, 53.364043, 3.489212 ], [ 6.460783, 53.364043, 3.485993 ], [ 6.460783, 53.364043, 3.483234 ], [ 6.460783, 53.364043, 3.480904 ], [ 6.460783, 53.364043, 3.47897 ], [ 6.460783, 53.364043, 3.477393 ], [ 6.460783, 53.364043, 3.476133 ], [ 6.460783, 53.364043, 3.475152 ], [ 6.460783, 53.364043, 3.481031 ], [ 6.460783, 53.364043, 3.488576 ], [ 6.460783, 53.364043, 3.503607 ], [ 6.460783, 53.364043, 3.531746 ], [ 6.460783, 53.364043, 3.563851 ], [ 6.460783, 53.364043, 3.578306 ], [ 6.460784, 53.364043, 3.59102 ], [ 6.460784, 53.364044, 3.60302 ], [ 6.460784, 53.364044, 3.613927 ], [ 6.460785, 53.364045, 3.623211 ], [ 6.460785, 53.364046, 3.630173 ], [ 6.460784, 53.364046, 3.634013 ], [ 6.460783, 53.364045, 3.633962 ], [ 6.460781, 53.364045, 3.629421 ], [ 6.46078, 53.364045, 3.620217 ], [ 6.460779, 53.364045, 3.606894 ], [ 6.460779, 53.364046, 3.590575 ], [ 6.460779, 53.364046, 3.572437 ], [ 6.460779, 53.364046, 3.553441 ], [ 6.460779, 53.364046, 3.534345 ], [ 6.460779, 53.364046, 3.515728 ], [ 6.460779, 53.364046, 3.498017 ], [ 6.460779, 53.364046, 3.48151 ], [ 6.460779, 53.364046, 3.4664 ], [ 6.460779, 53.364046, 3.452793 ], [ 6.460779, 53.364046, 3.440725 ], [ 6.460779, 53.364046, 3.430179 ], [ 6.460779, 53.364046, 3.421099 ], [ 6.460779, 53.364046, 3.413398 ], [ 6.460779, 53.364046, 3.406971 ], [ 6.460779, 53.364046, 3.401701 ], [ 6.460779, 53.364046, 3.397464 ], [ 6.460779, 53.364046, 3.394136 ], [ 6.460779, 53.364046, 3.391598 ], [ 6.460779, 53.364046, 3.389735 ], [ 6.460779, 53.364046, 3.388439 ], [ 6.460779, 53.364046, 3.387612 ], [ 6.460779, 53.364046, 3.387167 ], [ 6.460779, 53.364046, 3.387025 ], [ 6.460779, 53.364046, 3.387119 ], [ 6.460779, 53.364046, 3.387388 ], [ 6.460779, 53.364046, 3.387784 ], [ 6.460779, 53.364046, 3.388264 ], [ 6.460779, 53.364046, 3.388794 ], [ 6.460779, 53.364046, 3.389348 ], [ 6.460779, 53.364046, 3.389903 ], [ 6.460779, 53.364046, 3.390442 ], [ 6.460779, 53.364046, 3.390955 ], [ 6.460779, 53.364046, 3.391432 ], [ 6.460779, 53.364046, 3.391868 ], [ 6.460779, 53.364046, 3.39226 ], [ 6.460779, 53.364046, 3.392607 ], [ 6.460779, 53.364046, 3.39291 ], [ 6.460779, 53.364046, 3.393171 ], [ 6.460779, 53.364046, 3.403904 ], [ 6.460779, 53.364046, 3.416804 ], [ 6.460779, 53.364046, 3.436206 ], [ 6.460779, 53.364046, 3.458701 ], [ 6.460779, 53.364046, 3.484273 ], [ 6.460779, 53.364046, 3.51286 ], [ 6.460779, 53.364047, 3.544321 ], [ 6.46078, 53.364047, 3.578406 ], [ 6.460781, 53.364049, 3.614717 ], [ 6.460782, 53.364051, 3.652669 ], [ 6.460784, 53.364053, 3.691445 ], [ 6.460786, 53.364055, 3.730068 ], [ 6.460787, 53.364055, 3.767594 ], [ 6.460789, 53.364056, 3.80323 ], [ 6.46079, 53.364056, 3.836394 ], [ 6.46079, 53.364056, 3.871332 ], [ 6.460791, 53.364056, 3.904191 ], [ 6.460791, 53.364056, 3.934911 ], [ 6.460791, 53.364056, 3.963572 ], [ 6.460791, 53.364056, 3.990206 ], [ 6.460791, 53.364056, 4.015001 ], [ 6.460791, 53.364056, 4.038116 ], [ 6.460791, 53.364056, 4.05969 ], [ 6.46079, 53.364057, 4.079819 ], [ 6.46079, 53.364057, 4.098536 ], [ 6.460789, 53.364058, 4.115787 ], [ 6.460788, 53.364059, 4.13146 ], [ 6.460788, 53.36406, 4.145476 ], [ 6.460788, 53.36406, 4.157824 ], [ 6.460787, 53.36406, 4.168543 ], [ 6.460787, 53.36406, 4.157042 ], [ 6.460787, 53.36406, 4.13976 ], [ 6.460787, 53.36406, 4.116799 ], [ 6.460787, 53.36406, 4.088285 ], [ 6.460787, 53.36406, 4.054397 ], [ 6.460787, 53.36406, 4.015401 ], [ 6.460788, 53.364059, 3.971689 ], [ 6.460788, 53.364058, 3.923826 ], [ 6.460788, 53.364056, 3.872601 ], [ 6.460788, 53.364053, 3.81909 ], [ 6.460789, 53.36405, 3.764716 ], [ 6.460789, 53.364047, 3.711084 ], [ 6.46079, 53.364045, 3.659577 ], [ 6.46079, 53.364044, 3.611186 ], [ 6.46079, 53.364044, 3.566572 ], [ 6.46079, 53.364044, 3.526132 ], [ 6.46079, 53.364043, 3.490043 ], [ 6.46079, 53.364043, 3.458317 ], [ 6.46079, 53.364043, 3.430833 ], [ 6.46079, 53.364043, 3.416867 ], [ 6.46079, 53.364043, 3.408508 ], [ 6.46079, 53.364043, 3.405548 ], [ 6.46079, 53.364043, 3.407641 ], [ 6.46079, 53.364043, 3.414417 ], [ 6.46079, 53.364044, 3.425466 ], [ 6.46079, 53.364044, 3.440335 ], [ 6.460789, 53.364044, 3.458508 ], [ 6.460788, 53.364045, 3.479388 ], [ 6.460787, 53.364045, 3.498455 ], [ 6.460786, 53.364046, 3.518051 ], [ 6.460785, 53.364047, 3.537144 ], [ 6.460784, 53.364048, 3.55496 ], [ 6.460784, 53.364048, 3.570938 ], [ 6.460784, 53.364048, 3.584697 ], [ 6.460784, 53.364048, 3.596023 ], [ 6.460784, 53.364048, 3.604844 ], [ 6.460785, 53.364047, 3.611222 ], [ 6.460786, 53.364046, 3.615344 ], [ 6.460787, 53.364045, 3.617514 ], [ 6.460787, 53.364044, 3.618106 ], [ 6.460788, 53.364043, 3.617482 ], [ 6.460788, 53.364043, 3.615951 ], [ 6.460789, 53.364042, 3.616304 ], [ 6.460789, 53.364042, 3.61676 ], [ 6.460789, 53.364042, 3.617498 ], [ 6.460789, 53.364042, 3.618662 ], [ 6.460789, 53.364042, 3.620359 ], [ 6.460789, 53.364043, 3.622658 ], [ 6.460789, 53.364043, 3.625587 ], [ 6.460789, 53.364044, 3.624595 ], [ 6.460789, 53.364046, 3.623214 ], [ 6.460789, 53.364048, 3.621336 ], [ 6.460789, 53.364052, 3.618799 ], [ 6.460789, 53.364054, 3.615422 ], [ 6.460789, 53.364056, 3.611065 ], [ 6.460789, 53.364056, 3.605657 ], [ 6.460789, 53.364055, 3.599204 ], [ 6.46079, 53.364054, 3.601381 ], [ 6.46079, 53.364052, 3.584815 ], [ 6.460791, 53.364049, 3.572941 ], [ 6.460791, 53.364046, 3.563562 ], [ 6.460792, 53.364045, 3.557912 ], [ 6.460792, 53.364044, 3.540528 ], [ 6.460792, 53.364043, 3.527063 ], [ 6.460792, 53.364043, 3.511624 ], [ 6.460791, 53.364043, 3.496573 ], [ 6.46079, 53.364043, 3.482144 ], [ 6.460789, 53.364044, 3.463358 ], [ 6.460788, 53.364045, 3.444728 ], [ 6.460787, 53.364046, 3.42579 ], [ 6.460786, 53.364046, 3.406734 ], [ 6.460786, 53.364044, 3.387637 ], [ 6.460786, 53.364042, 3.358884 ], [ 6.460786, 53.364041, 3.326981 ], [ 6.460786, 53.364039, 3.293675 ], [ 6.460786, 53.364038, 3.258913 ], [ 6.460785, 53.364038, 3.222855 ], [ 6.460785, 53.364038, 3.185708 ], [ 6.460785, 53.364038, 3.14775 ], [ 6.460784, 53.364037, 3.109295 ], [ 6.460784, 53.364037, 3.079193 ], [ 6.460783, 53.364036, 3.051218 ], [ 6.460782, 53.364035, 3.026015 ], [ 6.460781, 53.364035, 3.004312 ], [ 6.46078, 53.364035, 2.996379 ], [ 6.46078, 53.364034, 2.994148 ], [ 6.46078, 53.364034, 3.002679 ], [ 6.46078, 53.364034, 3.020399 ], [ 6.46078, 53.364034, 3.050399 ], [ 6.460779, 53.364033, 3.088457 ], [ 6.460779, 53.364033, 3.133554 ], [ 6.460779, 53.364033, 3.184629 ], [ 6.460779, 53.364033, 3.240532 ], [ 6.460779, 53.364033, 3.303645 ], [ 6.460779, 53.364034, 3.370299 ], [ 6.460779, 53.364034, 3.438681 ], [ 6.460779, 53.364035, 3.507411 ], [ 6.460779, 53.364036, 3.575204 ], [ 6.460779, 53.364037, 3.640901 ], [ 6.460779, 53.364037, 3.703532 ], [ 6.46078, 53.364038, 3.762376 ], [ 6.460781, 53.364038, 3.816946 ], [ 6.460782, 53.364038, 3.866926 ], [ 6.460783, 53.364039, 3.905666 ], [ 6.460785, 53.364039, 3.938266 ], [ 6.460786, 53.36404, 3.964625 ], [ 6.460786, 53.36404, 3.984888 ], [ 6.460787, 53.36404, 4.005266 ], [ 6.460787, 53.36404, 4.02142 ], [ 6.460787, 53.364039, 4.033804 ], [ 6.460787, 53.364039, 4.042944 ], [ 6.460786, 53.364038, 4.046735 ], [ 6.460786, 53.364038, 4.049843 ], [ 6.460786, 53.364037, 4.048831 ], [ 6.460785, 53.364036, 4.045578 ], [ 6.460784, 53.364036, 4.041578 ], [ 6.460784, 53.364036, 4.038109 ], [ 6.460783, 53.364037, 4.033151 ], [ 6.460782, 53.364037, 4.026493 ], [ 6.460782, 53.364038, 4.019342 ], [ 6.460781, 53.364038, 4.011417 ], [ 6.460781, 53.364039, 4.002824 ], [ 6.460781, 53.36404, 3.982693 ], [ 6.460781, 53.36404, 3.958471 ], [ 6.460781, 53.36404, 3.934793 ], [ 6.46078, 53.364041, 3.90929 ], [ 6.46078, 53.364041, 3.882149 ], [ 6.46078, 53.36404, 3.845227 ], [ 6.460779, 53.36404, 3.805222 ], [ 6.460779, 53.364039, 3.76335 ], [ 6.460779, 53.364038, 3.716045 ], [ 6.460779, 53.364037, 3.6706 ], [ 6.460779, 53.364036, 3.624517 ], [ 6.460779, 53.364035, 3.578638 ], [ 6.460778, 53.364034, 3.533707 ], [ 6.460778, 53.364033, 3.490308 ], [ 6.460778, 53.364033, 3.44897 ], [ 6.460777, 53.364033, 3.410264 ], [ 6.460777, 53.364033, 3.374751 ], [ 6.460776, 53.364033, 3.348491 ], [ 6.460775, 53.364033, 3.327506 ], [ 6.460775, 53.364033, 3.311588 ], [ 6.460775, 53.364033, 3.302162 ], [ 6.460775, 53.364033, 3.297686 ], [ 6.460775, 53.364033, 3.297819 ], [ 6.460775, 53.364033, 3.302168 ], [ 6.460776, 53.364033, 3.31028 ], [ 6.460776, 53.364033, 3.315777 ], [ 6.460777, 53.364033, 3.320014 ], [ 6.460777, 53.364032, 3.324688 ], [ 6.460778, 53.364032, 3.324642 ], [ 6.460779, 53.364032, 3.321512 ], [ 6.460779, 53.364032, 3.319941 ], [ 6.460779, 53.364033, 3.314639 ], [ 6.460779, 53.364033, 3.302773 ], [ 6.46078, 53.364032, 3.288052 ], [ 6.46078, 53.364032, 3.270162 ], [ 6.46078, 53.364032, 3.249593 ], [ 6.46078, 53.364032, 3.227037 ], [ 6.46078, 53.364032, 3.203246 ], [ 6.46078, 53.364032, 3.178938 ], [ 6.460781, 53.364033, 3.15476 ], [ 6.460782, 53.364033, 3.131208 ], [ 6.460783, 53.364035, 3.108643 ], [ 6.460784, 53.364036, 3.087391 ], [ 6.460784, 53.364037, 3.067748 ], [ 6.460785, 53.364037, 3.049905 ], [ 6.460785, 53.364037, 3.040482 ], [ 6.460785, 53.364037, 3.03433 ], [ 6.460785, 53.364037, 3.031409 ], [ 6.460785, 53.364037, 3.031632 ], [ 6.460785, 53.364037, 3.034867 ], [ 6.460785, 53.364037, 3.040931 ], [ 6.460785, 53.364037, 3.049594 ], [ 6.460785, 53.364038, 3.060561 ], [ 6.460785, 53.364039, 3.073466 ], [ 6.460785, 53.36404, 3.087856 ], [ 6.460785, 53.364041, 3.103172 ], [ 6.460786, 53.364042, 3.118805 ], [ 6.460786, 53.364043, 3.134224 ], [ 6.460786, 53.364043, 3.149033 ], [ 6.460786, 53.364043, 3.162945 ], [ 6.460786, 53.364044, 3.175772 ], [ 6.460786, 53.364044, 3.187399 ], [ 6.460786, 53.364044, 3.197775 ], [ 6.460786, 53.364044, 3.206896 ], [ 6.460786, 53.364044, 3.214798 ], [ 6.460786, 53.364044, 3.221542 ], [ 6.460786, 53.364044, 3.227208 ], [ 6.460786, 53.364044, 3.231889 ], [ 6.460786, 53.364044, 3.235685 ], [ 6.460786, 53.364044, 3.238696 ], [ 6.460786, 53.364044, 3.241022 ], [ 6.460786, 53.364044, 3.24276 ], [ 6.460786, 53.364044, 3.243999 ], [ 6.460786, 53.364044, 3.244822 ], [ 6.460786, 53.364044, 3.245305 ], [ 6.460786, 53.364044, 3.245515 ], [ 6.460786, 53.364044, 3.245512 ], [ 6.460786, 53.364044, 3.245345 ], [ 6.460786, 53.364044, 3.24506 ], [ 6.460786, 53.364044, 3.244692 ], [ 6.460786, 53.364044, 3.244272 ], [ 6.460786, 53.364044, 3.243826 ], [ 6.460786, 53.364044, 3.243371 ], [ 6.460786, 53.364044, 3.242924 ], [ 6.460786, 53.364044, 3.242495 ], [ 6.460786, 53.364044, 3.242092 ], [ 6.460786, 53.364044, 3.241722 ], [ 6.460786, 53.364044, 3.241387 ], [ 6.460786, 53.364044, 3.241088 ], [ 6.460786, 53.364044, 3.240826 ], [ 6.460786, 53.364044, 3.240599 ], [ 6.460786, 53.364044, 3.240405 ], [ 6.460786, 53.364044, 3.240243 ], [ 6.460786, 53.364044, 3.240109 ], [ 6.460786, 53.364044, 3.240001 ], [ 6.460786, 53.364044, 3.239915 ], [ 6.460786, 53.364044, 3.239849 ], [ 6.460786, 53.364044, 3.239799 ], [ 6.460786, 53.364044, 3.239764 ], [ 6.460786, 53.364044, 3.239741 ], [ 6.460786, 53.364044, 3.239728 ], [ 6.460786, 53.364044, 3.239722 ], [ 6.460786, 53.364044, 3.239723 ], [ 6.460786, 53.364044, 3.239728 ], [ 6.460786, 53.364044, 3.239737 ], [ 6.460786, 53.364044, 3.239748 ], [ 6.460786, 53.364044, 3.23976 ], [ 6.460786, 53.364044, 3.239773 ], [ 6.460786, 53.364044, 3.239786 ], [ 6.460786, 53.364044, 3.239799 ], [ 6.460786, 53.364044, 3.239812 ], [ 6.460786, 53.364044, 3.239823 ], [ 6.460786, 53.364044, 3.239834 ], [ 6.460786, 53.364044, 3.239844 ], [ 6.460786, 53.364044, 3.239852 ], [ 6.460786, 53.364044, 3.23986 ], [ 6.460786, 53.364044, 3.239866 ], [ 6.460786, 53.364044, 3.239872 ], [ 6.460786, 53.364044, 3.239876 ], [ 6.460786, 53.364044, 3.23988 ], [ 6.460786, 53.364044, 3.239883 ], [ 6.460786, 53.364044, 3.239886 ], [ 6.460786, 53.364044, 3.239888 ], [ 6.460786, 53.364044, 3.239889 ], [ 6.460786, 53.364044, 3.23989 ], [ 6.460786, 53.364044, 3.239891 ], [ 6.460786, 53.364044, 3.239891 ], [ 6.460786, 53.364044, 3.239891 ], [ 6.460786, 53.364044, 3.239891 ], [ 6.460786, 53.364044, 3.239891 ], [ 6.460786, 53.364044, 3.239891 ], [ 6.460786, 53.364044, 3.258122 ], [ 6.460786, 53.364044, 3.275307 ], [ 6.460786, 53.364044, 3.292965 ], [ 6.460785, 53.364044, 3.317021 ], [ 6.460785, 53.364044, 3.344731 ], [ 6.460785, 53.364044, 3.375582 ], [ 6.460785, 53.364044, 3.409381 ], [ 6.460784, 53.364044, 3.445805 ], [ 6.460782, 53.364044, 3.484362 ], [ 6.46078, 53.364043, 3.524349 ], [ 6.460777, 53.364043, 3.564803 ], [ 6.460776, 53.364043, 3.604657 ], [ 6.460776, 53.364042, 3.643055 ], [ 6.460777, 53.364041, 3.679373 ], [ 6.460778, 53.36404, 3.713103 ], [ 6.460779, 53.36404, 3.743888 ], [ 6.460779, 53.364039, 3.771535 ], [ 6.46078, 53.364039, 3.795991 ], [ 6.46078, 53.364039, 3.817307 ], [ 6.46078, 53.364039, 3.835612 ], [ 6.46078, 53.364039, 3.851094 ], [ 6.46078, 53.364039, 3.863978 ], [ 6.46078, 53.364039, 3.870058 ], [ 6.46078, 53.364039, 3.867567 ], [ 6.46078, 53.364039, 3.861174 ], [ 6.46078, 53.364039, 3.851091 ], [ 6.46078, 53.364039, 3.837561 ], [ 6.46078, 53.364039, 3.820843 ], [ 6.460781, 53.364039, 3.80123 ], [ 6.460782, 53.36404, 3.779065 ], [ 6.460783, 53.36404, 3.754773 ], [ 6.460786, 53.364042, 3.728882 ], [ 6.460788, 53.364043, 3.702056 ], [ 6.460791, 53.364044, 3.675081 ], [ 6.460793, 53.364045, 3.64873 ], [ 6.460794, 53.364045, 3.639616 ], [ 6.460794, 53.364046, 3.6331 ], [ 6.460795, 53.364046, 3.626703 ], [ 6.460795, 53.364046, 3.624293 ], [ 6.460795, 53.364046, 3.625892 ], [ 6.460794, 53.364046, 3.63138 ], [ 6.460794, 53.364046, 3.640503 ], [ 6.460793, 53.364046, 3.665067 ], [ 6.460792, 53.364046, 3.69828 ], [ 6.460789, 53.364046, 3.724823 ], [ 6.460786, 53.364046, 3.747017 ], [ 6.460782, 53.364046, 3.778151 ], [ 6.460778, 53.364047, 3.811528 ], [ 6.460774, 53.364047, 3.841865 ], [ 6.460772, 53.364047, 3.867101 ], [ 6.460769, 53.364046, 3.889649 ], [ 6.460766, 53.364045, 3.913193 ], [ 6.460763, 53.364045, 3.931821 ], [ 6.460761, 53.364044, 3.950268 ], [ 6.46076, 53.364044, 3.966639 ], [ 6.46076, 53.364045, 3.980456 ], [ 6.460763, 53.364046, 3.989587 ], [ 6.460766, 53.364046, 3.996488 ], [ 6.46077, 53.364046, 3.99291 ], [ 6.460773, 53.364047, 3.988343 ], [ 6.460776, 53.364047, 3.979455 ], [ 6.46078, 53.364047, 3.966106 ], [ 6.460783, 53.364046, 3.95003 ], [ 6.460786, 53.364046, 3.931394 ], [ 6.460787, 53.364045, 3.903231 ], [ 6.460788, 53.364044, 3.870041 ], [ 6.460789, 53.364043, 3.835706 ], [ 6.460789, 53.364042, 3.803255 ], [ 6.460789, 53.364041, 3.762274 ], [ 6.460789, 53.36404, 3.726536 ], [ 6.460789, 53.36404, 3.690966 ], [ 6.46079, 53.364039, 3.65544 ], [ 6.46079, 53.364039, 3.61831 ], [ 6.460791, 53.364039, 3.572827 ], [ 6.460791, 53.364039, 3.523113 ], [ 6.460792, 53.364039, 3.501548 ], [ 6.460794, 53.364038, 3.471028 ], [ 6.460795, 53.364037, 3.449022 ], [ 6.460796, 53.364035, 3.41861 ], [ 6.460796, 53.364031, 3.392972 ], [ 6.460796, 53.364026, 3.372216 ], [ 6.460795, 53.364018, 3.35698 ], [ 6.460794, 53.364009, 3.329664 ], [ 6.460794, 53.363999, 3.31552 ], [ 6.460794, 53.363988, 3.307869 ], [ 6.460794, 53.363977, 3.307946 ], [ 6.460795, 53.363966, 3.307227 ], [ 6.460797, 53.363952, 3.299867 ], [ 6.460799, 53.363939, 3.291802 ], [ 6.4608, 53.363926, 3.285316 ], [ 6.4608, 53.363913, 3.274615 ], [ 6.460796, 53.3639, 3.274049 ], [ 6.46079, 53.363889, 3.275688 ], [ 6.460783, 53.363877, 3.275271 ], [ 6.460775, 53.363866, 3.276327 ], [ 6.460765, 53.363855, 3.261569 ], [ 6.460756, 53.363845, 3.246758 ], [ 6.460748, 53.363835, 3.230586 ], [ 6.460741, 53.363825, 3.212862 ], [ 6.460735, 53.363814, 3.194736 ], [ 6.46073, 53.363804, 3.175434 ], [ 6.460724, 53.363793, 3.165786 ], [ 6.460717, 53.363783, 3.147591 ], [ 6.460709, 53.363771, 3.127336 ], [ 6.460702, 53.363759, 3.102011 ], [ 6.460696, 53.363746, 3.074539 ], [ 6.460692, 53.363732, 3.053114 ], [ 6.46069, 53.363719, 3.040465 ], [ 6.460688, 53.363707, 3.038587 ], [ 6.460688, 53.363695, 3.030344 ], [ 6.460688, 53.363683, 3.005344 ], [ 6.460689, 53.36367, 3.001464 ], [ 6.460689, 53.363658, 2.99998 ], [ 6.460689, 53.363646, 2.994778 ], [ 6.460689, 53.363634, 2.984695 ], [ 6.460691, 53.363624, 2.973608 ], [ 6.460694, 53.363614, 2.961952 ], [ 6.4607, 53.363605, 2.944837 ], [ 6.460708, 53.363598, 2.920992 ], [ 6.460715, 53.363591, 2.902906 ], [ 6.460723, 53.363582, 2.88342 ], [ 6.460729, 53.363571, 2.860153 ], [ 6.460733, 53.363558, 2.838445 ], [ 6.460737, 53.363545, 2.81578 ], [ 6.46074, 53.363533, 2.795103 ], [ 6.460744, 53.363522, 2.773695 ], [ 6.460749, 53.363511, 2.754528 ], [ 6.460756, 53.363501, 2.740201 ], [ 6.460766, 53.36349, 2.726426 ], [ 6.460777, 53.363479, 2.735685 ], [ 6.460788, 53.363469, 2.757138 ], [ 6.460798, 53.363458, 2.782766 ], [ 6.460807, 53.363448, 2.805328 ], [ 6.460817, 53.363436, 2.834075 ], [ 6.460828, 53.363425, 2.858605 ], [ 6.460839, 53.363414, 2.88645 ], [ 6.460849, 53.363402, 2.930917 ], [ 6.460857, 53.36339, 2.979581 ], [ 6.460864, 53.363378, 3.017617 ], [ 6.460871, 53.363368, 3.052657 ], [ 6.460878, 53.363359, 3.08328 ], [ 6.460886, 53.363348, 3.100726 ], [ 6.460894, 53.363336, 3.113648 ], [ 6.460901, 53.363323, 3.127439 ], [ 6.460909, 53.363311, 3.136681 ], [ 6.460916, 53.363298, 3.139051 ], [ 6.460924, 53.363285, 3.142275 ], [ 6.460932, 53.363272, 3.140411 ], [ 6.46094, 53.363259, 3.128737 ], [ 6.460948, 53.363247, 3.126624 ], [ 6.460955, 53.363236, 3.115815 ], [ 6.46096, 53.363226, 3.100013 ], [ 6.460966, 53.363216, 3.083816 ], [ 6.460974, 53.363207, 3.085472 ], [ 6.460983, 53.363198, 3.086448 ], [ 6.460994, 53.36319, 3.093344 ], [ 6.461006, 53.363181, 3.101092 ], [ 6.461018, 53.363174, 3.100619 ], [ 6.461029, 53.363168, 3.095527 ], [ 6.461037, 53.363162, 3.090559 ], [ 6.461043, 53.363159, 3.087372 ], [ 6.461045, 53.363156, 3.087107 ], [ 6.461048, 53.363151, 3.093868 ], [ 6.46105, 53.363143, 3.10063 ], [ 6.461054, 53.363133, 3.11215 ], [ 6.461058, 53.363121, 3.118227 ], [ 6.461063, 53.363109, 3.12394 ], [ 6.461068, 53.363096, 3.129312 ], [ 6.46107, 53.363084, 3.1278 ], [ 6.461072, 53.363072, 3.126608 ], [ 6.461073, 53.363059, 3.123933 ], [ 6.461074, 53.363047, 3.128353 ], [ 6.461076, 53.363034, 3.137238 ], [ 6.461079, 53.363022, 3.142846 ], [ 6.461083, 53.363009, 3.162357 ], [ 6.461088, 53.362995, 3.183514 ], [ 6.461092, 53.362982, 3.197513 ], [ 6.461097, 53.36297, 3.205612 ], [ 6.461102, 53.362958, 3.203108 ], [ 6.461107, 53.362946, 3.199605 ], [ 6.461112, 53.362934, 3.200053 ], [ 6.461116, 53.362922, 3.201618 ], [ 6.461122, 53.362911, 3.199771 ], [ 6.461128, 53.362901, 3.201414 ], [ 6.461134, 53.36289, 3.200359 ], [ 6.461139, 53.362878, 3.192725 ], [ 6.461144, 53.362866, 3.17715 ], [ 6.461149, 53.362853, 3.157074 ], [ 6.461154, 53.36284, 3.134536 ], [ 6.461157, 53.362827, 3.109138 ], [ 6.461161, 53.362815, 3.091454 ], [ 6.461166, 53.362803, 3.0755 ], [ 6.461169, 53.362791, 3.058897 ], [ 6.461172, 53.362779, 3.02124 ], [ 6.461176, 53.362765, 2.986215 ], [ 6.461179, 53.362751, 2.953223 ], [ 6.461181, 53.362737, 2.924797 ], [ 6.461184, 53.362724, 2.895626 ], [ 6.461185, 53.362711, 2.862336 ], [ 6.461187, 53.362699, 2.830626 ], [ 6.461189, 53.362687, 2.808029 ], [ 6.461192, 53.362675, 2.784906 ], [ 6.461193, 53.362662, 2.763903 ], [ 6.461195, 53.36265, 2.745511 ], [ 6.461196, 53.362639, 2.732887 ], [ 6.461196, 53.362627, 2.719209 ], [ 6.461195, 53.362615, 2.714404 ], [ 6.461196, 53.362603, 2.716391 ], [ 6.461198, 53.36259, 2.721142 ], [ 6.461201, 53.362577, 2.724712 ], [ 6.461203, 53.362564, 2.735616 ], [ 6.461204, 53.362552, 2.74295 ], [ 6.461204, 53.36254, 2.745864 ], [ 6.461204, 53.362529, 2.74786 ], [ 6.461204, 53.362518, 2.756516 ], [ 6.461204, 53.362517, 2.759263 ], [ 6.461204, 53.362505, 2.768648 ], [ 6.461205, 53.362492, 2.776066 ], [ 6.461205, 53.362479, 2.787899 ], [ 6.461205, 53.362466, 2.805294 ], [ 6.461205, 53.362452, 2.814831 ], [ 6.461205, 53.362437, 2.82287 ], [ 6.461204, 53.362423, 2.83464 ], [ 6.461202, 53.36241, 2.850775 ], [ 6.4612, 53.362397, 2.87013 ], [ 6.461198, 53.362384, 2.876381 ], [ 6.461196, 53.36237, 2.885027 ], [ 6.461195, 53.362356, 2.892474 ], [ 6.461194, 53.362342, 2.899192 ], [ 6.461195, 53.362328, 2.925664 ], [ 6.461195, 53.362314, 2.954216 ], [ 6.461196, 53.3623, 2.984829 ], [ 6.461197, 53.362288, 3.007226 ], [ 6.461198, 53.362275, 3.024832 ], [ 6.461199, 53.362264, 3.040576 ], [ 6.4612, 53.362252, 3.054713 ], [ 6.461199, 53.362241, 3.069402 ], [ 6.461198, 53.362229, 3.084501 ], [ 6.461197, 53.362217, 3.091456 ], [ 6.461195, 53.362205, 3.095384 ], [ 6.461193, 53.362192, 3.097909 ], [ 6.461192, 53.362179, 3.098124 ], [ 6.461191, 53.362166, 3.094819 ], [ 6.46119, 53.362153, 3.086143 ], [ 6.46119, 53.36214, 3.069712 ], [ 6.46119, 53.362127, 3.034192 ], [ 6.461191, 53.362114, 3.013297 ], [ 6.461191, 53.362101, 2.990051 ], [ 6.461192, 53.362089, 2.971725 ], [ 6.461193, 53.362077, 2.945097 ], [ 6.461194, 53.362065, 2.915653 ], [ 6.461195, 53.362053, 2.890949 ], [ 6.461196, 53.362041, 2.87398 ], [ 6.461196, 53.362028, 2.853886 ], [ 6.461197, 53.362016, 2.831676 ], [ 6.461197, 53.362003, 2.804033 ], [ 6.461197, 53.361991, 2.776259 ], [ 6.461196, 53.361979, 2.750416 ], [ 6.461196, 53.361967, 2.724903 ], [ 6.461195, 53.361955, 2.700599 ], [ 6.461196, 53.361943, 2.674758 ], [ 6.461196, 53.361932, 2.639631 ], [ 6.461197, 53.361921, 2.606225 ], [ 6.461198, 53.361909, 2.577198 ], [ 6.461198, 53.361897, 2.542591 ], [ 6.461197, 53.361885, 2.50161 ], [ 6.461197, 53.361872, 2.453778 ], [ 6.461197, 53.361858, 2.412488 ], [ 6.461197, 53.361845, 2.37452 ], [ 6.461198, 53.361832, 2.345671 ], [ 6.461199, 53.361819, 2.320553 ], [ 6.461199, 53.361806, 2.303155 ], [ 6.461198, 53.361794, 2.286684 ], [ 6.461196, 53.361781, 2.268134 ], [ 6.461194, 53.361767, 2.240086 ], [ 6.461191, 53.361753, 2.218102 ], [ 6.46119, 53.36174, 2.20453 ], [ 6.461188, 53.361726, 2.19962 ], [ 6.461187, 53.361712, 2.199202 ], [ 6.461187, 53.361699, 2.202054 ], [ 6.461187, 53.361686, 2.216477 ], [ 6.461188, 53.361674, 2.234323 ], [ 6.46119, 53.361662, 2.250535 ], [ 6.461191, 53.36165, 2.270376 ], [ 6.461192, 53.361637, 2.279225 ], [ 6.461193, 53.361625, 2.282177 ], [ 6.461192, 53.361612, 2.289065 ], [ 6.461191, 53.361599, 2.297584 ], [ 6.461191, 53.361586, 2.314643 ], [ 6.46119, 53.361574, 2.337462 ], [ 6.46119, 53.361561, 2.350541 ], [ 6.46119, 53.361549, 2.357568 ], [ 6.461192, 53.361537, 2.360629 ], [ 6.461193, 53.361524, 2.36013 ], [ 6.461194, 53.361512, 2.355652 ], [ 6.461197, 53.3615, 2.346367 ], [ 6.461199, 53.361489, 2.333116 ], [ 6.461201, 53.361478, 2.323822 ], [ 6.461203, 53.361466, 2.316577 ], [ 6.461204, 53.361455, 2.304742 ], [ 6.461205, 53.361442, 2.293554 ], [ 6.461206, 53.36143, 2.283988 ], [ 6.461206, 53.361417, 2.278032 ], [ 6.461207, 53.361404, 2.264638 ], [ 6.461209, 53.361392, 2.246135 ], [ 6.461212, 53.36138, 2.23536 ], [ 6.461213, 53.361379, 2.22886 ], [ 6.461218, 53.361367, 2.212602 ], [ 6.461225, 53.361354, 2.196206 ], [ 6.461232, 53.361342, 2.179599 ], [ 6.461238, 53.361331, 2.183435 ], [ 6.461246, 53.361319, 2.195161 ], [ 6.461254, 53.361306, 2.204488 ], [ 6.461261, 53.361293, 2.22809 ], [ 6.461268, 53.361281, 2.245824 ], [ 6.461274, 53.361268, 2.271857 ], [ 6.461279, 53.361256, 2.307373 ], [ 6.461284, 53.361244, 2.348821 ], [ 6.461291, 53.361233, 2.387588 ], [ 6.461299, 53.36122, 2.429435 ], [ 6.461309, 53.361208, 2.481165 ], [ 6.461318, 53.361196, 2.540208 ], [ 6.461326, 53.361185, 2.600791 ], [ 6.46133, 53.361176, 2.687988 ], [ 6.461328, 53.361167, 2.786748 ], [ 6.461318, 53.361158, 2.869238 ], [ 6.461302, 53.361148, 2.949287 ], [ 6.461285, 53.361138, 3.009584 ], [ 6.461269, 53.361129, 3.049259 ], [ 6.461254, 53.36112, 3.101918 ], [ 6.461244, 53.361111, 3.162979 ], [ 6.461243, 53.361101, 3.208934 ], [ 6.461254, 53.361091, 3.252372 ], [ 6.46127, 53.361082, 3.278286 ], [ 6.461288, 53.361074, 3.293396 ], [ 6.461308, 53.361065, 3.297733 ], [ 6.461329, 53.361056, 3.27667 ], [ 6.461346, 53.361046, 3.242648 ], [ 6.461361, 53.361034, 3.209869 ], [ 6.461374, 53.361023, 3.171196 ], [ 6.461386, 53.361012, 3.124026 ], [ 6.461398, 53.361, 3.078388 ], [ 6.461409, 53.360989, 3.039631 ], [ 6.461421, 53.360977, 2.998819 ], [ 6.461433, 53.360965, 2.971007 ], [ 6.461445, 53.360954, 2.940177 ], [ 6.461458, 53.360942, 2.928573 ], [ 6.46147, 53.36093, 2.920826 ], [ 6.461481, 53.36092, 2.920773 ], [ 6.461493, 53.36091, 2.91798 ], [ 6.461505, 53.360899, 2.918561 ], [ 6.461518, 53.360888, 2.921833 ], [ 6.46153, 53.360878, 2.926419 ], [ 6.461543, 53.360868, 2.917661 ], [ 6.461556, 53.360859, 2.911324 ], [ 6.46157, 53.360851, 2.903838 ], [ 6.461583, 53.360842, 2.871593 ], [ 6.461597, 53.360833, 2.825918 ], [ 6.461612, 53.360823, 2.773722 ], [ 6.461627, 53.360812, 2.71841 ], [ 6.461643, 53.360802, 2.659665 ], [ 6.461657, 53.360791, 2.59715 ], [ 6.461673, 53.360781, 2.53159 ], [ 6.461688, 53.360771, 2.470229 ], [ 6.461703, 53.36076, 2.411094 ], [ 6.461717, 53.36075, 2.351895 ], [ 6.46173, 53.360739, 2.303119 ], [ 6.461742, 53.360728, 2.259582 ], [ 6.461755, 53.360717, 2.219849 ], [ 6.461769, 53.360707, 2.183175 ], [ 6.461782, 53.360698, 2.158437 ], [ 6.461795, 53.360688, 2.143402 ], [ 6.461809, 53.360678, 2.133308 ], [ 6.461823, 53.360668, 2.124862 ], [ 6.461838, 53.360658, 2.130853 ], [ 6.461853, 53.360649, 2.144382 ], [ 6.461868, 53.360638, 2.158604 ], [ 6.461882, 53.360628, 2.175267 ], [ 6.461896, 53.360617, 2.195361 ], [ 6.46191, 53.360607, 2.219395 ], [ 6.461923, 53.360597, 2.25306 ], [ 6.461936, 53.360586, 2.284783 ], [ 6.46195, 53.360576, 2.311203 ], [ 6.461963, 53.360566, 2.335101 ], [ 6.461976, 53.360555, 2.352811 ], [ 6.461987, 53.360544, 2.363967 ], [ 6.461998, 53.360533, 2.378989 ], [ 6.462009, 53.360522, 2.392629 ], [ 6.46202, 53.360511, 2.404197 ], [ 6.462031, 53.3605, 2.398664 ], [ 6.462043, 53.360489, 2.379032 ], [ 6.462055, 53.360479, 2.363032 ], [ 6.462066, 53.360468, 2.346302 ], [ 6.462078, 53.360457, 2.32505 ], [ 6.462088, 53.360446, 2.299659 ], [ 6.462098, 53.360436, 2.27607 ], [ 6.462108, 53.360426, 2.251772 ], [ 6.462117, 53.360414, 2.230474 ], [ 6.462127, 53.360403, 2.219492 ], [ 6.462136, 53.360391, 2.202448 ], [ 6.462145, 53.360379, 2.197177 ], [ 6.462153, 53.360367, 2.188483 ], [ 6.462162, 53.360356, 2.186729 ], [ 6.462171, 53.360345, 2.177363 ], [ 6.462182, 53.360334, 2.158154 ], [ 6.462192, 53.360322, 2.150687 ], [ 6.462202, 53.360311, 2.14565 ], [ 6.462212, 53.3603, 2.153675 ], [ 6.462221, 53.360289, 2.158152 ], [ 6.46223, 53.360279, 2.162961 ], [ 6.462238, 53.360268, 2.186411 ], [ 6.462246, 53.360257, 2.213795 ], [ 6.462254, 53.360245, 2.233317 ], [ 6.462263, 53.360234, 2.256872 ], [ 6.462273, 53.360223, 2.280542 ], [ 6.462284, 53.360213, 2.301709 ], [ 6.462295, 53.360202, 2.327714 ], [ 6.462306, 53.36019, 2.345774 ], [ 6.462317, 53.360177, 2.366401 ], [ 6.462326, 53.360165, 2.389076 ], [ 6.462334, 53.360152, 2.404747 ], [ 6.462341, 53.360139, 2.418911 ], [ 6.462349, 53.360126, 2.424917 ], [ 6.462357, 53.360112, 2.433387 ], [ 6.462366, 53.360098, 2.441767 ], [ 6.462376, 53.360087, 2.449125 ], [ 6.462385, 53.360075, 2.448021 ], [ 6.462395, 53.360064, 2.444031 ], [ 6.462405, 53.360053, 2.435765 ], [ 6.462415, 53.360041, 2.425292 ], [ 6.462425, 53.360029, 2.409064 ], [ 6.462435, 53.360017, 2.406383 ], [ 6.462444, 53.360005, 2.401511 ], [ 6.462454, 53.359994, 2.39652 ], [ 6.462463, 53.359982, 2.387661 ], [ 6.462473, 53.35997, 2.377451 ], [ 6.462483, 53.359959, 2.366636 ], [ 6.462493, 53.359948, 2.354403 ], [ 6.462503, 53.359936, 2.339109 ], [ 6.462513, 53.359925, 2.322818 ], [ 6.462522, 53.359913, 2.307008 ], [ 6.462531, 53.359902, 2.304859 ], [ 6.46254, 53.35989, 2.307998 ], [ 6.462549, 53.359879, 2.315009 ], [ 6.462557, 53.359869, 2.324413 ], [ 6.462566, 53.35986, 2.33721 ], [ 6.462574, 53.359851, 2.346278 ], [ 6.462584, 53.359841, 2.350907 ], [ 6.462594, 53.359831, 2.360843 ], [ 6.462605, 53.359819, 2.370734 ], [ 6.462616, 53.359807, 2.372093 ], [ 6.462627, 53.359795, 2.371204 ], [ 6.462638, 53.359784, 2.381292 ], [ 6.462648, 53.359773, 2.395933 ], [ 6.462659, 53.359762, 2.403324 ], [ 6.462669, 53.359752, 2.417587 ], [ 6.462679, 53.359741, 2.436783 ], [ 6.462688, 53.35973, 2.435166 ], [ 6.462697, 53.35972, 2.459475 ], [ 6.462706, 53.35971, 2.450624 ], [ 6.462714, 53.359701, 2.44641 ], [ 6.462721, 53.359693, 2.452277 ], [ 6.462729, 53.359684, 2.468602 ], [ 6.462738, 53.359675, 2.505833 ], [ 6.462749, 53.359665, 2.545292 ], [ 6.462761, 53.359654, 2.590027 ], [ 6.462772, 53.359644, 2.633153 ], [ 6.462782, 53.359635, 2.700424 ], [ 6.46279, 53.359625, 2.777721 ], [ 6.462798, 53.359615, 2.84949 ], [ 6.462805, 53.359603, 2.924278 ], [ 6.462811, 53.35959, 3.000367 ], [ 6.462818, 53.359576, 3.0728 ], [ 6.462826, 53.359561, 3.150684 ], [ 6.462833, 53.359546, 3.227277 ], [ 6.462841, 53.359533, 3.295594 ], [ 6.462848, 53.359519, 3.373764 ], [ 6.462856, 53.359505, 3.42397 ], [ 6.462864, 53.359493, 3.464542 ], [ 6.462873, 53.359479, 3.501453 ], [ 6.462883, 53.359466, 3.520578 ], [ 6.462892, 53.359452, 3.527354 ], [ 6.462901, 53.359438, 3.525837 ], [ 6.462911, 53.359425, 3.517099 ], [ 6.46292, 53.359412, 3.503182 ], [ 6.46293, 53.359401, 3.476804 ], [ 6.46294, 53.35939, 3.453729 ], [ 6.462949, 53.35938, 3.439582 ], [ 6.462959, 53.35937, 3.425098 ], [ 6.46297, 53.359359, 3.404672 ], [ 6.462983, 53.359348, 3.372158 ], [ 6.462996, 53.359337, 3.343674 ], [ 6.463009, 53.359326, 3.310404 ], [ 6.463021, 53.359315, 3.2825 ], [ 6.463031, 53.359304, 3.25043 ], [ 6.463041, 53.359293, 3.214233 ], [ 6.463049, 53.359281, 3.177318 ], [ 6.463059, 53.35927, 3.140023 ], [ 6.46307, 53.359259, 3.105533 ], [ 6.46308, 53.359249, 3.063968 ], [ 6.46309, 53.359238, 3.020268 ], [ 6.463099, 53.359227, 2.982801 ], [ 6.463108, 53.359216, 2.948189 ], [ 6.463117, 53.359205, 2.918039 ], [ 6.463127, 53.359194, 2.896101 ], [ 6.463136, 53.359184, 2.860082 ], [ 6.463145, 53.359173, 2.819386 ], [ 6.463155, 53.359162, 2.785702 ], [ 6.463164, 53.359152, 2.755952 ], [ 6.463174, 53.359141, 2.724713 ], [ 6.463184, 53.359129, 2.693733 ], [ 6.463195, 53.359117, 2.666028 ], [ 6.463205, 53.359106, 2.645724 ], [ 6.463215, 53.359095, 2.632524 ], [ 6.463224, 53.359083, 2.618992 ], [ 6.463233, 53.359072, 2.609401 ], [ 6.463241, 53.359061, 2.603954 ], [ 6.463249, 53.35905, 2.601 ], [ 6.463257, 53.359038, 2.605206 ], [ 6.463266, 53.359025, 2.605783 ], [ 6.463274, 53.359013, 2.611626 ], [ 6.463283, 53.359001, 2.619999 ], [ 6.463293, 53.358989, 2.63004 ], [ 6.463303, 53.358977, 2.63744 ], [ 6.463314, 53.358966, 2.651762 ], [ 6.463325, 53.358955, 2.650193 ], [ 6.463337, 53.358944, 2.650762 ], [ 6.463348, 53.358932, 2.649718 ], [ 6.463359, 53.358921, 2.637301 ], [ 6.46337, 53.358909, 2.619799 ], [ 6.46338, 53.358898, 2.597911 ], [ 6.463389, 53.358886, 2.587127 ], [ 6.463398, 53.358875, 2.580358 ], [ 6.463407, 53.358863, 2.577918 ], [ 6.463415, 53.358853, 2.565675 ], [ 6.463424, 53.358844, 2.550084 ], [ 6.463432, 53.358835, 2.542248 ], [ 6.463441, 53.358826, 2.534488 ], [ 6.463452, 53.358817, 2.528823 ], [ 6.463463, 53.358806, 2.520124 ], [ 6.463475, 53.358794, 2.51153 ], [ 6.463487, 53.35878, 2.506322 ], [ 6.463499, 53.358765, 2.497116 ], [ 6.463511, 53.358751, 2.498081 ], [ 6.463521, 53.358738, 2.5048 ], [ 6.46353, 53.358727, 2.516934 ], [ 6.463537, 53.358719, 2.523871 ], [ 6.463544, 53.358713, 2.535429 ], [ 6.46355, 53.358706, 2.544146 ], [ 6.463558, 53.358698, 2.550405 ], [ 6.463566, 53.358688, 2.557549 ], [ 6.463574, 53.358675, 2.54603 ], [ 6.463583, 53.358661, 2.544308 ], [ 6.463591, 53.358646, 2.539537 ], [ 6.463599, 53.358632, 2.529785 ], [ 6.463606, 53.358617, 2.52432 ], [ 6.463614, 53.358603, 2.5209 ], [ 6.463621, 53.358589, 2.508652 ], [ 6.463628, 53.358576, 2.497158 ], [ 6.463634, 53.358565, 2.471641 ], [ 6.463641, 53.358554, 2.455883 ], [ 6.463649, 53.358545, 2.439706 ], [ 6.463658, 53.358534, 2.415477 ], [ 6.463668, 53.358523, 2.38983 ], [ 6.463679, 53.358511, 2.361415 ], [ 6.46369, 53.358499, 2.337053 ], [ 6.4637, 53.358487, 2.316929 ], [ 6.463709, 53.358475, 2.293112 ], [ 6.463719, 53.358463, 2.264142 ], [ 6.463729, 53.35845, 2.24117 ], [ 6.463738, 53.358438, 2.219615 ], [ 6.463748, 53.358426, 2.1971 ], [ 6.463756, 53.358413, 2.177898 ], [ 6.463764, 53.3584, 2.161946 ], [ 6.463772, 53.358387, 2.154531 ], [ 6.463779, 53.358375, 2.142609 ], [ 6.463786, 53.358362, 2.135059 ], [ 6.463794, 53.35835, 2.127703 ], [ 6.463802, 53.358337, 2.123863 ], [ 6.463811, 53.358324, 2.123449 ], [ 6.46382, 53.358312, 2.120965 ], [ 6.46383, 53.3583, 2.116476 ], [ 6.463839, 53.358288, 2.107241 ], [ 6.463848, 53.358276, 2.097626 ], [ 6.463856, 53.358265, 2.076406 ], [ 6.463864, 53.358254, 2.051614 ], [ 6.46387, 53.358243, 2.027216 ], [ 6.463877, 53.358232, 2.007823 ], [ 6.463883, 53.358221, 1.994649 ], [ 6.46389, 53.35821, 1.971916 ], [ 6.463899, 53.358199, 1.955288 ], [ 6.463909, 53.358187, 1.935683 ], [ 6.463918, 53.358175, 1.915129 ], [ 6.463926, 53.358163, 1.901504 ], [ 6.463934, 53.358151, 1.890416 ], [ 6.463941, 53.358139, 1.884919 ], [ 6.463947, 53.358126, 1.886306 ], [ 6.463954, 53.358113, 1.895277 ], [ 6.46396, 53.3581, 1.915959 ], [ 6.463966, 53.358086, 1.933017 ], [ 6.463971, 53.358073, 1.948813 ], [ 6.463978, 53.35806, 1.966993 ], [ 6.463984, 53.358047, 1.988106 ], [ 6.463991, 53.358034, 2.008827 ], [ 6.463997, 53.35802, 2.030235 ], [ 6.464003, 53.358007, 2.054725 ], [ 6.464011, 53.357994, 2.078544 ], [ 6.464019, 53.357981, 2.099999 ], [ 6.464028, 53.357969, 2.122608 ], [ 6.464037, 53.357957, 2.140223 ], [ 6.464047, 53.357945, 2.151441 ], [ 6.464056, 53.357933, 2.16557 ], [ 6.464064, 53.357921, 2.180073 ], [ 6.464072, 53.357909, 2.196876 ], [ 6.46408, 53.357898, 2.210364 ], [ 6.464088, 53.357886, 2.215194 ], [ 6.464096, 53.357873, 2.214814 ], [ 6.464103, 53.357861, 2.212601 ], [ 6.46411, 53.357849, 2.207787 ], [ 6.464116, 53.357837, 2.203099 ], [ 6.464123, 53.357824, 2.190041 ], [ 6.46413, 53.357811, 2.173851 ], [ 6.464137, 53.357799, 2.152685 ], [ 6.464144, 53.357786, 2.135482 ], [ 6.464151, 53.357774, 2.109565 ], [ 6.464159, 53.357762, 2.08301 ], [ 6.464168, 53.35775, 2.049437 ], [ 6.464176, 53.357738, 2.017458 ], [ 6.464184, 53.357727, 1.979304 ], [ 6.464193, 53.357716, 1.94697 ], [ 6.464201, 53.357705, 1.917633 ], [ 6.464209, 53.357695, 1.904094 ], [ 6.464217, 53.357685, 1.89335 ], [ 6.464225, 53.357675, 1.884763 ], [ 6.464233, 53.357665, 1.877157 ], [ 6.464242, 53.357654, 1.873192 ], [ 6.46425, 53.357643, 1.877909 ], [ 6.464256, 53.357632, 1.888251 ], [ 6.464263, 53.357622, 1.900892 ], [ 6.464269, 53.35761, 1.923369 ], [ 6.464276, 53.357599, 1.966925 ], [ 6.464283, 53.357587, 2.002651 ], [ 6.464289, 53.357575, 2.034042 ], [ 6.464295, 53.357562, 2.06229 ], [ 6.464301, 53.35755, 2.08852 ], [ 6.464308, 53.357538, 2.112886 ], [ 6.464314, 53.357527, 2.134881 ], [ 6.464319, 53.357516, 2.153937 ], [ 6.464322, 53.357507, 2.169505 ], [ 6.464324, 53.357499, 2.181071 ], [ 6.464324, 53.357493, 2.188152 ], [ 6.464323, 53.357492, 2.190583 ], [ 6.464322, 53.357493, 2.188811 ], [ 6.464321, 53.357495, 2.183681 ], [ 6.464321, 53.357497, 2.176091 ], [ 6.46432, 53.357498, 2.166842 ], [ 6.46432, 53.357498, 2.156599 ], [ 6.46432, 53.357498, 2.145897 ], [ 6.46432, 53.357498, 2.135158 ], [ 6.46432, 53.357498, 2.124702 ], [ 6.46432, 53.357498, 2.114766 ], [ 6.46432, 53.357498, 2.105515 ], [ 6.46432, 53.357498, 2.097054 ], [ 6.46432, 53.357498, 2.08944 ], [ 6.46432, 53.357498, 2.082692 ], [ 6.46432, 53.357498, 2.076801 ], [ 6.46432, 53.357498, 2.071731 ], [ 6.46432, 53.357498, 2.067435 ], [ 6.46432, 53.357498, 2.062426 ], [ 6.46432, 53.357498, 2.050169 ], [ 6.46432, 53.357498, 2.04757 ], [ 6.46432, 53.357498, 2.04826 ], [ 6.46432, 53.357499, 2.052356 ], [ 6.46432, 53.357499, 2.064497 ], [ 6.46432, 53.357499, 2.083552 ], [ 6.46432, 53.357499, 2.112456 ], [ 6.46432, 53.3575, 2.14974 ], [ 6.46432, 53.357502, 2.195093 ], [ 6.464321, 53.357503, 2.245961 ], [ 6.464322, 53.357505, 2.306578 ], [ 6.464325, 53.357505, 2.375793 ], [ 6.464328, 53.357506, 2.452627 ], [ 6.464331, 53.357506, 2.534374 ], [ 6.464334, 53.357506, 2.619587 ], [ 6.464337, 53.357506, 2.712714 ], [ 6.464339, 53.357506, 2.808165 ], [ 6.464342, 53.357507, 2.910938 ], [ 6.464344, 53.357508, 3.013884 ], [ 6.464347, 53.357508, 3.115829 ], [ 6.464349, 53.35751, 3.208653 ], [ 6.46435, 53.357511, 3.297004 ], [ 6.46435, 53.357512, 3.384118 ], [ 6.464351, 53.357514, 3.466804 ], [ 6.464351, 53.357515, 3.544203 ], [ 6.464351, 53.357517, 3.615759 ], [ 6.464351, 53.357519, 3.673655 ], [ 6.464351, 53.357521, 3.716466 ], [ 6.464351, 53.357523, 3.749286 ], [ 6.464351, 53.357524, 3.772484 ], [ 6.46435, 53.357525, 3.78574 ], [ 6.46435, 53.357526, 3.789486 ], [ 6.464349, 53.357526, 3.784711 ], [ 6.464348, 53.357526, 3.746564 ], [ 6.464347, 53.357526, 3.696684 ], [ 6.464345, 53.357526, 3.631462 ], [ 6.464344, 53.357525, 3.556179 ], [ 6.464343, 53.357524, 3.472059 ], [ 6.464342, 53.357524, 3.384989 ], [ 6.464341, 53.357523, 3.293513 ], [ 6.46434, 53.357523, 3.201151 ], [ 6.464339, 53.357522, 3.105778 ], [ 6.464338, 53.357521, 3.012565 ], [ 6.464337, 53.35752, 2.923741 ], [ 6.464336, 53.35752, 2.83946 ], [ 6.464335, 53.357519, 2.754849 ], [ 6.464334, 53.357519, 2.679435 ], [ 6.464334, 53.357518, 2.610948 ], [ 6.464333, 53.357518, 2.552664 ], [ 6.464333, 53.357518, 2.501475 ], [ 6.464333, 53.357518, 2.448436 ], [ 6.464333, 53.357518, 2.397385 ], [ 6.464334, 53.357519, 2.350352 ], [ 6.464335, 53.357519, 2.307106 ], [ 6.464337, 53.357519, 2.267695 ], [ 6.464339, 53.357519, 2.235511 ], [ 6.464341, 53.35752, 2.204502 ], [ 6.464342, 53.35752, 2.183395 ], [ 6.464344, 53.35752, 2.165378 ], [ 6.464345, 53.357521, 2.154722 ], [ 6.464347, 53.357521, 2.147001 ], [ 6.464348, 53.357522, 2.146135 ], [ 6.464349, 53.357523, 2.144308 ], [ 6.464351, 53.357523, 2.147475 ], [ 6.464352, 53.357524, 2.158412 ], [ 6.464353, 53.357524, 2.177512 ], [ 6.464353, 53.357525, 2.199383 ], [ 6.464354, 53.357525, 2.223735 ], [ 6.464354, 53.357525, 2.249839 ], [ 6.464354, 53.357526, 2.290382 ], [ 6.464354, 53.357526, 2.331737 ], [ 6.464354, 53.357526, 2.375279 ], [ 6.464355, 53.357525, 2.419691 ], [ 6.464356, 53.357525, 2.464941 ], [ 6.464356, 53.357525, 2.51057 ], [ 6.464357, 53.357524, 2.556038 ], [ 6.464357, 53.357524, 2.600935 ], [ 6.464357, 53.357523, 2.632596 ], [ 6.464357, 53.357523, 2.66185 ], [ 6.464357, 53.357522, 2.688335 ], [ 6.464357, 53.357522, 2.711493 ], [ 6.464358, 53.357521, 2.731062 ], [ 6.464358, 53.357521, 2.746974 ], [ 6.464358, 53.35752, 2.759411 ], [ 6.464358, 53.357519, 2.768308 ], [ 6.464358, 53.357519, 2.773885 ], [ 6.464358, 53.357518, 2.776573 ], [ 6.464358, 53.357517, 2.776758 ], [ 6.464358, 53.357516, 2.775059 ], [ 6.464358, 53.357516, 2.771712 ], [ 6.464358, 53.357515, 2.767142 ], [ 6.464358, 53.357515, 2.761705 ], [ 6.464358, 53.357515, 2.755715 ], [ 6.464358, 53.357515, 2.749397 ], [ 6.464358, 53.357514, 2.714916 ], [ 6.464358, 53.357514, 2.67791 ], [ 6.464358, 53.357514, 2.639196 ], [ 6.464358, 53.357514, 2.59859 ], [ 6.464358, 53.357514, 2.555597 ], [ 6.464358, 53.357514, 2.51134 ], [ 6.464359, 53.357513, 2.465543 ], [ 6.464359, 53.357513, 2.418388 ], [ 6.464359, 53.357513, 2.370583 ], [ 6.464359, 53.357512, 2.322589 ], [ 6.464359, 53.357511, 2.27516 ], [ 6.464359, 53.357511, 2.229066 ], [ 6.464359, 53.357511, 2.184922 ], [ 6.464359, 53.35751, 2.143189 ], [ 6.464359, 53.35751, 2.104377 ], [ 6.46436, 53.35751, 2.068625 ], [ 6.46436, 53.35751, 2.036039 ], [ 6.46436, 53.35751, 2.006666 ], [ 6.46436, 53.35751, 1.98035 ], [ 6.46436, 53.35751, 1.957182 ], [ 6.46436, 53.35751, 1.936859 ], [ 6.46436, 53.35751, 1.919336 ], [ 6.46436, 53.35751, 1.904451 ], [ 6.46436, 53.35751, 1.891905 ], [ 6.46436, 53.35751, 1.881479 ], [ 6.46436, 53.35751, 1.873007 ], [ 6.46436, 53.35751, 1.866215 ], [ 6.46436, 53.35751, 1.9147 ], [ 6.46436, 53.35751, 1.972789 ], [ 6.46436, 53.35751, 2.034985 ], [ 6.46436, 53.35751, 2.107376 ], [ 6.464361, 53.357511, 2.180366 ], [ 6.464361, 53.357511, 2.256976 ], [ 6.464362, 53.357512, 2.321626 ], [ 6.464363, 53.357513, 2.383072 ], [ 6.464364, 53.357514, 2.445434 ], [ 6.464366, 53.357515, 2.503522 ], [ 6.464367, 53.357516, 2.559657 ], [ 6.464368, 53.357518, 2.611356 ], [ 6.464369, 53.357519, 2.656605 ], [ 6.464369, 53.357519, 2.694135 ], [ 6.464369, 53.35752, 2.723377 ], [ 6.464369, 53.35752, 2.744551 ], [ 6.464368, 53.357519, 2.758356 ], [ 6.464368, 53.357519, 2.765665 ], [ 6.464368, 53.357519, 2.767516 ], [ 6.464368, 53.357519, 2.765047 ], [ 6.464368, 53.35752, 2.759361 ], [ 6.464368, 53.35752, 2.751429 ], [ 6.464368, 53.35752, 2.742866 ], [ 6.464368, 53.35752, 2.733585 ], [ 6.464368, 53.35752, 2.724166 ], [ 6.464368, 53.35752, 2.714979 ], [ 6.464368, 53.35752, 2.703112 ], [ 6.464368, 53.35752, 2.691523 ], [ 6.464368, 53.357521, 2.680081 ], [ 6.464368, 53.357521, 2.668928 ], [ 6.464369, 53.357522, 2.65812 ], [ 6.464369, 53.357522, 2.647643 ], [ 6.464369, 53.357523, 2.637505 ], [ 6.46437, 53.357524, 2.62769 ], [ 6.464372, 53.357525, 2.618206 ], [ 6.464374, 53.357527, 2.609064 ], [ 6.464377, 53.357529, 2.600364 ], [ 6.464379, 53.35753, 2.592158 ], [ 6.464381, 53.357532, 2.584558 ], [ 6.464383, 53.357533, 2.577605 ], [ 6.464384, 53.357534, 2.571291 ], [ 6.464386, 53.357535, 2.565638 ], [ 6.464386, 53.357535, 2.560638 ], [ 6.464387, 53.357535, 2.556247 ], [ 6.464387, 53.357536, 2.552424 ], [ 6.464388, 53.357536, 2.549144 ], [ 6.464388, 53.357536, 2.546372 ], [ 6.464388, 53.357536, 2.544043 ], [ 6.464388, 53.357536, 2.542145 ], [ 6.464388, 53.357536, 2.540608 ], [ 6.464388, 53.357536, 2.53938 ], [ 6.464389, 53.357536, 2.538437 ], [ 6.464389, 53.357536, 2.537742 ], [ 6.464389, 53.357536, 2.537247 ], [ 6.464389, 53.357536, 2.536929 ], [ 6.464389, 53.357536, 2.536748 ], [ 6.464389, 53.357537, 2.536686 ], [ 6.464389, 53.357537, 2.536717 ], [ 6.464389, 53.357537, 2.536815 ], [ 6.464389, 53.357537, 2.536967 ], [ 6.464389, 53.357537, 2.537161 ], [ 6.464389, 53.357537, 2.537383 ], [ 6.464389, 53.357537, 2.537621 ], [ 6.464389, 53.357537, 2.537868 ], [ 6.464389, 53.357537, 2.538116 ], [ 6.464389, 53.357537, 2.538359 ], [ 6.464389, 53.357537, 2.56053 ], [ 6.464389, 53.357536, 2.581723 ], [ 6.464389, 53.357536, 2.602957 ], [ 6.464388, 53.357536, 2.624782 ], [ 6.464388, 53.357536, 2.648158 ], [ 6.464388, 53.357535, 2.673307 ], [ 6.464388, 53.357535, 2.699738 ], [ 6.464388, 53.357535, 2.72736 ], [ 6.464387, 53.357534, 2.756038 ], [ 6.464387, 53.357533, 2.785164 ], [ 6.464387, 53.357532, 2.81426 ], [ 6.464386, 53.357531, 2.842753 ], [ 6.464386, 53.35753, 2.870238 ], [ 6.464385, 53.357529, 2.896336 ], [ 6.464385, 53.357529, 2.920884 ], [ 6.464385, 53.357528, 2.943668 ], [ 6.464384, 53.357528, 2.964854 ], [ 6.464384, 53.357527, 2.984223 ], [ 6.464384, 53.357527, 3.00181 ], [ 6.464384, 53.357527, 3.017633 ], [ 6.464384, 53.357526, 3.031938 ], [ 6.464384, 53.357526, 3.044752 ], [ 6.464384, 53.357526, 3.056093 ], [ 6.464384, 53.357526, 3.066045 ], [ 6.464384, 53.357526, 3.074689 ], [ 6.464384, 53.357526, 3.082237 ], [ 6.464384, 53.357526, 3.088683 ], [ 6.464384, 53.357526, 3.094106 ], [ 6.464384, 53.357526, 3.098584 ], [ 6.464384, 53.357526, 3.10222 ], [ 6.464384, 53.357526, 3.105128 ], [ 6.464384, 53.357526, 3.107381 ], [ 6.464384, 53.357526, 3.109083 ], [ 6.464384, 53.357526, 3.110292 ], [ 6.464383, 53.357526, 3.080851 ], [ 6.464383, 53.357525, 3.052899 ], [ 6.464383, 53.357525, 3.015424 ], [ 6.464382, 53.357524, 2.973036 ], [ 6.464382, 53.357524, 2.93908 ], [ 6.464381, 53.357522, 2.898166 ], [ 6.46438, 53.357521, 2.855054 ], [ 6.464378, 53.357519, 2.810302 ], [ 6.464376, 53.357516, 2.764265 ], [ 6.464374, 53.357513, 2.717671 ], [ 6.464371, 53.357509, 2.671266 ], [ 6.464368, 53.357505, 2.625922 ], [ 6.464366, 53.357501, 2.582434 ], [ 6.464365, 53.357498, 2.541279 ], [ 6.464363, 53.357495, 2.503026 ], [ 6.464362, 53.357493, 2.467859 ], [ 6.46436, 53.357492, 2.435922 ], [ 6.464359, 53.357492, 2.407127 ], [ 6.464358, 53.357491, 2.381511 ], [ 6.464358, 53.357491, 2.358915 ], [ 6.464357, 53.357491, 2.405602 ], [ 6.464357, 53.357491, 2.448434 ], [ 6.464357, 53.357491, 2.496691 ], [ 6.464357, 53.357491, 2.536448 ], [ 6.464358, 53.35749, 2.585899 ], [ 6.464359, 53.35749, 2.633 ], [ 6.464361, 53.35749, 2.684512 ], [ 6.464363, 53.35749, 2.735883 ], [ 6.464367, 53.357489, 2.790462 ], [ 6.464372, 53.357488, 2.852358 ], [ 6.464377, 53.357486, 2.899752 ], [ 6.464382, 53.357483, 2.943263 ], [ 6.464387, 53.357479, 2.985753 ], [ 6.46439, 53.357474, 3.018628 ], [ 6.464392, 53.357466, 3.030753 ], [ 6.464395, 53.357457, 3.033876 ], [ 6.464397, 53.357445, 3.030078 ], [ 6.464398, 53.357433, 3.01478 ], [ 6.4644, 53.357421, 3.005692 ], [ 6.464402, 53.357409, 2.991221 ], [ 6.464404, 53.357396, 2.966061 ], [ 6.464407, 53.357384, 2.936865 ], [ 6.464411, 53.357373, 2.896273 ], [ 6.464416, 53.357363, 2.864499 ], [ 6.464421, 53.357352, 2.836488 ], [ 6.464427, 53.357341, 2.798804 ], [ 6.464432, 53.357329, 2.759637 ], [ 6.464438, 53.357317, 2.720913 ], [ 6.464445, 53.357305, 2.679466 ], [ 6.464451, 53.357293, 2.643496 ], [ 6.464457, 53.357281, 2.616014 ], [ 6.464463, 53.357268, 2.597095 ], [ 6.464469, 53.357256, 2.59079 ], [ 6.464476, 53.357243, 2.58429 ], [ 6.464482, 53.357231, 2.598125 ], [ 6.464489, 53.35722, 2.616797 ], [ 6.464495, 53.35721, 2.638334 ], [ 6.464502, 53.357199, 2.663536 ], [ 6.464509, 53.357187, 2.697214 ], [ 6.464516, 53.357175, 2.73403 ], [ 6.464523, 53.357163, 2.771019 ], [ 6.46453, 53.357151, 2.811251 ], [ 6.464538, 53.35714, 2.844635 ], [ 6.464546, 53.357127, 2.869222 ], [ 6.464554, 53.357115, 2.886595 ], [ 6.464563, 53.357102, 2.892146 ], [ 6.464572, 53.357089, 2.898336 ], [ 6.46458, 53.357076, 2.902426 ], [ 6.464587, 53.357064, 2.89997 ], [ 6.464596, 53.357052, 2.886547 ], [ 6.464605, 53.357039, 2.881652 ], [ 6.464614, 53.357027, 2.869786 ], [ 6.464622, 53.357015, 2.856181 ], [ 6.464629, 53.357003, 2.843305 ], [ 6.464635, 53.356991, 2.832737 ], [ 6.464642, 53.356979, 2.814303 ], [ 6.464648, 53.356967, 2.780252 ], [ 6.464655, 53.356954, 2.736574 ], [ 6.464661, 53.356941, 2.710983 ], [ 6.464668, 53.356928, 2.689248 ], [ 6.464676, 53.356915, 2.675669 ], [ 6.464683, 53.356902, 2.669156 ], [ 6.464691, 53.356889, 2.629672 ], [ 6.464699, 53.356876, 2.592349 ], [ 6.464706, 53.356863, 2.555054 ], [ 6.464713, 53.356852, 2.532563 ], [ 6.464721, 53.356842, 2.506609 ], [ 6.464729, 53.356833, 2.488625 ], [ 6.464737, 53.356822, 2.471114 ], [ 6.464744, 53.356809, 2.463537 ], [ 6.464752, 53.356795, 2.457914 ], [ 6.464758, 53.35678, 2.461121 ], [ 6.464764, 53.356767, 2.463887 ], [ 6.46477, 53.356753, 2.482724 ], [ 6.464775, 53.356739, 2.506905 ], [ 6.46478, 53.356726, 2.53232 ], [ 6.464786, 53.356712, 2.558178 ], [ 6.464792, 53.3567, 2.585763 ], [ 6.464799, 53.356687, 2.615045 ], [ 6.464807, 53.356674, 2.641921 ], [ 6.464816, 53.35666, 2.668306 ], [ 6.464824, 53.356647, 2.697412 ], [ 6.464833, 53.356633, 2.72389 ], [ 6.464841, 53.35662, 2.746714 ], [ 6.464848, 53.356606, 2.768819 ], [ 6.464854, 53.356593, 2.780302 ], [ 6.464861, 53.35658, 2.793747 ], [ 6.464867, 53.356567, 2.80125 ], [ 6.464873, 53.356555, 2.808353 ], [ 6.464881, 53.356541, 2.825096 ], [ 6.464889, 53.356528, 2.834468 ], [ 6.464897, 53.356515, 2.847514 ], [ 6.464906, 53.356502, 2.873504 ], [ 6.464914, 53.356489, 2.903824 ], [ 6.464923, 53.356476, 2.925366 ], [ 6.46493, 53.356464, 2.949 ], [ 6.464937, 53.356452, 2.970076 ], [ 6.464945, 53.35644, 2.985498 ], [ 6.464953, 53.356427, 2.990265 ], [ 6.464962, 53.356414, 2.998479 ], [ 6.46497, 53.3564, 3.00105 ], [ 6.464978, 53.356388, 3.004697 ], [ 6.464986, 53.356375, 3.002829 ], [ 6.464995, 53.356362, 2.999622 ], [ 6.465003, 53.356349, 2.992853 ], [ 6.465011, 53.356337, 2.980961 ], [ 6.46502, 53.356325, 2.96675 ], [ 6.465028, 53.356313, 2.951952 ], [ 6.465036, 53.356301, 2.934491 ], [ 6.465045, 53.356289, 2.921051 ], [ 6.465052, 53.356278, 2.891276 ], [ 6.46506, 53.356266, 2.877564 ], [ 6.465067, 53.356254, 2.873421 ], [ 6.465073, 53.356242, 2.865119 ], [ 6.46508, 53.35623, 2.858062 ], [ 6.465087, 53.356218, 2.856728 ], [ 6.465095, 53.356206, 2.850982 ], [ 6.465095, 53.356205, 2.839893 ], [ 6.465104, 53.356192, 2.821091 ], [ 6.465113, 53.356179, 2.806848 ], [ 6.465123, 53.356166, 2.787174 ], [ 6.465132, 53.356153, 2.767387 ], [ 6.46514, 53.35614, 2.729796 ], [ 6.465147, 53.356127, 2.703808 ], [ 6.465155, 53.356113, 2.67716 ], [ 6.465163, 53.3561, 2.653514 ], [ 6.465171, 53.356086, 2.627847 ], [ 6.465179, 53.356073, 2.596534 ], [ 6.465186, 53.35606, 2.567255 ], [ 6.465194, 53.356047, 2.542604 ], [ 6.465202, 53.356035, 2.518782 ], [ 6.465211, 53.356022, 2.499837 ], [ 6.465219, 53.356009, 2.487352 ], [ 6.465226, 53.355996, 2.483718 ], [ 6.465232, 53.355983, 2.487001 ], [ 6.465239, 53.35597, 2.484215 ], [ 6.465245, 53.355956, 2.487586 ], [ 6.465251, 53.355943, 2.490855 ], [ 6.465257, 53.35593, 2.497755 ], [ 6.465263, 53.355917, 2.507121 ], [ 6.465268, 53.355902, 2.511764 ], [ 6.465273, 53.355888, 2.518834 ], [ 6.465277, 53.355874, 2.518949 ], [ 6.465281, 53.35586, 2.512292 ], [ 6.465286, 53.355846, 2.5069 ], [ 6.465292, 53.355831, 2.493144 ], [ 6.465297, 53.355817, 2.476093 ], [ 6.465303, 53.355803, 2.45787 ], [ 6.465309, 53.355789, 2.434102 ], [ 6.465315, 53.355775, 2.395915 ], [ 6.465322, 53.355762, 2.357988 ], [ 6.465329, 53.355749, 2.316898 ], [ 6.465335, 53.355737, 2.27313 ], [ 6.465342, 53.355725, 2.232906 ], [ 6.465348, 53.355713, 2.187921 ], [ 6.465354, 53.355702, 2.137574 ], [ 6.465359, 53.355691, 2.088465 ], [ 6.465365, 53.355679, 2.02082 ], [ 6.46537, 53.355667, 1.952846 ], [ 6.465374, 53.355654, 1.88541 ], [ 6.465379, 53.355641, 1.823495 ], [ 6.465384, 53.355628, 1.768271 ], [ 6.465389, 53.355615, 1.712333 ], [ 6.465395, 53.355602, 1.651427 ], [ 6.4654, 53.355589, 1.606083 ], [ 6.465404, 53.355575, 1.559876 ], [ 6.465408, 53.355561, 1.520401 ], [ 6.465411, 53.355548, 1.486591 ], [ 6.465415, 53.355534, 1.459935 ], [ 6.46542, 53.355522, 1.449486 ], [ 6.465426, 53.355509, 1.452007 ], [ 6.465432, 53.355498, 1.463503 ], [ 6.465438, 53.355486, 1.484748 ], [ 6.465444, 53.355474, 1.50785 ], [ 6.465449, 53.355461, 1.539911 ], [ 6.46545, 53.355447, 1.571965 ], [ 6.465449, 53.355433, 1.603742 ], [ 6.465447, 53.35542, 1.642554 ], [ 6.465447, 53.355419, 1.647456 ], [ 6.465447, 53.355404, 1.687219 ], [ 6.465446, 53.35539, 1.718658 ], [ 6.465445, 53.355375, 1.746714 ], [ 6.465445, 53.355361, 1.772184 ], [ 6.465445, 53.355346, 1.798485 ], [ 6.465444, 53.355331, 1.819424 ], [ 6.465443, 53.355316, 1.842461 ], [ 6.465442, 53.355302, 1.86661 ], [ 6.465441, 53.355288, 1.884899 ], [ 6.465439, 53.355274, 1.911259 ], [ 6.465438, 53.35526, 1.926713 ], [ 6.465436, 53.355246, 1.951744 ], [ 6.465434, 53.355232, 1.974911 ], [ 6.465434, 53.355218, 2.010531 ], [ 6.465436, 53.355205, 2.043278 ], [ 6.465437, 53.355191, 2.086379 ], [ 6.465437, 53.355177, 2.129782 ], [ 6.465436, 53.355164, 2.185 ], [ 6.465435, 53.355151, 2.231552 ], [ 6.465432, 53.355138, 2.276565 ], [ 6.465428, 53.355124, 2.321817 ], [ 6.465424, 53.355111, 2.364706 ], [ 6.465418, 53.355099, 2.388498 ], [ 6.465412, 53.355087, 2.411448 ], [ 6.465404, 53.355074, 2.419598 ], [ 6.465397, 53.355061, 2.421064 ], [ 6.46539, 53.355048, 2.421553 ], [ 6.465384, 53.355035, 2.419955 ], [ 6.465378, 53.355023, 2.415318 ], [ 6.465372, 53.355011, 2.414195 ], [ 6.465371, 53.35501, 2.420232 ], [ 6.465365, 53.354996, 2.406036 ], [ 6.465359, 53.354983, 2.406241 ], [ 6.465354, 53.354969, 2.40278 ], [ 6.465349, 53.354955, 2.40262 ], [ 6.465343, 53.354942, 2.402049 ], [ 6.465337, 53.354929, 2.403383 ], [ 6.46533, 53.354916, 2.410015 ], [ 6.465324, 53.354903, 2.419637 ], [ 6.465319, 53.35489, 2.425507 ], [ 6.465313, 53.354878, 2.435894 ], [ 6.465309, 53.354866, 2.445228 ], [ 6.465306, 53.354853, 2.471469 ], [ 6.465304, 53.354841, 2.495747 ], [ 6.465303, 53.354828, 2.532472 ], [ 6.465302, 53.354816, 2.566538 ], [ 6.4653, 53.354804, 2.610968 ], [ 6.465298, 53.354791, 2.66186 ], [ 6.465295, 53.354777, 2.724133 ], [ 6.465292, 53.354762, 2.785761 ], [ 6.465288, 53.354747, 2.851034 ], [ 6.465284, 53.354732, 2.927638 ], [ 6.465281, 53.354717, 3.002168 ], [ 6.465279, 53.354702, 3.083073 ], [ 6.465278, 53.354687, 3.162096 ], [ 6.465277, 53.354672, 3.23978 ], [ 6.465275, 53.354657, 3.313662 ], [ 6.465273, 53.354643, 3.373091 ], [ 6.465271, 53.354629, 3.425302 ], [ 6.465269, 53.354615, 3.473213 ], [ 6.465267, 53.354602, 3.520212 ], [ 6.465265, 53.354589, 3.554877 ], [ 6.465262, 53.354576, 3.578788 ], [ 6.465258, 53.354562, 3.592991 ], [ 6.465255, 53.354548, 3.594522 ], [ 6.465252, 53.354534, 3.592845 ], [ 6.465248, 53.354521, 3.582356 ], [ 6.465245, 53.354508, 3.564263 ], [ 6.465242, 53.354494, 3.535694 ], [ 6.46524, 53.354481, 3.506663 ], [ 6.465237, 53.354468, 3.476951 ], [ 6.465235, 53.354455, 3.445904 ], [ 6.465233, 53.354442, 3.419023 ], [ 6.46523, 53.354429, 3.387277 ], [ 6.465228, 53.354416, 3.363751 ], [ 6.465226, 53.354403, 3.343763 ], [ 6.465224, 53.354391, 3.334761 ], [ 6.465222, 53.354379, 3.327446 ], [ 6.465219, 53.354366, 3.315154 ], [ 6.465217, 53.354354, 3.306015 ], [ 6.465214, 53.354341, 3.299798 ], [ 6.465212, 53.354328, 3.288008 ], [ 6.46521, 53.354315, 3.279937 ], [ 6.465208, 53.354303, 3.276025 ], [ 6.465209, 53.354291, 3.274182 ], [ 6.465211, 53.354281, 3.270415 ], [ 6.465214, 53.354272, 3.267215 ], [ 6.465218, 53.354265, 3.268797 ], [ 6.465222, 53.354263, 3.275957 ], [ 6.465224, 53.354264, 3.277085 ], [ 6.465226, 53.354263, 3.280831 ], [ 6.465226, 53.35426, 3.293552 ], [ 6.465226, 53.354253, 3.309368 ], [ 6.465223, 53.354241, 3.325331 ], [ 6.465219, 53.354227, 3.341945 ], [ 6.465213, 53.354213, 3.357341 ], [ 6.465206, 53.354198, 3.378632 ], [ 6.465198, 53.354182, 3.402735 ], [ 6.465189, 53.354167, 3.427516 ], [ 6.465179, 53.354152, 3.453797 ], [ 6.465169, 53.354138, 3.481071 ], [ 6.465159, 53.354125, 3.508307 ], [ 6.465148, 53.354112, 3.533558 ], [ 6.465136, 53.3541, 3.552322 ], [ 6.465123, 53.354089, 3.570452 ], [ 6.46511, 53.354078, 3.58387 ], [ 6.465095, 53.354069, 3.591762 ], [ 6.465079, 53.354061, 3.60398 ], [ 6.465061, 53.354055, 3.615612 ], [ 6.465042, 53.354049, 3.625964 ], [ 6.465024, 53.354044, 3.635041 ], [ 6.465006, 53.354039, 3.6345 ], [ 6.464988, 53.354035, 3.635005 ], [ 6.46497, 53.354031, 3.635307 ], [ 6.464951, 53.354027, 3.630169 ], [ 6.464933, 53.354021, 3.620595 ], [ 6.464916, 53.354015, 3.607219 ], [ 6.464899, 53.354008, 3.60676 ], [ 6.464882, 53.353999, 3.597939 ], [ 6.464867, 53.353988, 3.595115 ], [ 6.464855, 53.353978, 3.577443 ], [ 6.464853, 53.353976, 3.572043 ], [ 6.464843, 53.353963, 3.549507 ], [ 6.464838, 53.353949, 3.530132 ], [ 6.464836, 53.353935, 3.505772 ], [ 6.464836, 53.353921, 3.492866 ], [ 6.464837, 53.353909, 3.480958 ], [ 6.46484, 53.353897, 3.471439 ], [ 6.464843, 53.353887, 3.460222 ], [ 6.464846, 53.353878, 3.452781 ], [ 6.46485, 53.353869, 3.440311 ], [ 6.464854, 53.353859, 3.429016 ], [ 6.464858, 53.35385, 3.420247 ], [ 6.464861, 53.35384, 3.399099 ], [ 6.464862, 53.35383, 3.377854 ], [ 6.464864, 53.353819, 3.360933 ], [ 6.464864, 53.353808, 3.341244 ], [ 6.464866, 53.353797, 3.308578 ], [ 6.464869, 53.353785, 3.274025 ], [ 6.464873, 53.353773, 3.235936 ], [ 6.464878, 53.35376, 3.192705 ], [ 6.464884, 53.353748, 3.145184 ], [ 6.464892, 53.353736, 3.103728 ], [ 6.464901, 53.353725, 3.057918 ], [ 6.464913, 53.353716, 3.015584 ], [ 6.464925, 53.353707, 2.975993 ], [ 6.464936, 53.353699, 2.933301 ], [ 6.46495, 53.353692, 2.893535 ], [ 6.464965, 53.353685, 2.844576 ], [ 6.464979, 53.353678, 2.80632 ], [ 6.464993, 53.353671, 2.764713 ], [ 6.465005, 53.353664, 2.734887 ], [ 6.465007, 53.353663, 2.733714 ], [ 6.465021, 53.353654, 2.706333 ], [ 6.465036, 53.353644, 2.690484 ], [ 6.465049, 53.353633, 2.67868 ], [ 6.465059, 53.353622, 2.669833 ], [ 6.465068, 53.35361, 2.666499 ], [ 6.465074, 53.353597, 2.68492 ], [ 6.465076, 53.353584, 2.699217 ], [ 6.465077, 53.353569, 2.71849 ], [ 6.465076, 53.353555, 2.746429 ], [ 6.465075, 53.353542, 2.772554 ], [ 6.465073, 53.353528, 2.802367 ], [ 6.46507, 53.353515, 2.838579 ], [ 6.465068, 53.353502, 2.879404 ], [ 6.465065, 53.353488, 2.923728 ], [ 6.465063, 53.353475, 2.9649 ], [ 6.46506, 53.353461, 3.007088 ], [ 6.465059, 53.353447, 3.054717 ], [ 6.465058, 53.353434, 3.104276 ], [ 6.465058, 53.35342, 3.149774 ], [ 6.465058, 53.353407, 3.194549 ], [ 6.465058, 53.353394, 3.237751 ], [ 6.465059, 53.353381, 3.276277 ], [ 6.465059, 53.353367, 3.314653 ], [ 6.465058, 53.353354, 3.347342 ], [ 6.465057, 53.353341, 3.375687 ], [ 6.465057, 53.353328, 3.399474 ], [ 6.465056, 53.353316, 3.418187 ], [ 6.465055, 53.353303, 3.430704 ], [ 6.465054, 53.353291, 3.43691 ], [ 6.465054, 53.35328, 3.441258 ], [ 6.465053, 53.353279, 3.438452 ], [ 6.465053, 53.353267, 3.437107 ], [ 6.465053, 53.353254, 3.434582 ], [ 6.465053, 53.353241, 3.429109 ], [ 6.465052, 53.353228, 3.412555 ], [ 6.465051, 53.353215, 3.395843 ], [ 6.465051, 53.353202, 3.383003 ], [ 6.465051, 53.353189, 3.379028 ], [ 6.465051, 53.353177, 3.368305 ], [ 6.465049, 53.353165, 3.363145 ], [ 6.465048, 53.353154, 3.35359 ], [ 6.465048, 53.353143, 3.336309 ], [ 6.465049, 53.353131, 3.316984 ], [ 6.465049, 53.353119, 3.301203 ], [ 6.465049, 53.353107, 3.299508 ], [ 6.465048, 53.353093, 3.303693 ], [ 6.465045, 53.35308, 3.307417 ], [ 6.46504, 53.353067, 3.297393 ], [ 6.465034, 53.353055, 3.281472 ], [ 6.46503, 53.353044, 3.278734 ], [ 6.465025, 53.353033, 3.279631 ], [ 6.465022, 53.353023, 3.279955 ], [ 6.465018, 53.353012, 3.276352 ], [ 6.465013, 53.353001, 3.275956 ], [ 6.465006, 53.35299, 3.284403 ], [ 6.464999, 53.352977, 3.291397 ], [ 6.464991, 53.352965, 3.297064 ], [ 6.464982, 53.352953, 3.302045 ], [ 6.464975, 53.35294, 3.310598 ], [ 6.464969, 53.352929, 3.316353 ], [ 6.464965, 53.352918, 3.323758 ], [ 6.464961, 53.352906, 3.330961 ], [ 6.464957, 53.352895, 3.341858 ], [ 6.464951, 53.352882, 3.349435 ], [ 6.464945, 53.35287, 3.354827 ], [ 6.464939, 53.352857, 3.364522 ], [ 6.464933, 53.352844, 3.373791 ], [ 6.464928, 53.352831, 3.383293 ], [ 6.464924, 53.352819, 3.393568 ], [ 6.464919, 53.352806, 3.397107 ], [ 6.464915, 53.352794, 3.402755 ], [ 6.46491, 53.352783, 3.409233 ], [ 6.464907, 53.352773, 3.423817 ], [ 6.464903, 53.352762, 3.451634 ], [ 6.464899, 53.35275, 3.478383 ], [ 6.464896, 53.352737, 3.502032 ], [ 6.464892, 53.352724, 3.529499 ], [ 6.464887, 53.352711, 3.554755 ], [ 6.464883, 53.352698, 3.590016 ], [ 6.464878, 53.352686, 3.615768 ], [ 6.464873, 53.352673, 3.646143 ], [ 6.464868, 53.352661, 3.673881 ], [ 6.464863, 53.35265, 3.699968 ], [ 6.464857, 53.352639, 3.720378 ], [ 6.46485, 53.352627, 3.730755 ], [ 6.464843, 53.352614, 3.745964 ], [ 6.464836, 53.352601, 3.755643 ], [ 6.464828, 53.352589, 3.755185 ], [ 6.464821, 53.352576, 3.753792 ], [ 6.464812, 53.352562, 3.75329 ], [ 6.464803, 53.352549, 3.749701 ], [ 6.464796, 53.352537, 3.745412 ], [ 6.464791, 53.352525, 3.735683 ], [ 6.464786, 53.352514, 3.720685 ], [ 6.464781, 53.352503, 3.714988 ], [ 6.464775, 53.352491, 3.718921 ], [ 6.46477, 53.35248, 3.736062 ], [ 6.464765, 53.352467, 3.748946 ], [ 6.464761, 53.352455, 3.764501 ], [ 6.464756, 53.352442, 3.774296 ], [ 6.46475, 53.352431, 3.77867 ], [ 6.464744, 53.352422, 3.788397 ], [ 6.46474, 53.352415, 3.788984 ], [ 6.464737, 53.352409, 3.787658 ], [ 6.464732, 53.352401, 3.789941 ], [ 6.464723, 53.352389, 3.785175 ], [ 6.464713, 53.352376, 3.78284 ], [ 6.464702, 53.352363, 3.782341 ], [ 6.464691, 53.35235, 3.768491 ], [ 6.46468, 53.352337, 3.738733 ], [ 6.464671, 53.352325, 3.700495 ], [ 6.464662, 53.352313, 3.649741 ], [ 6.464652, 53.352302, 3.606414 ], [ 6.464643, 53.35229, 3.548235 ], [ 6.464634, 53.352279, 3.489507 ], [ 6.464626, 53.352269, 3.4368 ], [ 6.464619, 53.352259, 3.379378 ], [ 6.464611, 53.35225, 3.33105 ], [ 6.464605, 53.352241, 3.298822 ], [ 6.464598, 53.352231, 3.261063 ], [ 6.464591, 53.352221, 3.23227 ], [ 6.464591, 53.352221, 3.230914 ], [ 6.464583, 53.352209, 3.197434 ], [ 6.464575, 53.352197, 3.168935 ], [ 6.464569, 53.352186, 3.149926 ], [ 6.464563, 53.352174, 3.13133 ], [ 6.464557, 53.352162, 3.122851 ], [ 6.464552, 53.35215, 3.113235 ], [ 6.464546, 53.352139, 3.101957 ], [ 6.464538, 53.352127, 3.097976 ], [ 6.464529, 53.352115, 3.076854 ], [ 6.464519, 53.352103, 3.052406 ], [ 6.464509, 53.35209, 3.029503 ], [ 6.4645, 53.352078, 3.020122 ], [ 6.464492, 53.352066, 3.004753 ], [ 6.464485, 53.352055, 2.984855 ], [ 6.464478, 53.352043, 2.952192 ], [ 6.464474, 53.352031, 2.907339 ], [ 6.464472, 53.352018, 2.865546 ], [ 6.464474, 53.352006, 2.827626 ], [ 6.464481, 53.351994, 2.789902 ], [ 6.464494, 53.351985, 2.758159 ], [ 6.464513, 53.351977, 2.728601 ], [ 6.464533, 53.351971, 2.708996 ], [ 6.464553, 53.351965, 2.684586 ], [ 6.464574, 53.35196, 2.661426 ], [ 6.464594, 53.351954, 2.635834 ], [ 6.464613, 53.351949, 2.61628 ], [ 6.464632, 53.351944, 2.589746 ], [ 6.464651, 53.351939, 2.572188 ], [ 6.46467, 53.351934, 2.570817 ], [ 6.46469, 53.351928, 2.585112 ], [ 6.464708, 53.351924, 2.581569 ], [ 6.464725, 53.351919, 2.595272 ], [ 6.464742, 53.351914, 2.602374 ], [ 6.464758, 53.351909, 2.604287 ], [ 6.464776, 53.351902, 2.604486 ], [ 6.464792, 53.351896, 2.608564 ], [ 6.464808, 53.351891, 2.620526 ], [ 6.464823, 53.351886, 2.633388 ], [ 6.464841, 53.351881, 2.647026 ], [ 6.46486, 53.351875, 2.64019 ], [ 6.464878, 53.351869, 2.631137 ], [ 6.464894, 53.351862, 2.618015 ], [ 6.464908, 53.351854, 2.595145 ], [ 6.464922, 53.351847, 2.574764 ], [ 6.464939, 53.35184, 2.545579 ], [ 6.464957, 53.351832, 2.535365 ], [ 6.464976, 53.351826, 2.54112 ], [ 6.464995, 53.35182, 2.551676 ], [ 6.465013, 53.351813, 2.554955 ], [ 6.465028, 53.351807, 2.55301 ], [ 6.465041, 53.351799, 2.563976 ], [ 6.465055, 53.35179, 2.586398 ], [ 6.465071, 53.35178, 2.620956 ], [ 6.465087, 53.35177, 2.658296 ], [ 6.465104, 53.351761, 2.702433 ], [ 6.465121, 53.351752, 2.731015 ], [ 6.465138, 53.351744, 2.763709 ], [ 6.465154, 53.351735, 2.790678 ], [ 6.465169, 53.351726, 2.807889 ], [ 6.465187, 53.351718, 2.815296 ], [ 6.465206, 53.351709, 2.811606 ], [ 6.465225, 53.351701, 2.817692 ], [ 6.465244, 53.351692, 2.819859 ], [ 6.465263, 53.351685, 2.822523 ], [ 6.465279, 53.351678, 2.799582 ], [ 6.465295, 53.351672, 2.764184 ], [ 6.46531, 53.351666, 2.727643 ], [ 6.465325, 53.35166, 2.691425 ], [ 6.46534, 53.351654, 2.655153 ], [ 6.465355, 53.351649, 2.62137 ], [ 6.465369, 53.351643, 2.594279 ], [ 6.465384, 53.351637, 2.579422 ], [ 6.465398, 53.351629, 2.556792 ], [ 6.465412, 53.351619, 2.54179 ], [ 6.465426, 53.351609, 2.520198 ], [ 6.46544, 53.351599, 2.498307 ], [ 6.465454, 53.35159, 2.480229 ], [ 6.465468, 53.351581, 2.465925 ], [ 6.465484, 53.351572, 2.437347 ], [ 6.465499, 53.351562, 2.417367 ], [ 6.465515, 53.351553, 2.399148 ], [ 6.46553, 53.351544, 2.364502 ], [ 6.465546, 53.351536, 2.328934 ], [ 6.465561, 53.351528, 2.289258 ], [ 6.465576, 53.351521, 2.242119 ], [ 6.465592, 53.351514, 2.199966 ], [ 6.465607, 53.351508, 2.155931 ], [ 6.465623, 53.351503, 2.11092 ], [ 6.46564, 53.351497, 2.068591 ], [ 6.465657, 53.351492, 2.028513 ], [ 6.465675, 53.351486, 1.98228 ], [ 6.465692, 53.351481, 1.928739 ], [ 6.465709, 53.351476, 1.873034 ], [ 6.465725, 53.351471, 1.823304 ], [ 6.465743, 53.351465, 1.769019 ], [ 6.465761, 53.351458, 1.72759 ], [ 6.465779, 53.351453, 1.698645 ], [ 6.465796, 53.351448, 1.667411 ], [ 6.465811, 53.351444, 1.630103 ], [ 6.465827, 53.35144, 1.602895 ], [ 6.465844, 53.351436, 1.578698 ], [ 6.465862, 53.351432, 1.574835 ], [ 6.46588, 53.351427, 1.590049 ], [ 6.465897, 53.351421, 1.596124 ], [ 6.465914, 53.351413, 1.595467 ], [ 6.465931, 53.351404, 1.603633 ], [ 6.465947, 53.351394, 1.622739 ], [ 6.465963, 53.351384, 1.652998 ], [ 6.465979, 53.351374, 1.672487 ], [ 6.465995, 53.351364, 1.693894 ], [ 6.46601, 53.351354, 1.724637 ], [ 6.466026, 53.351345, 1.774088 ], [ 6.466041, 53.351337, 1.834356 ], [ 6.466055, 53.35133, 1.896236 ], [ 6.466069, 53.351324, 1.972775 ], [ 6.466083, 53.351318, 2.043916 ], [ 6.466098, 53.351312, 2.105151 ], [ 6.466113, 53.351304, 2.156756 ], [ 6.466128, 53.351296, 2.2163 ], [ 6.466141, 53.351288, 2.26501 ], [ 6.466154, 53.351279, 2.304962 ], [ 6.466168, 53.35127, 2.345571 ], [ 6.466184, 53.351261, 2.381194 ], [ 6.4662, 53.351252, 2.3869 ], [ 6.466217, 53.351245, 2.381437 ], [ 6.466234, 53.351238, 2.372679 ], [ 6.466251, 53.351231, 2.359544 ], [ 6.466267, 53.351224, 2.32187 ], [ 6.466284, 53.351219, 2.273356 ], [ 6.4663, 53.351213, 2.212802 ], [ 6.466317, 53.351208, 2.143188 ], [ 6.466335, 53.351203, 2.059012 ], [ 6.466354, 53.351198, 1.97121 ], [ 6.466373, 53.351194, 1.872117 ], [ 6.466391, 53.351188, 1.783626 ], [ 6.466407, 53.351182, 1.690948 ], [ 6.466422, 53.351174, 1.590434 ], [ 6.466435, 53.351166, 1.492414 ], [ 6.466444, 53.351156, 1.440739 ], [ 6.466447, 53.351147, 1.424733 ], [ 6.466444, 53.351137, 1.397555 ], [ 6.466436, 53.351126, 1.378741 ], [ 6.466426, 53.351115, 1.367384 ], [ 6.466415, 53.351103, 1.365084 ], [ 6.466404, 53.351094, 1.361724 ], [ 6.466393, 53.351084, 1.377283 ], [ 6.466383, 53.351075, 1.396203 ], [ 6.466373, 53.351066, 1.425296 ], [ 6.466364, 53.351058, 1.457631 ], [ 6.466355, 53.35105, 1.489356 ], [ 6.466345, 53.351042, 1.519876 ], [ 6.466336, 53.351034, 1.545944 ], [ 6.466327, 53.351027, 1.556753 ], [ 6.46632, 53.351022, 1.567693 ], [ 6.466316, 53.351019, 1.574775 ], [ 6.466314, 53.351017, 1.56978 ], [ 6.466313, 53.351017, 1.576443 ], [ 6.466313, 53.351018, 1.585637 ], [ 6.466313, 53.351018, 1.595617 ], [ 6.466313, 53.351018, 1.603585 ], [ 6.466313, 53.351018, 1.612373 ], [ 6.466311, 53.351015, 1.616596 ], [ 6.466307, 53.351011, 1.623894 ], [ 6.466303, 53.351007, 1.63254 ], [ 6.466298, 53.351002, 1.645682 ], [ 6.466292, 53.350995, 1.658668 ], [ 6.466284, 53.350988, 1.682432 ], [ 6.466275, 53.35098, 1.718559 ], [ 6.466266, 53.350972, 1.74967 ], [ 6.466258, 53.350963, 1.787734 ], [ 6.466251, 53.350956, 1.816666 ], [ 6.466243, 53.350949, 1.858683 ], [ 6.466237, 53.350943, 1.917847 ], [ 6.46623, 53.350938, 1.965583 ], [ 6.466225, 53.350934, 2.014557 ], [ 6.46622, 53.35093, 2.069991 ], [ 6.466218, 53.350928, 2.10047 ], [ 6.466217, 53.350926, 2.14124 ], [ 6.466218, 53.350922, 2.18608 ], [ 6.466222, 53.350916, 2.238159 ], [ 6.466229, 53.350909, 2.2779 ], [ 6.466242, 53.350902, 2.311338 ], [ 6.466259, 53.350896, 2.335763 ], [ 6.466279, 53.350891, 2.369077 ], [ 6.466301, 53.350885, 2.390825 ], [ 6.466321, 53.35088, 2.404899 ], [ 6.46634, 53.350875, 2.41895 ], [ 6.466356, 53.35087, 2.426391 ], [ 6.466373, 53.350865, 2.446694 ], [ 6.46639, 53.350861, 2.467076 ], [ 6.466408, 53.350857, 2.477189 ], [ 6.466426, 53.350852, 2.497894 ], [ 6.466445, 53.350847, 2.504653 ], [ 6.466463, 53.350842, 2.518846 ], [ 6.46648, 53.350835, 2.544761 ], [ 6.466497, 53.350828, 2.579625 ], [ 6.466515, 53.350821, 2.613748 ], [ 6.466532, 53.350815, 2.635257 ], [ 6.46655, 53.350809, 2.654362 ], [ 6.466569, 53.350804, 2.667981 ], [ 6.466587, 53.350797, 2.689695 ], [ 6.466606, 53.35079, 2.711008 ], [ 6.466624, 53.350782, 2.749382 ], [ 6.466644, 53.350774, 2.781532 ], [ 6.466664, 53.350766, 2.788892 ], [ 6.466684, 53.35076, 2.790816 ], [ 6.466702, 53.350753, 2.786384 ], [ 6.46672, 53.350748, 2.784913 ], [ 6.466736, 53.350742, 2.783286 ], [ 6.466753, 53.350737, 2.784913 ], [ 6.46677, 53.350732, 2.778164 ], [ 6.466787, 53.350727, 2.767008 ], [ 6.466806, 53.350722, 2.749956 ], [ 6.466825, 53.350716, 2.726327 ], [ 6.466844, 53.350711, 2.701929 ], [ 6.46686, 53.350707, 2.682104 ], [ 6.466873, 53.350703, 2.685197 ], [ 6.466885, 53.350698, 2.676951 ], [ 6.466899, 53.350693, 2.674275 ], [ 6.466916, 53.350686, 2.658621 ], [ 6.466934, 53.350679, 2.64657 ], [ 6.466952, 53.350671, 2.637105 ], [ 6.466969, 53.350663, 2.645196 ], [ 6.466986, 53.350655, 2.661691 ], [ 6.467001, 53.350647, 2.680075 ], [ 6.467016, 53.350639, 2.684776 ], [ 6.467031, 53.350632, 2.703039 ], [ 6.467046, 53.350626, 2.717887 ], [ 6.467061, 53.350619, 2.732221 ], [ 6.467076, 53.350613, 2.748449 ], [ 6.46709, 53.350606, 2.769471 ], [ 6.467105, 53.350599, 2.799462 ], [ 6.467122, 53.350592, 2.816402 ], [ 6.467139, 53.350584, 2.825653 ], [ 6.467155, 53.350575, 2.834849 ], [ 6.46717, 53.350568, 2.82355 ], [ 6.467184, 53.350561, 2.811002 ], [ 6.467197, 53.350555, 2.785637 ], [ 6.467211, 53.350549, 2.759258 ], [ 6.467228, 53.350541, 2.7256 ], [ 6.467247, 53.350533, 2.686095 ], [ 6.467265, 53.350525, 2.639891 ], [ 6.467283, 53.350517, 2.59972 ], [ 6.467301, 53.350509, 2.545506 ], [ 6.467317, 53.350501, 2.483845 ], [ 6.46733, 53.350495, 2.417009 ], [ 6.467343, 53.350489, 2.345671 ], [ 6.467356, 53.350481, 2.284511 ], [ 6.46737, 53.350473, 2.217119 ], [ 6.467386, 53.350463, 2.140136 ], [ 6.467402, 53.350454, 2.090749 ], [ 6.46742, 53.350445, 2.044807 ], [ 6.467436, 53.350436, 2.005746 ], [ 6.467451, 53.350427, 1.964391 ], [ 6.467465, 53.350418, 1.934682 ], [ 6.46748, 53.35041, 1.937794 ], [ 6.467497, 53.3504, 1.942031 ], [ 6.467514, 53.350391, 1.944426 ], [ 6.467532, 53.350382, 1.949117 ], [ 6.467548, 53.350374, 1.953588 ], [ 6.467564, 53.350366, 1.968496 ], [ 6.467579, 53.350357, 1.992644 ], [ 6.467595, 53.350348, 2.022082 ], [ 6.467611, 53.350339, 2.059475 ], [ 6.467628, 53.350331, 2.095413 ], [ 6.467646, 53.350322, 2.11935 ], [ 6.467663, 53.350313, 2.140998 ], [ 6.467678, 53.350305, 2.163578 ], [ 6.467692, 53.350295, 2.183386 ], [ 6.467707, 53.350285, 2.196299 ], [ 6.467722, 53.350274, 2.189907 ], [ 6.467737, 53.350264, 2.198826 ], [ 6.467753, 53.350253, 2.194943 ], [ 6.467769, 53.350243, 2.193361 ], [ 6.467784, 53.350232, 2.188701 ], [ 6.467799, 53.35022, 2.18238 ], [ 6.467813, 53.35021, 2.167635 ], [ 6.467827, 53.3502, 2.171769 ], [ 6.467841, 53.350191, 2.17002 ], [ 6.467856, 53.350182, 2.164734 ], [ 6.467869, 53.350173, 2.162948 ], [ 6.467883, 53.350164, 2.16119 ], [ 6.467895, 53.350156, 2.161217 ], [ 6.467908, 53.350147, 2.163511 ], [ 6.46792, 53.350136, 2.17173 ], [ 6.467931, 53.350124, 2.1834 ], [ 6.467941, 53.350113, 2.200752 ], [ 6.467948, 53.350102, 2.214748 ], [ 6.467954, 53.350091, 2.228495 ], [ 6.467959, 53.350081, 2.247108 ], [ 6.467964, 53.35007, 2.279141 ], [ 6.46797, 53.35006, 2.311084 ], [ 6.46798, 53.35005, 2.347392 ], [ 6.467992, 53.350041, 2.388254 ], [ 6.468005, 53.350031, 2.424037 ], [ 6.468019, 53.350021, 2.473799 ], [ 6.468033, 53.350011, 2.54214 ], [ 6.468046, 53.349999, 2.59391 ], [ 6.468059, 53.349988, 2.644662 ], [ 6.468072, 53.349976, 2.706539 ], [ 6.468083, 53.349964, 2.770887 ], [ 6.468092, 53.349951, 2.836969 ], [ 6.468099, 53.349939, 2.892192 ], [ 6.468106, 53.349926, 2.931866 ], [ 6.468112, 53.349914, 2.981383 ], [ 6.468119, 53.349901, 3.038426 ], [ 6.468128, 53.34989, 3.075381 ], [ 6.468139, 53.349878, 3.105177 ], [ 6.468154, 53.349868, 3.137549 ], [ 6.468171, 53.349859, 3.147972 ], [ 6.468188, 53.349851, 3.157445 ], [ 6.468206, 53.349845, 3.163719 ], [ 6.468226, 53.349839, 3.154781 ], [ 6.468246, 53.349833, 3.145366 ], [ 6.468264, 53.349827, 3.136865 ], [ 6.468281, 53.34982, 3.118379 ], [ 6.468298, 53.349814, 3.093501 ], [ 6.468315, 53.349808, 3.06747 ], [ 6.468332, 53.349803, 3.032485 ], [ 6.468351, 53.349798, 3.006445 ], [ 6.46837, 53.349792, 2.979499 ], [ 6.46839, 53.349787, 2.938412 ], [ 6.46841, 53.349781, 2.904432 ], [ 6.46843, 53.349776, 2.860575 ], [ 6.468449, 53.34977, 2.810107 ], [ 6.468468, 53.349765, 2.762448 ], [ 6.468485, 53.349759, 2.714113 ], [ 6.468501, 53.349754, 2.655069 ], [ 6.468517, 53.349748, 2.590952 ], [ 6.468533, 53.349742, 2.522972 ], [ 6.468551, 53.349734, 2.451811 ], [ 6.468569, 53.349726, 2.378473 ], [ 6.468585, 53.349719, 2.30065 ], [ 6.4686, 53.349713, 2.225106 ], [ 6.468614, 53.349707, 2.161281 ], [ 6.468627, 53.349701, 2.104049 ], [ 6.468641, 53.349695, 2.04198 ], [ 6.468655, 53.349687, 1.983789 ], [ 6.46867, 53.349679, 1.939646 ], [ 6.468686, 53.34967, 1.898937 ], [ 6.468701, 53.349659, 1.861031 ], [ 6.468717, 53.349649, 1.826703 ], [ 6.468734, 53.349638, 1.796097 ], [ 6.46875, 53.349627, 1.772495 ], [ 6.468767, 53.349616, 1.747991 ], [ 6.468781, 53.349606, 1.724645 ], [ 6.468796, 53.349595, 1.707964 ], [ 6.468812, 53.349586, 1.694661 ], [ 6.468829, 53.349577, 1.685434 ], [ 6.468847, 53.349569, 1.675985 ], [ 6.468865, 53.349563, 1.676044 ], [ 6.468882, 53.349556, 1.674957 ], [ 6.468899, 53.349549, 1.681711 ], [ 6.468917, 53.349542, 1.687511 ], [ 6.468934, 53.349535, 1.692052 ], [ 6.468953, 53.349527, 1.678263 ], [ 6.468972, 53.34952, 1.66964 ], [ 6.468991, 53.349512, 1.66992 ], [ 6.469009, 53.349504, 1.67332 ], [ 6.469027, 53.349495, 1.673222 ], [ 6.469044, 53.349487, 1.66557 ], [ 6.469062, 53.349479, 1.654151 ], [ 6.469081, 53.349471, 1.638508 ], [ 6.4691, 53.349464, 1.621042 ], [ 6.469119, 53.349458, 1.60862 ], [ 6.469137, 53.349452, 1.603511 ], [ 6.469155, 53.349446, 1.594745 ], [ 6.469171, 53.349439, 1.586821 ], [ 6.469189, 53.349432, 1.579742 ], [ 6.469208, 53.349426, 1.580818 ], [ 6.469227, 53.349419, 1.591852 ], [ 6.469246, 53.349411, 1.60286 ], [ 6.469264, 53.349403, 1.616948 ], [ 6.469283, 53.349395, 1.626694 ], [ 6.469302, 53.349387, 1.640676 ], [ 6.46932, 53.349379, 1.649598 ], [ 6.469339, 53.349372, 1.661614 ], [ 6.469357, 53.349365, 1.667341 ], [ 6.469375, 53.349359, 1.667325 ], [ 6.469393, 53.349352, 1.667898 ], [ 6.469411, 53.349346, 1.673087 ], [ 6.46943, 53.349339, 1.679362 ], [ 6.469449, 53.349332, 1.683971 ], [ 6.469468, 53.349326, 1.67988 ], [ 6.469487, 53.349321, 1.665074 ], [ 6.469506, 53.349315, 1.6523 ], [ 6.469526, 53.34931, 1.628574 ], [ 6.469544, 53.349305, 1.601845 ], [ 6.469562, 53.349299, 1.578092 ], [ 6.469579, 53.349292, 1.553146 ], [ 6.469596, 53.349285, 1.52818 ], [ 6.469614, 53.349278, 1.495323 ], [ 6.469632, 53.349272, 1.454501 ], [ 6.469649, 53.349265, 1.416235 ], [ 6.469667, 53.349259, 1.375045 ], [ 6.469686, 53.349253, 1.343708 ], [ 6.469706, 53.349247, 1.321326 ], [ 6.469725, 53.349241, 1.296684 ], [ 6.469744, 53.349234, 1.279987 ], [ 6.469763, 53.349226, 1.263985 ], [ 6.469782, 53.349219, 1.249008 ], [ 6.469801, 53.349212, 1.237181 ], [ 6.46982, 53.349205, 1.231843 ], [ 6.469838, 53.349197, 1.229047 ], [ 6.469857, 53.34919, 1.228933 ], [ 6.469875, 53.349182, 1.236093 ], [ 6.469893, 53.349175, 1.241285 ], [ 6.46991, 53.349168, 1.239292 ], [ 6.469927, 53.349161, 1.244268 ], [ 6.469945, 53.349155, 1.242469 ], [ 6.469963, 53.349149, 1.234738 ], [ 6.469982, 53.349142, 1.235124 ], [ 6.470001, 53.349136, 1.236793 ], [ 6.47002, 53.349129, 1.244793 ], [ 6.470038, 53.349123, 1.257046 ], [ 6.470056, 53.349116, 1.271966 ], [ 6.470073, 53.349109, 1.288937 ], [ 6.47009, 53.349103, 1.308591 ], [ 6.470106, 53.349097, 1.324335 ], [ 6.470123, 53.349092, 1.334873 ], [ 6.470139, 53.349087, 1.350023 ], [ 6.470156, 53.349082, 1.365184 ], [ 6.470173, 53.349075, 1.388157 ], [ 6.470191, 53.349068, 1.412218 ], [ 6.470209, 53.349061, 1.437238 ], [ 6.470228, 53.349053, 1.464063 ], [ 6.470246, 53.349046, 1.47987 ], [ 6.470265, 53.349038, 1.49237 ], [ 6.470284, 53.349031, 1.501613 ], [ 6.470304, 53.349024, 1.516512 ], [ 6.470324, 53.349017, 1.532561 ], [ 6.470344, 53.34901, 1.545232 ], [ 6.470364, 53.349003, 1.573863 ], [ 6.470382, 53.348997, 1.595609 ], [ 6.470399, 53.348992, 1.631552 ], [ 6.470415, 53.348987, 1.660583 ], [ 6.470431, 53.348982, 1.678975 ], [ 6.470447, 53.348976, 1.695746 ], [ 6.470465, 53.34897, 1.711078 ], [ 6.470481, 53.348965, 1.720392 ], [ 6.470498, 53.348961, 1.719424 ], [ 6.470516, 53.348956, 1.717614 ], [ 6.470534, 53.34895, 1.713671 ], [ 6.470554, 53.348943, 1.713014 ], [ 6.470574, 53.348936, 1.709457 ], [ 6.470594, 53.34893, 1.700197 ], [ 6.470613, 53.348923, 1.689027 ], [ 6.470632, 53.348916, 1.663431 ], [ 6.470652, 53.34891, 1.64081 ], [ 6.470671, 53.348903, 1.61719 ], [ 6.47069, 53.348896, 1.590707 ], [ 6.470709, 53.348888, 1.559781 ], [ 6.470728, 53.34888, 1.532187 ], [ 6.470747, 53.348872, 1.50558 ], [ 6.470766, 53.348864, 1.485509 ], [ 6.470785, 53.348856, 1.459643 ], [ 6.470804, 53.348848, 1.446082 ], [ 6.470823, 53.348841, 1.431495 ], [ 6.470843, 53.348833, 1.418484 ], [ 6.470863, 53.348826, 1.400575 ], [ 6.470882, 53.348819, 1.380863 ], [ 6.4709, 53.348813, 1.355953 ], [ 6.470918, 53.348807, 1.338535 ], [ 6.470935, 53.348802, 1.317635 ], [ 6.470952, 53.348797, 1.299696 ], [ 6.47097, 53.348791, 1.282212 ], [ 6.470989, 53.348785, 1.272586 ], [ 6.471008, 53.348778, 1.271308 ], [ 6.471028, 53.348772, 1.275999 ], [ 6.471047, 53.348765, 1.286843 ], [ 6.471065, 53.34876, 1.286106 ], [ 6.471082, 53.348755, 1.293213 ], [ 6.4711, 53.34875, 1.314036 ], [ 6.471118, 53.348744, 1.338621 ], [ 6.471136, 53.348738, 1.364314 ], [ 6.471155, 53.348731, 1.38339 ], [ 6.471174, 53.348724, 1.397793 ], [ 6.471193, 53.348717, 1.423031 ], [ 6.471212, 53.348709, 1.443825 ], [ 6.471231, 53.348702, 1.472307 ], [ 6.47125, 53.348695, 1.503124 ], [ 6.471269, 53.348688, 1.531249 ], [ 6.471287, 53.348681, 1.560171 ], [ 6.471303, 53.348675, 1.585356 ], [ 6.471319, 53.348668, 1.598211 ], [ 6.471335, 53.348662, 1.597104 ], [ 6.471352, 53.348655, 1.600113 ], [ 6.471369, 53.348648, 1.597333 ], [ 6.471387, 53.34864, 1.605252 ], [ 6.471406, 53.348633, 1.617033 ], [ 6.471426, 53.348626, 1.611789 ], [ 6.471446, 53.34862, 1.603234 ], [ 6.471465, 53.348613, 1.586302 ], [ 6.471485, 53.348607, 1.56294 ], [ 6.471504, 53.348601, 1.54254 ], [ 6.471522, 53.348595, 1.518211 ], [ 6.471539, 53.348588, 1.490577 ], [ 6.471556, 53.348581, 1.461292 ], [ 6.471574, 53.348574, 1.436201 ], [ 6.471591, 53.348567, 1.402739 ], [ 6.47161, 53.348559, 1.376122 ], [ 6.471628, 53.348551, 1.343936 ], [ 6.471646, 53.348543, 1.330752 ], [ 6.471665, 53.348537, 1.327191 ], [ 6.471683, 53.348531, 1.328753 ], [ 6.471702, 53.348524, 1.324211 ], [ 6.47172, 53.348518, 1.320855 ], [ 6.471738, 53.348511, 1.322994 ], [ 6.471756, 53.348504, 1.333507 ], [ 6.471774, 53.348497, 1.353631 ], [ 6.471792, 53.348491, 1.370432 ], [ 6.471812, 53.348485, 1.398785 ], [ 6.471831, 53.348478, 1.432042 ], [ 6.471851, 53.348471, 1.474802 ], [ 6.471871, 53.348465, 1.510276 ], [ 6.47189, 53.348459, 1.549077 ], [ 6.47191, 53.348453, 1.583841 ], [ 6.471928, 53.348447, 1.618471 ], [ 6.471947, 53.34844, 1.652831 ], [ 6.471965, 53.348434, 1.684656 ], [ 6.471983, 53.348427, 1.713632 ], [ 6.472, 53.348421, 1.746675 ], [ 6.472018, 53.348414, 1.772298 ], [ 6.472036, 53.348407, 1.798811 ], [ 6.472054, 53.348399, 1.827142 ], [ 6.472073, 53.348392, 1.861103 ], [ 6.472091, 53.348385, 1.886735 ], [ 6.47211, 53.348378, 1.940341 ], [ 6.472128, 53.34837, 1.998964 ], [ 6.472146, 53.348361, 2.070938 ], [ 6.472163, 53.348353, 2.154383 ], [ 6.472179, 53.348344, 2.237583 ], [ 6.472196, 53.348335, 2.332468 ], [ 6.472213, 53.348325, 2.442828 ], [ 6.47223, 53.348315, 2.541595 ], [ 6.472246, 53.348304, 2.646433 ], [ 6.472263, 53.348294, 2.753367 ], [ 6.472279, 53.348283, 2.855022 ], [ 6.472296, 53.348273, 2.943348 ], [ 6.472312, 53.348264, 3.021931 ], [ 6.472329, 53.348255, 3.092881 ], [ 6.472345, 53.348246, 3.14501 ], [ 6.472362, 53.348238, 3.173648 ], [ 6.472379, 53.34823, 3.180236 ], [ 6.472396, 53.348223, 3.165737 ], [ 6.472413, 53.348217, 3.13773 ], [ 6.47243, 53.34821, 3.0946 ], [ 6.472448, 53.348203, 3.030389 ], [ 6.472465, 53.348196, 2.953436 ], [ 6.472482, 53.34819, 2.867274 ], [ 6.472499, 53.348183, 2.778344 ], [ 6.472516, 53.348176, 2.686279 ], [ 6.472532, 53.348169, 2.59124 ], [ 6.472548, 53.348162, 2.492077 ], [ 6.472564, 53.348155, 2.399712 ], [ 6.472581, 53.348148, 2.319038 ], [ 6.4726, 53.348141, 2.243117 ], [ 6.472618, 53.348135, 2.176993 ], [ 6.472636, 53.348129, 2.11892 ], [ 6.472654, 53.348123, 2.074476 ], [ 6.472672, 53.348117, 2.038163 ], [ 6.47269, 53.348111, 2.002196 ], [ 6.472709, 53.348104, 1.966064 ], [ 6.472728, 53.348097, 1.940841 ], [ 6.472746, 53.34809, 1.92253 ], [ 6.472765, 53.348084, 1.909557 ], [ 6.472783, 53.348077, 1.897847 ], [ 6.472802, 53.348069, 1.888943 ], [ 6.472821, 53.348062, 1.886306 ], [ 6.472839, 53.348055, 1.887282 ], [ 6.472856, 53.348048, 1.894992 ], [ 6.472875, 53.34804, 1.885948 ], [ 6.472894, 53.348033, 1.874515 ], [ 6.472914, 53.348027, 1.869545 ], [ 6.472933, 53.34802, 1.857485 ], [ 6.472952, 53.348014, 1.84877 ], [ 6.472971, 53.348009, 1.833811 ], [ 6.472991, 53.348003, 1.823861 ], [ 6.47301, 53.347997, 1.820306 ], [ 6.473029, 53.347991, 1.818177 ], [ 6.473048, 53.347986, 1.819737 ], [ 6.473065, 53.34798, 1.832832 ], [ 6.473082, 53.347975, 1.84067 ], [ 6.473101, 53.347969, 1.857004 ], [ 6.47312, 53.347964, 1.872383 ], [ 6.47314, 53.347957, 1.888354 ], [ 6.473159, 53.34795, 1.902218 ], [ 6.473177, 53.347943, 1.915757 ], [ 6.473196, 53.347936, 1.936876 ], [ 6.473214, 53.347929, 1.954217 ], [ 6.473233, 53.347921, 1.969052 ], [ 6.473251, 53.347914, 1.984884 ], [ 6.473271, 53.347908, 1.994267 ], [ 6.47329, 53.347903, 2.009001 ], [ 6.473309, 53.347897, 2.025101 ], [ 6.473327, 53.347891, 2.035449 ], [ 6.473344, 53.347886, 2.044088 ], [ 6.473362, 53.347879, 2.0518 ], [ 6.47338, 53.347873, 2.052327 ], [ 6.473398, 53.347867, 2.054854 ], [ 6.473417, 53.347861, 2.060633 ], [ 6.473436, 53.347854, 2.066984 ], [ 6.473456, 53.347847, 2.078284 ], [ 6.473477, 53.34784, 2.090841 ], [ 6.473497, 53.347833, 2.097902 ], [ 6.473517, 53.347825, 2.109902 ], [ 6.473537, 53.347819, 2.121624 ], [ 6.473556, 53.347813, 2.13851 ], [ 6.473575, 53.347807, 2.15517 ], [ 6.473595, 53.347801, 2.165881 ], [ 6.473615, 53.347795, 2.163408 ], [ 6.473634, 53.347789, 2.161221 ], [ 6.473653, 53.347783, 2.16963 ], [ 6.473672, 53.347776, 2.175968 ], [ 6.473691, 53.347769, 2.193176 ], [ 6.473709, 53.347762, 2.206585 ], [ 6.473729, 53.347755, 2.226886 ], [ 6.473748, 53.347748, 2.24513 ], [ 6.473768, 53.347741, 2.253781 ], [ 6.473789, 53.347734, 2.260379 ], [ 6.47381, 53.347727, 2.277314 ], [ 6.47383, 53.347721, 2.276987 ], [ 6.473848, 53.347715, 2.27548 ], [ 6.473867, 53.347708, 2.278381 ], [ 6.473886, 53.347702, 2.276157 ], [ 6.473905, 53.347696, 2.274479 ], [ 6.473924, 53.34769, 2.278948 ], [ 6.473943, 53.347684, 2.276109 ], [ 6.473963, 53.347679, 2.26971 ], [ 6.473982, 53.347673, 2.27406 ], [ 6.474, 53.347668, 2.28634 ], [ 6.474019, 53.347663, 2.287568 ], [ 6.474037, 53.347657, 2.289977 ], [ 6.474056, 53.347651, 2.286669 ], [ 6.474075, 53.347645, 2.290683 ], [ 6.474094, 53.347638, 2.292242 ], [ 6.474113, 53.347632, 2.296449 ], [ 6.474133, 53.347626, 2.298876 ], [ 6.474153, 53.34762, 2.301636 ], [ 6.474173, 53.347614, 2.29959 ], [ 6.474192, 53.347608, 2.288291 ], [ 6.474211, 53.347602, 2.280192 ], [ 6.474228, 53.347597, 2.275023 ], [ 6.474246, 53.347591, 2.260338 ], [ 6.474265, 53.347584, 2.242837 ], [ 6.474283, 53.347578, 2.240791 ], [ 6.474302, 53.347572, 2.234058 ], [ 6.474321, 53.347566, 2.231915 ], [ 6.474339, 53.34756, 2.228256 ], [ 6.474358, 53.347554, 2.226228 ], [ 6.474378, 53.347549, 2.228904 ], [ 6.474399, 53.347543, 2.225167 ], [ 6.474422, 53.347538, 2.228376 ], [ 6.474443, 53.347532, 2.234525 ], [ 6.474464, 53.347527, 2.241842 ], [ 6.474483, 53.347522, 2.243472 ], [ 6.474503, 53.347516, 2.253701 ], [ 6.474522, 53.347511, 2.251158 ], [ 6.474542, 53.347506, 2.248901 ], [ 6.474562, 53.347501, 2.251709 ], [ 6.474582, 53.347496, 2.24783 ], [ 6.474601, 53.347491, 2.244821 ], [ 6.47462, 53.347486, 2.232422 ], [ 6.47464, 53.347481, 2.215999 ], [ 6.474661, 53.347476, 2.197582 ], [ 6.474683, 53.347471, 2.180301 ], [ 6.474704, 53.347467, 2.165155 ], [ 6.474726, 53.347463, 2.142339 ], [ 6.474747, 53.347458, 2.118115 ], [ 6.474767, 53.347454, 2.08951 ], [ 6.474785, 53.34745, 2.052451 ], [ 6.474803, 53.347446, 2.017994 ], [ 6.474822, 53.347443, 1.973452 ], [ 6.474841, 53.347439, 1.935688 ], [ 6.474862, 53.347435, 1.900587 ], [ 6.474883, 53.347431, 1.865219 ], [ 6.474904, 53.347427, 1.832873 ], [ 6.474926, 53.347422, 1.780316 ], [ 6.474947, 53.347418, 1.728356 ], [ 6.474968, 53.347414, 1.669526 ], [ 6.474989, 53.34741, 1.613514 ], [ 6.475011, 53.347406, 1.559237 ], [ 6.475032, 53.347402, 1.504746 ], [ 6.475054, 53.347398, 1.440954 ], [ 6.475074, 53.347393, 1.384145 ], [ 6.475095, 53.347389, 1.334329 ], [ 6.475116, 53.347384, 1.298482 ], [ 6.475139, 53.347378, 1.266311 ], [ 6.475161, 53.347373, 1.244759 ], [ 6.475181, 53.347369, 1.234691 ], [ 6.4752, 53.347367, 1.236496 ], [ 6.475219, 53.347364, 1.244852 ], [ 6.475239, 53.347362, 1.259519 ], [ 6.475259, 53.347359, 1.281348 ], [ 6.475279, 53.347357, 1.305963 ], [ 6.475298, 53.347354, 1.334948 ], [ 6.475318, 53.347351, 1.371697 ], [ 6.475338, 53.347347, 1.414703 ], [ 6.475358, 53.347344, 1.45449 ], [ 6.475379, 53.34734, 1.500239 ], [ 6.475401, 53.347335, 1.541867 ], [ 6.475424, 53.34733, 1.579243 ], [ 6.475446, 53.347325, 1.607316 ], [ 6.475469, 53.347321, 1.641136 ], [ 6.475491, 53.347317, 1.675627 ], [ 6.475512, 53.347312, 1.698905 ], [ 6.475532, 53.347309, 1.716224 ], [ 6.475553, 53.347306, 1.732996 ], [ 6.475575, 53.347303, 1.732667 ], [ 6.475597, 53.3473, 1.728473 ], [ 6.475618, 53.347296, 1.727485 ], [ 6.475639, 53.347292, 1.715856 ], [ 6.47566, 53.347287, 1.716559 ], [ 6.475681, 53.347283, 1.710254 ], [ 6.475701, 53.347278, 1.692043 ], [ 6.475721, 53.347273, 1.676061 ], [ 6.475741, 53.347267, 1.664824 ], [ 6.47576, 53.347262, 1.648381 ], [ 6.475779, 53.347258, 1.626593 ], [ 6.475797, 53.347253, 1.609424 ], [ 6.475814, 53.347249, 1.597354 ], [ 6.475831, 53.347244, 1.589624 ], [ 6.475847, 53.34724, 1.586546 ], [ 6.475865, 53.347235, 1.581777 ], [ 6.475884, 53.34723, 1.579258 ], [ 6.475905, 53.347225, 1.584168 ], [ 6.475927, 53.34722, 1.596207 ], [ 6.475948, 53.347215, 1.611468 ], [ 6.475969, 53.34721, 1.626525 ], [ 6.475989, 53.347205, 1.641942 ], [ 6.476008, 53.347199, 1.668931 ], [ 6.476026, 53.347194, 1.694181 ], [ 6.476044, 53.347189, 1.719803 ], [ 6.476062, 53.347184, 1.746834 ], [ 6.476081, 53.347179, 1.781449 ], [ 6.476101, 53.347174, 1.812618 ], [ 6.476121, 53.347169, 1.844846 ], [ 6.476141, 53.347164, 1.871066 ], [ 6.47616, 53.347158, 1.887889 ], [ 6.47618, 53.347152, 1.895628 ], [ 6.4762, 53.347146, 1.904151 ], [ 6.47622, 53.34714, 1.906422 ], [ 6.476241, 53.347134, 1.896844 ], [ 6.476262, 53.347127, 1.885098 ], [ 6.476283, 53.347121, 1.869298 ], [ 6.476303, 53.347115, 1.851349 ], [ 6.476324, 53.347109, 1.824018 ], [ 6.476343, 53.347103, 1.796297 ], [ 6.476362, 53.347098, 1.772871 ], [ 6.476382, 53.347093, 1.755618 ], [ 6.476402, 53.347088, 1.731242 ], [ 6.476422, 53.347084, 1.728405 ], [ 6.476444, 53.347079, 1.70948 ], [ 6.476465, 53.347074, 1.686008 ], [ 6.476486, 53.347069, 1.673236 ], [ 6.476506, 53.347063, 1.656407 ], [ 6.476528, 53.347057, 1.652555 ], [ 6.476549, 53.347051, 1.646675 ], [ 6.476569, 53.347044, 1.633059 ], [ 6.476589, 53.347038, 1.625091 ], [ 6.47661, 53.347032, 1.621336 ], [ 6.476631, 53.347027, 1.609934 ], [ 6.476651, 53.347022, 1.602766 ], [ 6.47667, 53.347017, 1.608945 ], [ 6.476688, 53.347013, 1.608807 ], [ 6.476707, 53.347008, 1.61587 ], [ 6.476726, 53.347002, 1.621915 ], [ 6.476746, 53.346996, 1.639681 ], [ 6.476765, 53.34699, 1.659683 ], [ 6.476784, 53.346985, 1.676858 ], [ 6.476804, 53.346979, 1.694195 ], [ 6.476824, 53.346974, 1.703556 ], [ 6.476845, 53.346968, 1.711583 ], [ 6.476866, 53.346963, 1.739297 ], [ 6.476888, 53.346958, 1.76415 ], [ 6.47691, 53.346953, 1.788168 ], [ 6.476931, 53.346948, 1.81346 ], [ 6.476952, 53.346944, 1.829124 ], [ 6.476973, 53.346939, 1.838452 ], [ 6.476993, 53.346935, 1.850929 ], [ 6.477013, 53.346931, 1.865256 ], [ 6.477032, 53.346928, 1.874336 ], [ 6.477051, 53.346925, 1.886001 ], [ 6.47707, 53.346922, 1.894799 ], [ 6.477089, 53.346918, 1.903199 ], [ 6.477109, 53.346914, 1.90138 ], [ 6.47713, 53.34691, 1.90058 ], [ 6.477151, 53.346905, 1.893368 ], [ 6.477173, 53.3469, 1.889237 ], [ 6.477194, 53.346894, 1.88358 ], [ 6.477214, 53.346888, 1.883724 ], [ 6.477235, 53.346882, 1.882135 ], [ 6.477255, 53.346878, 1.882672 ], [ 6.477277, 53.346874, 1.873419 ], [ 6.477298, 53.34687, 1.867643 ], [ 6.477318, 53.346865, 1.860722 ], [ 6.477339, 53.346861, 1.859854 ], [ 6.477359, 53.346856, 1.864234 ], [ 6.477379, 53.346851, 1.862873 ], [ 6.477398, 53.346846, 1.862749 ], [ 6.477418, 53.346841, 1.866222 ], [ 6.477438, 53.346835, 1.865763 ], [ 6.477459, 53.34683, 1.864326 ], [ 6.477479, 53.346825, 1.861793 ], [ 6.4775, 53.34682, 1.852081 ], [ 6.477521, 53.346815, 1.842248 ], [ 6.477541, 53.346809, 1.834129 ], [ 6.477562, 53.346804, 1.818638 ], [ 6.477583, 53.346799, 1.811803 ], [ 6.477603, 53.346794, 1.80864 ], [ 6.477623, 53.346789, 1.810934 ], [ 6.477642, 53.346784, 1.81247 ], [ 6.477661, 53.34678, 1.814336 ], [ 6.477681, 53.346775, 1.812937 ], [ 6.4777, 53.346769, 1.817182 ], [ 6.477718, 53.346764, 1.826462 ], [ 6.477737, 53.346758, 1.839062 ], [ 6.477756, 53.346752, 1.846498 ], [ 6.477775, 53.346747, 1.84825 ], [ 6.477794, 53.346741, 1.853974 ], [ 6.477814, 53.346734, 1.864118 ], [ 6.477834, 53.346727, 1.871281 ], [ 6.477854, 53.34672, 1.873735 ], [ 6.477874, 53.346714, 1.889552 ], [ 6.477893, 53.346708, 1.898577 ], [ 6.477913, 53.346702, 1.909242 ], [ 6.477932, 53.346696, 1.921643 ], [ 6.477951, 53.34669, 1.931061 ], [ 6.47797, 53.346683, 1.932911 ], [ 6.477989, 53.346675, 1.935994 ], [ 6.478008, 53.346668, 1.941705 ], [ 6.478027, 53.346661, 1.953276 ], [ 6.478046, 53.346654, 1.962352 ], [ 6.478064, 53.346647, 1.965763 ], [ 6.478082, 53.34664, 1.972134 ], [ 6.4781, 53.346633, 1.968887 ], [ 6.478118, 53.346627, 1.977172 ], [ 6.478135, 53.34662, 1.98616 ], [ 6.478152, 53.346614, 1.991274 ], [ 6.478168, 53.346608, 2.001433 ], [ 6.478186, 53.346602, 2.01254 ], [ 6.478203, 53.346595, 2.036352 ], [ 6.478222, 53.346588, 2.055444 ], [ 6.478241, 53.34658, 2.074322 ], [ 6.478261, 53.346573, 2.090075 ], [ 6.47828, 53.346565, 2.100527 ], [ 6.478299, 53.346557, 2.109738 ], [ 6.478317, 53.346549, 2.116636 ], [ 6.478334, 53.346541, 2.120995 ], [ 6.478351, 53.346533, 2.118555 ], [ 6.478368, 53.346525, 2.103928 ], [ 6.478385, 53.346517, 2.080448 ], [ 6.478402, 53.346509, 2.064501 ], [ 6.478421, 53.346501, 2.044656 ], [ 6.47844, 53.346495, 2.018108 ], [ 6.47846, 53.346489, 1.995986 ], [ 6.47848, 53.346483, 1.96415 ], [ 6.478501, 53.346478, 1.932432 ], [ 6.478522, 53.346472, 1.908016 ], [ 6.478543, 53.346466, 1.879354 ], [ 6.478563, 53.34646, 1.842735 ], [ 6.478584, 53.346454, 1.818117 ], [ 6.478604, 53.346448, 1.804374 ], [ 6.478624, 53.346443, 1.791011 ], [ 6.478645, 53.346439, 1.780977 ], [ 6.478666, 53.346434, 1.771046 ], [ 6.478687, 53.346429, 1.771097 ], [ 6.478708, 53.346425, 1.77619 ], [ 6.478729, 53.34642, 1.783347 ], [ 6.478749, 53.346415, 1.800111 ], [ 6.478769, 53.34641, 1.820536 ], [ 6.478787, 53.346405, 1.841017 ], [ 6.478806, 53.3464, 1.860423 ], [ 6.478825, 53.346395, 1.877868 ], [ 6.478844, 53.346389, 1.899137 ], [ 6.478864, 53.346385, 1.920857 ], [ 6.478885, 53.34638, 1.942946 ], [ 6.478906, 53.346375, 1.96663 ], [ 6.478927, 53.346371, 1.988913 ], [ 6.478949, 53.346368, 2.002602 ], [ 6.478969, 53.346364, 2.013617 ], [ 6.478989, 53.34636, 2.025596 ], [ 6.479009, 53.346356, 2.035733 ], [ 6.479029, 53.346352, 2.038354 ], [ 6.479049, 53.346347, 2.029386 ], [ 6.479069, 53.346343, 2.020628 ], [ 6.47909, 53.346338, 2.022581 ], [ 6.479111, 53.346334, 2.01549 ], [ 6.479131, 53.34633, 2.00979 ], [ 6.479151, 53.346326, 2.007914 ], [ 6.479172, 53.346322, 1.99967 ], [ 6.479193, 53.346317, 1.994237 ], [ 6.479214, 53.346313, 1.983372 ], [ 6.479235, 53.346309, 1.969499 ], [ 6.479257, 53.346305, 1.947841 ], [ 6.479279, 53.346302, 1.931594 ], [ 6.4793, 53.346298, 1.925565 ], [ 6.479321, 53.346294, 1.919597 ], [ 6.479341, 53.34629, 1.917499 ], [ 6.47936, 53.346286, 1.908852 ], [ 6.479378, 53.346283, 1.906956 ], [ 6.479396, 53.346279, 1.900373 ], [ 6.479415, 53.346274, 1.897172 ], [ 6.479436, 53.346268, 1.900692 ], [ 6.479457, 53.346261, 1.905726 ], [ 6.479477, 53.346255, 1.910339 ], [ 6.479497, 53.346248, 1.918332 ], [ 6.479516, 53.346241, 1.934657 ], [ 6.479535, 53.346235, 1.955942 ], [ 6.479555, 53.346229, 1.983369 ], [ 6.479575, 53.346223, 2.009594 ], [ 6.479596, 53.346217, 2.033363 ], [ 6.479616, 53.346211, 2.046635 ], [ 6.479635, 53.346205, 2.060605 ], [ 6.479653, 53.3462, 2.071591 ], [ 6.479672, 53.346194, 2.073692 ], [ 6.479691, 53.346188, 2.079461 ], [ 6.479712, 53.346182, 2.082746 ], [ 6.479734, 53.346176, 2.083422 ], [ 6.479755, 53.34617, 2.082287 ], [ 6.479774, 53.346166, 2.072831 ], [ 6.479792, 53.346162, 2.058423 ], [ 6.479811, 53.346158, 2.052471 ], [ 6.479831, 53.346155, 2.048921 ], [ 6.479851, 53.346151, 2.039757 ], [ 6.479871, 53.346146, 2.033913 ], [ 6.479891, 53.346141, 2.030097 ], [ 6.479911, 53.346135, 2.029355 ], [ 6.479931, 53.346129, 2.020055 ], [ 6.479951, 53.346123, 2.008033 ], [ 6.479971, 53.346116, 1.992066 ], [ 6.479991, 53.346109, 1.979054 ], [ 6.480012, 53.346103, 1.954637 ], [ 6.480032, 53.346097, 1.927342 ], [ 6.480051, 53.346091, 1.904179 ], [ 6.480069, 53.346087, 1.882701 ], [ 6.480088, 53.346082, 1.857982 ], [ 6.480108, 53.346077, 1.835399 ], [ 6.480128, 53.346071, 1.806398 ], [ 6.480148, 53.346065, 1.779425 ], [ 6.480169, 53.346059, 1.759999 ], [ 6.480189, 53.346054, 1.744977 ], [ 6.48021, 53.34605, 1.739107 ], [ 6.48023, 53.346045, 1.731701 ], [ 6.48025, 53.34604, 1.725602 ], [ 6.48027, 53.346034, 1.722892 ], [ 6.480289, 53.346029, 1.728056 ], [ 6.480309, 53.346023, 1.730773 ], [ 6.480329, 53.346018, 1.743626 ], [ 6.480349, 53.346012, 1.774394 ], [ 6.48037, 53.346006, 1.801739 ], [ 6.48039, 53.345999, 1.825189 ], [ 6.48041, 53.345992, 1.853486 ], [ 6.48043, 53.345984, 1.885778 ], [ 6.480451, 53.345977, 1.921647 ], [ 6.480471, 53.34597, 1.957617 ], [ 6.480492, 53.345964, 1.988302 ], [ 6.480513, 53.345958, 2.01649 ], [ 6.480535, 53.345952, 2.05084 ], [ 6.480557, 53.345946, 2.085687 ], [ 6.480578, 53.345941, 2.111019 ], [ 6.480599, 53.345937, 2.128007 ], [ 6.480621, 53.345933, 2.137618 ], [ 6.480642, 53.345928, 2.149396 ], [ 6.480663, 53.345923, 2.150069 ], [ 6.480684, 53.345918, 2.140469 ], [ 6.480704, 53.345912, 2.131556 ], [ 6.480724, 53.345906, 2.114319 ], [ 6.480744, 53.3459, 2.099708 ], [ 6.480764, 53.345895, 2.081501 ], [ 6.480783, 53.345889, 2.065971 ], [ 6.480802, 53.345885, 2.046187 ], [ 6.480821, 53.345881, 2.032949 ], [ 6.480841, 53.345877, 2.026716 ], [ 6.480862, 53.345874, 2.014397 ], [ 6.480882, 53.34587, 1.991493 ], [ 6.480903, 53.345865, 1.967745 ], [ 6.480924, 53.345861, 1.955506 ], [ 6.480944, 53.345857, 1.936065 ], [ 6.480963, 53.345852, 1.922798 ], [ 6.480982, 53.345847, 1.920726 ], [ 6.481002, 53.345841, 1.91224 ], [ 6.481022, 53.345836, 1.904092 ], [ 6.481042, 53.345831, 1.902446 ], [ 6.481062, 53.345826, 1.905044 ], [ 6.481082, 53.345822, 1.914415 ], [ 6.481102, 53.345817, 1.918665 ], [ 6.481124, 53.345812, 1.9244 ], [ 6.481145, 53.345807, 1.940873 ], [ 6.481166, 53.345802, 1.963457 ], [ 6.481188, 53.345796, 1.991462 ], [ 6.481209, 53.345792, 2.019803 ], [ 6.48123, 53.345787, 2.04841 ], [ 6.481251, 53.345783, 2.072122 ], [ 6.481272, 53.345778, 2.087935 ], [ 6.481292, 53.345774, 2.086425 ], [ 6.481312, 53.34577, 2.077096 ], [ 6.481333, 53.345766, 2.060486 ], [ 6.481353, 53.345762, 2.038614 ], [ 6.481373, 53.345758, 2.008878 ], [ 6.481394, 53.345754, 1.980335 ], [ 6.481414, 53.34575, 1.942448 ], [ 6.481434, 53.345747, 1.904143 ], [ 6.481454, 53.345744, 1.859752 ], [ 6.481474, 53.345741, 1.823465 ], [ 6.481494, 53.345737, 1.798221 ], [ 6.481514, 53.345733, 1.762636 ], [ 6.481533, 53.345729, 1.727591 ], [ 6.481553, 53.345725, 1.693166 ], [ 6.481573, 53.34572, 1.671933 ], [ 6.481594, 53.345716, 1.651912 ], [ 6.481614, 53.345712, 1.634042 ], [ 6.481633, 53.345709, 1.617842 ], [ 6.481654, 53.345705, 1.618246 ], [ 6.481675, 53.345701, 1.60599 ], [ 6.481697, 53.345696, 1.597512 ], [ 6.481719, 53.345692, 1.586883 ], [ 6.48174, 53.345689, 1.580786 ], [ 6.48176, 53.345686, 1.583968 ], [ 6.481779, 53.345684, 1.588911 ], [ 6.481798, 53.345682, 1.60354 ], [ 6.481818, 53.345681, 1.627203 ], [ 6.481838, 53.345679, 1.655889 ], [ 6.481857, 53.345678, 1.689433 ], [ 6.481874, 53.345676, 1.727621 ], [ 6.481889, 53.345676, 1.770341 ], [ 6.481902, 53.345676, 1.817153 ], [ 6.48191, 53.345676, 1.867422 ], [ 6.481913, 53.345676, 1.920118 ], [ 6.481914, 53.345676, 1.973982 ], [ 6.481915, 53.345676, 2.027689 ], [ 6.481915, 53.345675, 2.079946 ], [ 6.481915, 53.345675, 2.129623 ], [ 6.481915, 53.345675, 2.17589 ], [ 6.481914, 53.345675, 2.218219 ], [ 6.481914, 53.345675, 2.256318 ], [ 6.481914, 53.345675, 2.29009 ], [ 6.481914, 53.345675, 2.319587 ], [ 6.481914, 53.345675, 2.344972 ], [ 6.481914, 53.345675, 2.366489 ], [ 6.481914, 53.345675, 2.384437 ], [ 6.481914, 53.345675, 2.404236 ], [ 6.481914, 53.345675, 2.422392 ], [ 6.481914, 53.345675, 2.436499 ], [ 6.481914, 53.345675, 2.450602 ], [ 6.481914, 53.345674, 2.468494 ], [ 6.481914, 53.345674, 2.480184 ], [ 6.481915, 53.345674, 2.487623 ], [ 6.481915, 53.345673, 2.492946 ], [ 6.481916, 53.345672, 2.491654 ], [ 6.481917, 53.345671, 2.477457 ], [ 6.481918, 53.34567, 2.450416 ], [ 6.481918, 53.345669, 2.435005 ], [ 6.481918, 53.345668, 2.417392 ], [ 6.481917, 53.345668, 2.393094 ], [ 6.481916, 53.345668, 2.365254 ], [ 6.481916, 53.345667, 2.340592 ], [ 6.481916, 53.345666, 2.309084 ], [ 6.481919, 53.345665, 2.279783 ], [ 6.481925, 53.345662, 2.243588 ], [ 6.481936, 53.345659, 2.208454 ], [ 6.48195, 53.345655, 2.189519 ], [ 6.481968, 53.34565, 2.165605 ], [ 6.481986, 53.345644, 2.139716 ], [ 6.482006, 53.345637, 2.123933 ], [ 6.482026, 53.34563, 2.110234 ], [ 6.482046, 53.345624, 2.089869 ], [ 6.482067, 53.345618, 2.07496 ], [ 6.482088, 53.345612, 2.066331 ], [ 6.482111, 53.345607, 2.064624 ], [ 6.482133, 53.345602, 2.063123 ], [ 6.482156, 53.345597, 2.061989 ], [ 6.482178, 53.345593, 2.066265 ], [ 6.482203, 53.345588, 2.076598 ], [ 6.482227, 53.345583, 2.084751 ], [ 6.48225, 53.345579, 2.089896 ], [ 6.482272, 53.345574, 2.098521 ], [ 6.482295, 53.345571, 2.115545 ], [ 6.482317, 53.345567, 2.115769 ], [ 6.482339, 53.345564, 2.11189 ], [ 6.482362, 53.34556, 2.113278 ], [ 6.482384, 53.345556, 2.101458 ], [ 6.482405, 53.345551, 2.098696 ], [ 6.482427, 53.345547, 2.094815 ], [ 6.482449, 53.345542, 2.08848 ], [ 6.482471, 53.345537, 2.071949 ], [ 6.482492, 53.345533, 2.04675 ], [ 6.482514, 53.345528, 2.029704 ], [ 6.482535, 53.345523, 2.000216 ], [ 6.482556, 53.345517, 1.957383 ], [ 6.482576, 53.345511, 1.913035 ], [ 6.482597, 53.345504, 1.864427 ], [ 6.482617, 53.345498, 1.818448 ], [ 6.482638, 53.345492, 1.769914 ], [ 6.482658, 53.345486, 1.723104 ], [ 6.482678, 53.34548, 1.672926 ], [ 6.482697, 53.345473, 1.631218 ], [ 6.482717, 53.345466, 1.585819 ], [ 6.482736, 53.34546, 1.552837 ], [ 6.482755, 53.345453, 1.528375 ], [ 6.482773, 53.345445, 1.517641 ], [ 6.48279, 53.345437, 1.524895 ], [ 6.482804, 53.345427, 1.56394 ], [ 6.482813, 53.345416, 1.593588 ], [ 6.482816, 53.345403, 1.636328 ], [ 6.482815, 53.345389, 1.688381 ], [ 6.482809, 53.345375, 1.748569 ], [ 6.4828, 53.345362, 1.815401 ], [ 6.48279, 53.345349, 1.882864 ], [ 6.482778, 53.345338, 1.954893 ], [ 6.482768, 53.345327, 1.990627 ], [ 6.482757, 53.345317, 2.045024 ], [ 6.482748, 53.345309, 2.095944 ], [ 6.482741, 53.345306, 2.139999 ], [ 6.482739, 53.345308, 2.176643 ], [ 6.48274, 53.345311, 2.226393 ], [ 6.482741, 53.345315, 2.265546 ], [ 6.482743, 53.345318, 2.296504 ], [ 6.482745, 53.345321, 2.31943 ], [ 6.482745, 53.345323, 2.342869 ], [ 6.482742, 53.345323, 2.356566 ], [ 6.48274, 53.345322, 2.370953 ], [ 6.48274, 53.345323, 2.388904 ], [ 6.482741, 53.345324, 2.410841 ], [ 6.482743, 53.345324, 2.414994 ], [ 6.482747, 53.345324, 2.418368 ], [ 6.482751, 53.345324, 2.412285 ], [ 6.482758, 53.345324, 2.390741 ], [ 6.482768, 53.345325, 2.364613 ], [ 6.482779, 53.345328, 2.325809 ], [ 6.482793, 53.345332, 2.283484 ], [ 6.482809, 53.345337, 2.245586 ], [ 6.482827, 53.345341, 2.1939 ], [ 6.482846, 53.345346, 2.142417 ], [ 6.482867, 53.345349, 2.088008 ], [ 6.482889, 53.345351, 2.032841 ], [ 6.482913, 53.345353, 1.973002 ], [ 6.482935, 53.345353, 1.912569 ], [ 6.482955, 53.34535, 1.848911 ], [ 6.482975, 53.345346, 1.784943 ], [ 6.482994, 53.345339, 1.720395 ], [ 6.483013, 53.345331, 1.666077 ], [ 6.483031, 53.345323, 1.613809 ], [ 6.483049, 53.345314, 1.56219 ], [ 6.483065, 53.345306, 1.521891 ], [ 6.48308, 53.345298, 1.474803 ], [ 6.483095, 53.34529, 1.426998 ], [ 6.48311, 53.345282, 1.384668 ], [ 6.483126, 53.345273, 1.351833 ], [ 6.483144, 53.345265, 1.328899 ], [ 6.483162, 53.345256, 1.3063 ], [ 6.483178, 53.345247, 1.288665 ], [ 6.483194, 53.345238, 1.271182 ], [ 6.48321, 53.345229, 1.261569 ], [ 6.483226, 53.345219, 1.263413 ], [ 6.483243, 53.345209, 1.276074 ], [ 6.483259, 53.3452, 1.283458 ], [ 6.483274, 53.34519, 1.292982 ], [ 6.483289, 53.34518, 1.309658 ], [ 6.483304, 53.34517, 1.329309 ], [ 6.483322, 53.34516, 1.35401 ], [ 6.483338, 53.34515, 1.380751 ], [ 6.483354, 53.34514, 1.4143 ], [ 6.483369, 53.345131, 1.452593 ], [ 6.483384, 53.345122, 1.490931 ], [ 6.483399, 53.345113, 1.516 ], [ 6.483413, 53.345105, 1.543237 ], [ 6.483428, 53.345097, 1.568233 ], [ 6.483443, 53.345089, 1.583251 ], [ 6.483459, 53.34508, 1.597138 ], [ 6.483475, 53.345071, 1.604828 ], [ 6.483491, 53.345062, 1.608603 ], [ 6.483506, 53.345051, 1.606854 ], [ 6.483523, 53.345041, 1.596166 ], [ 6.483539, 53.345031, 1.585324 ], [ 6.483554, 53.345022, 1.571109 ], [ 6.483569, 53.345012, 1.55678 ], [ 6.483583, 53.345002, 1.543712 ], [ 6.483597, 53.344993, 1.535455 ], [ 6.48361, 53.344983, 1.540623 ], [ 6.483624, 53.344975, 1.540562 ], [ 6.483638, 53.344966, 1.545238 ], [ 6.483653, 53.344957, 1.556215 ], [ 6.483667, 53.344948, 1.567772 ], [ 6.483682, 53.344938, 1.573209 ], [ 6.483697, 53.344928, 1.588816 ], [ 6.483713, 53.344918, 1.604914 ], [ 6.483729, 53.344908, 1.618878 ], [ 6.483746, 53.344898, 1.62785 ], [ 6.483761, 53.344889, 1.646463 ], [ 6.483777, 53.344881, 1.656026 ], [ 6.483794, 53.344873, 1.668391 ], [ 6.483811, 53.344866, 1.670815 ], [ 6.48383, 53.344859, 1.677809 ], [ 6.483849, 53.34485, 1.688929 ], [ 6.483867, 53.344842, 1.693144 ], [ 6.483883, 53.344832, 1.692484 ], [ 6.483899, 53.344823, 1.690047 ], [ 6.483914, 53.344813, 1.684325 ], [ 6.483929, 53.344803, 1.69412 ], [ 6.483945, 53.344794, 1.706277 ], [ 6.483961, 53.344785, 1.725127 ], [ 6.483976, 53.344776, 1.735499 ], [ 6.483992, 53.344768, 1.743658 ], [ 6.484006, 53.344759, 1.750976 ], [ 6.484021, 53.344751, 1.764431 ], [ 6.484036, 53.344742, 1.774483 ], [ 6.484051, 53.344732, 1.78104 ], [ 6.484067, 53.344722, 1.787041 ], [ 6.484083, 53.344712, 1.792955 ], [ 6.484098, 53.344703, 1.799322 ], [ 6.484113, 53.344693, 1.803961 ], [ 6.484128, 53.344684, 1.811468 ], [ 6.484143, 53.344675, 1.818659 ], [ 6.484158, 53.344667, 1.819235 ], [ 6.484174, 53.34466, 1.82188 ], [ 6.48419, 53.344652, 1.823983 ], [ 6.484207, 53.344642, 1.826071 ], [ 6.484224, 53.344632, 1.82404 ], [ 6.48424, 53.344623, 1.821542 ], [ 6.484255, 53.344613, 1.822094 ], [ 6.48427, 53.344604, 1.815115 ], [ 6.484285, 53.344594, 1.812068 ], [ 6.484302, 53.344585, 1.803741 ], [ 6.484318, 53.344576, 1.790115 ], [ 6.484334, 53.344567, 1.772549 ], [ 6.48435, 53.344558, 1.760703 ], [ 6.484366, 53.344549, 1.75767 ], [ 6.484382, 53.344539, 1.766014 ], [ 6.484398, 53.34453, 1.77422 ], [ 6.484413, 53.34452, 1.778803 ], [ 6.484429, 53.34451, 1.780819 ], [ 6.484444, 53.344501, 1.803545 ], [ 6.48446, 53.344492, 1.825966 ], [ 6.484475, 53.344483, 1.861336 ], [ 6.48449, 53.344473, 1.892902 ], [ 6.484506, 53.344463, 1.918526 ], [ 6.484521, 53.344454, 1.941726 ], [ 6.484535, 53.344444, 1.946731 ], [ 6.48455, 53.344434, 1.958786 ], [ 6.484565, 53.344424, 1.962443 ], [ 6.48458, 53.344415, 1.963297 ], [ 6.484594, 53.344405, 1.958311 ], [ 6.484608, 53.344396, 1.940358 ], [ 6.484623, 53.344387, 1.916873 ], [ 6.484638, 53.344378, 1.894825 ], [ 6.484654, 53.344368, 1.870075 ], [ 6.48467, 53.344359, 1.843635 ], [ 6.484684, 53.344349, 1.820747 ], [ 6.484698, 53.344339, 1.798391 ], [ 6.484712, 53.344329, 1.780086 ], [ 6.484726, 53.344318, 1.765989 ], [ 6.48474, 53.344308, 1.762083 ], [ 6.484755, 53.344298, 1.767862 ], [ 6.484771, 53.344289, 1.780814 ], [ 6.484786, 53.344279, 1.79745 ], [ 6.484803, 53.344271, 1.807044 ], [ 6.484818, 53.344262, 1.819269 ], [ 6.484833, 53.344254, 1.840047 ], [ 6.484847, 53.344245, 1.851022 ], [ 6.48486, 53.344237, 1.87056 ], [ 6.484874, 53.344228, 1.89367 ], [ 6.484888, 53.344218, 1.908274 ], [ 6.484903, 53.344208, 1.914728 ], [ 6.484918, 53.344199, 1.92408 ], [ 6.484933, 53.34419, 1.925424 ], [ 6.484948, 53.344182, 1.922923 ], [ 6.484963, 53.344174, 1.907007 ], [ 6.484977, 53.344165, 1.903882 ], [ 6.484993, 53.344157, 1.902421 ], [ 6.485009, 53.344148, 1.895217 ], [ 6.485026, 53.344139, 1.881744 ], [ 6.485045, 53.34413, 1.86397 ], [ 6.485064, 53.344121, 1.844641 ], [ 6.485081, 53.344112, 1.817631 ], [ 6.485098, 53.344103, 1.78951 ], [ 6.485114, 53.344094, 1.766108 ], [ 6.485129, 53.344085, 1.742114 ], [ 6.485143, 53.344077, 1.711588 ], [ 6.485157, 53.344068, 1.675627 ], [ 6.48517, 53.34406, 1.642058 ], [ 6.485184, 53.344051, 1.622313 ], [ 6.4852, 53.344042, 1.601425 ], [ 6.485217, 53.344032, 1.588329 ], [ 6.485234, 53.344023, 1.579122 ], [ 6.48525, 53.344014, 1.565139 ], [ 6.485266, 53.344005, 1.555028 ], [ 6.485281, 53.343996, 1.533684 ], [ 6.485295, 53.343987, 1.524681 ], [ 6.485309, 53.343979, 1.519689 ], [ 6.485324, 53.343969, 1.506764 ], [ 6.485338, 53.343958, 1.494828 ], [ 6.485353, 53.343948, 1.484459 ], [ 6.485368, 53.343937, 1.47425 ], [ 6.485383, 53.343928, 1.465892 ], [ 6.485399, 53.343919, 1.454054 ], [ 6.485415, 53.34391, 1.439223 ], [ 6.485431, 53.343902, 1.424949 ], [ 6.485447, 53.343894, 1.408893 ], [ 6.485464, 53.343886, 1.40358 ], [ 6.48548, 53.343878, 1.406732 ], [ 6.485497, 53.34387, 1.410376 ], [ 6.485514, 53.343862, 1.409803 ], [ 6.485532, 53.343854, 1.406289 ], [ 6.48555, 53.343846, 1.401383 ], [ 6.485567, 53.343838, 1.398123 ], [ 6.485584, 53.343829, 1.396448 ], [ 6.485601, 53.343819, 1.391971 ], [ 6.485618, 53.34381, 1.382438 ], [ 6.485636, 53.343801, 1.386631 ], [ 6.485652, 53.343791, 1.392119 ], [ 6.485667, 53.343782, 1.399862 ], [ 6.485683, 53.343772, 1.406302 ], [ 6.485699, 53.343763, 1.414437 ], [ 6.485714, 53.343755, 1.42211 ], [ 6.485729, 53.343746, 1.430418 ], [ 6.485744, 53.343738, 1.443826 ], [ 6.485757, 53.343729, 1.458476 ], [ 6.485771, 53.34372, 1.481018 ], [ 6.485786, 53.34371, 1.501802 ], [ 6.485801, 53.3437, 1.519691 ], [ 6.485817, 53.343691, 1.531694 ], [ 6.485834, 53.343683, 1.541141 ], [ 6.485852, 53.343674, 1.546161 ], [ 6.48587, 53.343665, 1.541638 ], [ 6.485887, 53.343656, 1.529658 ], [ 6.485904, 53.343647, 1.516722 ], [ 6.485921, 53.343639, 1.502828 ], [ 6.485938, 53.34363, 1.490872 ], [ 6.485955, 53.343621, 1.473995 ], [ 6.485972, 53.343612, 1.461765 ], [ 6.485989, 53.343603, 1.450273 ], [ 6.486006, 53.343595, 1.452257 ], [ 6.486023, 53.343587, 1.465174 ], [ 6.48604, 53.343579, 1.476081 ], [ 6.486056, 53.34357, 1.484977 ], [ 6.486072, 53.343561, 1.493989 ], [ 6.486088, 53.343552, 1.505428 ], [ 6.486104, 53.343543, 1.518491 ], [ 6.48612, 53.343534, 1.527977 ], [ 6.486136, 53.343525, 1.533684 ], [ 6.486151, 53.343517, 1.537205 ], [ 6.486166, 53.343509, 1.538052 ], [ 6.48618, 53.343501, 1.544371 ], [ 6.486195, 53.343493, 1.535925 ], [ 6.48621, 53.343485, 1.521004 ], [ 6.486225, 53.343477, 1.510531 ], [ 6.486241, 53.343469, 1.491718 ], [ 6.486257, 53.343461, 1.471053 ], [ 6.486273, 53.343453, 1.445211 ], [ 6.486289, 53.343444, 1.428129 ], [ 6.486305, 53.343435, 1.42213 ], [ 6.486321, 53.343426, 1.414623 ], [ 6.486336, 53.343416, 1.407705 ], [ 6.486351, 53.343407, 1.401761 ], [ 6.486366, 53.343398, 1.402874 ], [ 6.486383, 53.343389, 1.407502 ], [ 6.4864, 53.34338, 1.408293 ], [ 6.486416, 53.343372, 1.40789 ], [ 6.486433, 53.343363, 1.404311 ], [ 6.48645, 53.343355, 1.417768 ], [ 6.486467, 53.343346, 1.425573 ], [ 6.486483, 53.343337, 1.439251 ], [ 6.486499, 53.343328, 1.453133 ], [ 6.486513, 53.343319, 1.477245 ], [ 6.486527, 53.34331, 1.501757 ], [ 6.486542, 53.343301, 1.524601 ], [ 6.486558, 53.343292, 1.546144 ], [ 6.486575, 53.343284, 1.580373 ], [ 6.486591, 53.343276, 1.61492 ], [ 6.486608, 53.343269, 1.653187 ], [ 6.486626, 53.343262, 1.686296 ], [ 6.486644, 53.343253, 1.705564 ], [ 6.486661, 53.343245, 1.732181 ], [ 6.486678, 53.343236, 1.758529 ], [ 6.486694, 53.343227, 1.777703 ], [ 6.486711, 53.343218, 1.786535 ], [ 6.486728, 53.34321, 1.794047 ], [ 6.486745, 53.343201, 1.798575 ], [ 6.486761, 53.343192, 1.799744 ], [ 6.486778, 53.343183, 1.792175 ], [ 6.486794, 53.343173, 1.783962 ], [ 6.48681, 53.343164, 1.769398 ], [ 6.486827, 53.343153, 1.76402 ], [ 6.486845, 53.343142, 1.762432 ], [ 6.486861, 53.343132, 1.762455 ], [ 6.486877, 53.343123, 1.769889 ], [ 6.486892, 53.343114, 1.78185 ], [ 6.486907, 53.343105, 1.796705 ], [ 6.48692, 53.343096, 1.811823 ], [ 6.486933, 53.343087, 1.828666 ], [ 6.486947, 53.343078, 1.861499 ], [ 6.486961, 53.343068, 1.889164 ], [ 6.486977, 53.343058, 1.913656 ], [ 6.486992, 53.343048, 1.94017 ], [ 6.487007, 53.343037, 1.960045 ], [ 6.487021, 53.343027, 1.988281 ], [ 6.487035, 53.343018, 2.017106 ], [ 6.48705, 53.343009, 2.043137 ], [ 6.487067, 53.342999, 2.062261 ], [ 6.487083, 53.34299, 2.076132 ], [ 6.487099, 53.342981, 2.082008 ], [ 6.487115, 53.342973, 2.099341 ], [ 6.48713, 53.342966, 2.110136 ], [ 6.487145, 53.342958, 2.118294 ], [ 6.487161, 53.34295, 2.128677 ], [ 6.487178, 53.342942, 2.129908 ], [ 6.487196, 53.342934, 2.12008 ], [ 6.487215, 53.342924, 2.097736 ], [ 6.487234, 53.342915, 2.067699 ], [ 6.487252, 53.342905, 2.032451 ], [ 6.487269, 53.342896, 2.008794 ], [ 6.487286, 53.342886, 1.977256 ], [ 6.487301, 53.342877, 1.945479 ], [ 6.487316, 53.342867, 1.914058 ], [ 6.48733, 53.342858, 1.88268 ], [ 6.487343, 53.342849, 1.860269 ], [ 6.487354, 53.342841, 1.835339 ], [ 6.487364, 53.342831, 1.81867 ], [ 6.487376, 53.342821, 1.801964 ], [ 6.487389, 53.342812, 1.784148 ], [ 6.487403, 53.342804, 1.775346 ], [ 6.487417, 53.342795, 1.76693 ], [ 6.487433, 53.342786, 1.762989 ], [ 6.48745, 53.342778, 1.756688 ], [ 6.487468, 53.34277, 1.746711 ], [ 6.487484, 53.342762, 1.733266 ], [ 6.4875, 53.342754, 1.725755 ], [ 6.487514, 53.342746, 1.716444 ], [ 6.487528, 53.342738, 1.706875 ], [ 6.487544, 53.342728, 1.700548 ], [ 6.48756, 53.342719, 1.698882 ], [ 6.487575, 53.342709, 1.69562 ], [ 6.48759, 53.3427, 1.702785 ], [ 6.487605, 53.342691, 1.708953 ], [ 6.487621, 53.342681, 1.721629 ], [ 6.487636, 53.342672, 1.737614 ], [ 6.487651, 53.342662, 1.757314 ], [ 6.487667, 53.342653, 1.776665 ], [ 6.487682, 53.342645, 1.793712 ], [ 6.487697, 53.342637, 1.815262 ], [ 6.487711, 53.34263, 1.837015 ], [ 6.487724, 53.342623, 1.862752 ], [ 6.487734, 53.342617, 1.8974 ], [ 6.487743, 53.342611, 1.932803 ], [ 6.487753, 53.342604, 1.961177 ], [ 6.487766, 53.342596, 1.974136 ], [ 6.487779, 53.342588, 1.986888 ], [ 6.487793, 53.342579, 1.99254 ], [ 6.487808, 53.34257, 2.004102 ], [ 6.487824, 53.34256, 2.00678 ], [ 6.487841, 53.342549, 2.003398 ], [ 6.487857, 53.342539, 2.001019 ], [ 6.487874, 53.34253, 1.997907 ], [ 6.48789, 53.342521, 2.003877 ], [ 6.487906, 53.342511, 2.008854 ], [ 6.487922, 53.342502, 2.005764 ], [ 6.487937, 53.342492, 2.015215 ], [ 6.48795, 53.342483, 2.019807 ], [ 6.487962, 53.342473, 2.031792 ], [ 6.487975, 53.342464, 2.038042 ], [ 6.487989, 53.342453, 2.045949 ], [ 6.488004, 53.342443, 2.055152 ], [ 6.488019, 53.342433, 2.06599 ], [ 6.488035, 53.342423, 2.078096 ], [ 6.488053, 53.342412, 2.092374 ], [ 6.488071, 53.342402, 2.104004 ], [ 6.488088, 53.342393, 2.111958 ], [ 6.488103, 53.342384, 2.115559 ], [ 6.488117, 53.342373, 2.116671 ], [ 6.488132, 53.342362, 2.112313 ], [ 6.488146, 53.342351, 2.108171 ], [ 6.488162, 53.34234, 2.103132 ], [ 6.488178, 53.34233, 2.09193 ], [ 6.488192, 53.34232, 2.074598 ], [ 6.488206, 53.342309, 2.062696 ], [ 6.488219, 53.342298, 2.058386 ], [ 6.488232, 53.342287, 2.050054 ], [ 6.488246, 53.342277, 2.047449 ], [ 6.48826, 53.342267, 2.036926 ], [ 6.488275, 53.342257, 2.023516 ], [ 6.48829, 53.342247, 2.014589 ], [ 6.488305, 53.342238, 1.997504 ], [ 6.48832, 53.342228, 1.986859 ], [ 6.488335, 53.342218, 1.98077 ], [ 6.48835, 53.342208, 1.972878 ], [ 6.488364, 53.342197, 1.948697 ], [ 6.488377, 53.342188, 1.923211 ], [ 6.488391, 53.342179, 1.896823 ], [ 6.488405, 53.34217, 1.872919 ], [ 6.488418, 53.34216, 1.84743 ], [ 6.488432, 53.34215, 1.815884 ], [ 6.488446, 53.342141, 1.781371 ], [ 6.48846, 53.342131, 1.754554 ], [ 6.488474, 53.342121, 1.724372 ], [ 6.488488, 53.342111, 1.7082 ], [ 6.488501, 53.342101, 1.686014 ], [ 6.488514, 53.342091, 1.672686 ], [ 6.488527, 53.342081, 1.655064 ], [ 6.488539, 53.34207, 1.63638 ], [ 6.488552, 53.34206, 1.616093 ], [ 6.488565, 53.34205, 1.602413 ], [ 6.488579, 53.34204, 1.586468 ], [ 6.488593, 53.34203, 1.564104 ], [ 6.488608, 53.34202, 1.546621 ], [ 6.488624, 53.34201, 1.525339 ], [ 6.488639, 53.342, 1.49896 ], [ 6.488654, 53.34199, 1.479755 ], [ 6.488668, 53.341979, 1.455642 ], [ 6.488683, 53.341969, 1.428959 ], [ 6.488698, 53.34196, 1.399359 ], [ 6.488714, 53.341951, 1.382478 ], [ 6.48873, 53.341942, 1.363812 ], [ 6.488747, 53.341933, 1.352541 ], [ 6.488761, 53.341923, 1.337843 ], [ 6.488775, 53.341913, 1.325311 ], [ 6.488787, 53.341903, 1.320276 ], [ 6.488799, 53.341893, 1.324849 ], [ 6.488812, 53.341882, 1.332311 ], [ 6.488824, 53.341873, 1.341039 ], [ 6.488836, 53.341863, 1.357752 ], [ 6.488849, 53.341852, 1.362129 ], [ 6.488861, 53.341841, 1.364647 ], [ 6.488874, 53.34183, 1.369144 ], [ 6.488887, 53.34182, 1.378364 ], [ 6.4889, 53.341809, 1.386162 ], [ 6.488914, 53.341798, 1.396234 ], [ 6.488929, 53.341787, 1.408041 ], [ 6.488944, 53.341776, 1.427923 ], [ 6.488959, 53.341765, 1.454386 ], [ 6.488973, 53.341755, 1.477173 ], [ 6.488987, 53.341745, 1.513842 ], [ 6.489001, 53.341734, 1.55534 ], [ 6.489013, 53.341723, 1.607905 ], [ 6.489025, 53.34171, 1.667888 ], [ 6.489035, 53.341697, 1.721776 ], [ 6.489045, 53.341684, 1.775751 ], [ 6.489056, 53.341672, 1.835594 ], [ 6.489067, 53.34166, 1.893812 ], [ 6.489078, 53.34165, 1.95929 ], [ 6.48909, 53.341641, 2.013133 ], [ 6.489103, 53.341631, 2.058197 ], [ 6.489117, 53.341622, 2.09836 ], [ 6.489132, 53.341614, 2.127391 ], [ 6.489146, 53.341606, 2.147632 ], [ 6.489159, 53.341597, 2.167074 ], [ 6.489172, 53.341587, 2.164905 ], [ 6.489184, 53.341579, 2.166973 ], [ 6.489197, 53.341571, 2.1619 ], [ 6.489211, 53.341564, 2.144021 ], [ 6.489223, 53.341557, 2.12011 ], [ 6.489234, 53.34155, 2.106187 ], [ 6.489245, 53.341542, 2.084531 ], [ 6.489255, 53.341533, 2.062517 ], [ 6.489265, 53.341525, 2.038872 ], [ 6.489272, 53.341517, 2.004598 ], [ 6.489278, 53.341511, 1.967504 ], [ 6.489283, 53.341505, 1.923076 ], [ 6.48929, 53.341499, 1.886838 ], [ 6.489299, 53.341493, 1.848262 ], [ 6.489308, 53.341486, 1.815739 ], [ 6.489318, 53.34148, 1.789273 ], [ 6.489329, 53.341474, 1.771139 ], [ 6.489341, 53.341469, 1.755205 ], [ 6.489352, 53.341463, 1.743057 ], [ 6.489362, 53.341459, 1.745167 ], [ 6.489372, 53.341454, 1.751887 ], [ 6.48938, 53.34145, 1.773745 ], [ 6.489387, 53.341447, 1.789224 ], [ 6.489391, 53.341445, 1.817435 ], [ 6.489395, 53.341445, 1.86005 ], [ 6.489397, 53.341445, 1.904036 ], [ 6.489398, 53.341445, 1.959297 ], [ 6.489398, 53.341446, 2.011122 ], [ 6.489396, 53.341448, 2.067517 ], [ 6.489393, 53.341451, 2.108107 ], [ 6.48939, 53.341454, 2.136668 ], [ 6.489385, 53.341458, 2.166032 ], [ 6.48938, 53.341464, 2.192618 ], [ 6.489374, 53.34147, 2.222858 ], [ 6.489369, 53.341475, 2.259817 ], [ 6.489366, 53.341479, 2.275018 ], [ 6.489365, 53.34148, 2.282776 ], [ 6.489368, 53.341478, 2.283826 ], [ 6.489373, 53.341472, 2.278122 ], [ 6.489381, 53.341464, 2.266351 ], [ 6.48939, 53.341454, 2.249266 ], [ 6.4894, 53.341443, 2.228025 ], [ 6.489411, 53.341432, 2.200347 ], [ 6.489423, 53.341422, 2.163457 ], [ 6.489436, 53.341412, 2.132809 ], [ 6.489452, 53.341402, 2.099495 ], [ 6.489468, 53.341393, 2.061708 ], [ 6.489484, 53.341384, 2.021479 ], [ 6.489499, 53.341376, 1.979392 ], [ 6.489514, 53.341367, 1.929469 ], [ 6.489529, 53.341359, 1.885502 ], [ 6.489542, 53.341351, 1.852597 ], [ 6.489556, 53.341342, 1.816599 ], [ 6.489571, 53.341332, 1.783291 ], [ 6.489586, 53.341322, 1.755733 ], [ 6.4896, 53.341312, 1.744876 ], [ 6.489615, 53.341301, 1.745078 ], [ 6.489629, 53.34129, 1.742773 ], [ 6.489641, 53.341279, 1.73136 ], [ 6.489653, 53.341268, 1.72116 ], [ 6.489664, 53.341258, 1.711516 ], [ 6.489675, 53.341248, 1.70262 ], [ 6.489688, 53.341238, 1.69239 ], [ 6.489701, 53.341229, 1.682991 ], [ 6.489714, 53.34122, 1.681161 ], [ 6.489728, 53.341211, 1.686662 ], [ 6.489742, 53.341201, 1.694705 ], [ 6.489757, 53.341191, 1.698335 ], [ 6.489771, 53.341181, 1.700981 ], [ 6.489785, 53.34117, 1.704176 ], [ 6.4898, 53.34116, 1.714982 ], [ 6.489813, 53.34115, 1.706856 ], [ 6.489825, 53.341141, 1.693722 ], [ 6.489838, 53.341133, 1.703474 ], [ 6.489852, 53.341124, 1.716306 ], [ 6.489868, 53.341115, 1.72511 ], [ 6.489884, 53.341106, 1.735029 ], [ 6.489901, 53.341096, 1.744828 ], [ 6.489916, 53.341087, 1.756663 ], [ 6.489932, 53.341077, 1.774326 ], [ 6.489947, 53.341067, 1.786591 ], [ 6.489962, 53.341057, 1.802052 ], [ 6.489977, 53.341047, 1.842647 ], [ 6.489991, 53.341036, 1.888969 ], [ 6.490004, 53.341026, 1.92775 ], [ 6.490018, 53.341016, 1.971432 ], [ 6.490031, 53.341006, 2.020167 ], [ 6.490044, 53.340996, 2.07645 ], [ 6.490058, 53.340986, 2.131598 ], [ 6.490073, 53.340975, 2.193048 ], [ 6.490087, 53.340965, 2.251319 ], [ 6.490101, 53.340955, 2.30239 ], [ 6.490114, 53.340946, 2.344471 ], [ 6.490128, 53.340936, 2.384088 ], [ 6.490142, 53.340926, 2.428846 ], [ 6.490156, 53.340915, 2.463718 ], [ 6.49017, 53.340904, 2.49756 ], [ 6.490183, 53.340894, 2.510027 ], [ 6.490196, 53.340884, 2.510714 ], [ 6.490209, 53.340875, 2.504899 ], [ 6.490224, 53.340865, 2.489884 ], [ 6.490239, 53.340856, 2.476452 ], [ 6.490253, 53.340846, 2.458843 ], [ 6.490267, 53.340835, 2.43572 ], [ 6.49028, 53.340824, 2.406422 ], [ 6.490292, 53.340813, 2.381442 ], [ 6.490304, 53.340803, 2.361746 ], [ 6.490315, 53.340794, 2.334084 ], [ 6.490328, 53.340786, 2.312347 ], [ 6.490342, 53.340777, 2.298487 ], [ 6.490358, 53.340769, 2.299423 ], [ 6.490374, 53.340761, 2.313196 ], [ 6.490391, 53.340752, 2.327043 ], [ 6.490407, 53.340744, 2.338572 ], [ 6.490424, 53.340736, 2.354565 ], [ 6.490441, 53.340729, 2.372858 ], [ 6.490457, 53.340721, 2.38735 ], [ 6.490474, 53.340714, 2.393654 ], [ 6.490491, 53.340706, 2.399517 ], [ 6.490508, 53.340697, 2.406994 ], [ 6.490526, 53.340688, 2.41543 ], [ 6.490544, 53.340679, 2.422153 ], [ 6.490563, 53.34067, 2.414783 ], [ 6.490581, 53.340662, 2.406045 ], [ 6.490599, 53.340655, 2.395645 ], [ 6.490615, 53.340647, 2.369676 ], [ 6.490632, 53.340641, 2.354188 ], [ 6.490649, 53.340634, 2.33735 ], [ 6.490666, 53.340628, 2.31459 ], [ 6.490684, 53.340621, 2.291002 ], [ 6.4907, 53.340615, 2.2632 ], [ 6.490716, 53.340608, 2.244383 ], [ 6.490732, 53.340601, 2.225127 ], [ 6.49075, 53.340593, 2.205787 ], [ 6.490767, 53.340584, 2.184262 ], [ 6.490785, 53.340576, 2.157771 ], [ 6.490803, 53.340568, 2.134734 ], [ 6.490821, 53.340561, 2.112756 ], [ 6.49084, 53.340554, 2.097808 ], [ 6.490859, 53.340546, 2.081254 ], [ 6.490877, 53.340539, 2.072544 ], [ 6.490896, 53.340532, 2.067699 ], [ 6.490914, 53.340524, 2.064263 ], [ 6.490932, 53.340517, 2.071971 ], [ 6.49095, 53.340509, 2.078131 ], [ 6.490967, 53.340501, 2.081805 ], [ 6.490985, 53.340492, 2.081188 ], [ 6.491004, 53.340484, 2.088219 ], [ 6.491022, 53.340476, 2.091262 ], [ 6.49104, 53.340468, 2.087082 ], [ 6.491058, 53.34046, 2.085965 ], [ 6.491076, 53.340451, 2.07139 ], [ 6.491092, 53.340444, 2.062697 ], [ 6.49111, 53.340437, 2.064019 ], [ 6.491128, 53.340431, 2.064496 ], [ 6.491147, 53.340425, 2.056215 ], [ 6.491167, 53.340419, 2.046014 ], [ 6.491186, 53.340413, 2.03305 ], [ 6.491206, 53.340406, 2.019086 ], [ 6.491224, 53.340398, 2.011069 ], [ 6.491242, 53.34039, 2.013461 ], [ 6.491259, 53.340381, 2.024601 ], [ 6.491276, 53.340372, 2.034219 ], [ 6.491292, 53.340362, 2.049284 ], [ 6.491309, 53.340353, 2.077191 ], [ 6.491326, 53.340344, 2.10123 ], [ 6.491343, 53.340335, 2.123494 ], [ 6.49136, 53.340327, 2.151978 ], [ 6.491377, 53.340319, 2.188347 ], [ 6.491393, 53.340311, 2.20547 ], [ 6.491408, 53.340303, 2.21922 ], [ 6.491423, 53.340294, 2.236791 ], [ 6.49144, 53.340285, 2.249383 ], [ 6.491457, 53.340276, 2.257231 ], [ 6.491475, 53.340267, 2.268162 ], [ 6.491494, 53.340259, 2.267278 ], [ 6.491512, 53.340251, 2.266579 ], [ 6.491529, 53.340243, 2.269069 ], [ 6.491547, 53.340236, 2.271435 ], [ 6.491565, 53.340229, 2.284522 ], [ 6.491584, 53.340222, 2.291003 ], [ 6.491604, 53.340214, 2.294622 ], [ 6.491624, 53.340207, 2.295974 ], [ 6.491643, 53.3402, 2.304685 ], [ 6.491661, 53.340192, 2.312838 ], [ 6.491679, 53.340185, 2.316421 ], [ 6.491696, 53.340177, 2.307766 ], [ 6.491714, 53.34017, 2.287965 ], [ 6.491732, 53.340164, 2.264671 ], [ 6.491752, 53.340157, 2.235352 ], [ 6.491771, 53.340149, 2.203966 ], [ 6.491789, 53.340141, 2.174761 ], [ 6.491806, 53.340134, 2.143847 ], [ 6.491824, 53.340126, 2.10834 ], [ 6.491842, 53.340118, 2.083105 ], [ 6.491861, 53.34011, 2.047365 ], [ 6.49188, 53.340102, 2.020004 ], [ 6.491899, 53.340095, 2.007154 ], [ 6.491919, 53.340089, 1.992071 ], [ 6.491937, 53.340082, 1.968526 ], [ 6.491953, 53.340074, 1.947266 ], [ 6.491969, 53.340067, 1.921106 ], [ 6.491986, 53.340059, 1.895936 ], [ 6.492005, 53.340052, 1.878297 ], [ 6.492023, 53.340044, 1.857358 ], [ 6.492042, 53.340036, 1.82998 ], [ 6.49206, 53.340027, 1.799067 ], [ 6.492079, 53.340019, 1.764379 ], [ 6.492096, 53.34001, 1.73017 ], [ 6.492113, 53.340002, 1.713225 ], [ 6.492129, 53.339995, 1.693265 ], [ 6.492147, 53.339988, 1.673387 ], [ 6.492165, 53.339982, 1.666376 ], [ 6.492182, 53.339975, 1.673254 ], [ 6.492199, 53.339967, 1.673352 ], [ 6.492215, 53.339959, 1.675897 ], [ 6.492233, 53.339951, 1.680101 ], [ 6.492251, 53.339942, 1.682579 ], [ 6.49227, 53.339934, 1.683379 ], [ 6.492289, 53.339925, 1.693589 ], [ 6.492307, 53.339917, 1.705073 ], [ 6.492325, 53.339909, 1.712986 ], [ 6.492342, 53.339901, 1.711743 ], [ 6.49236, 53.339893, 1.713174 ], [ 6.492378, 53.339885, 1.714699 ], [ 6.492395, 53.339877, 1.713944 ], [ 6.492412, 53.339869, 1.718705 ], [ 6.492429, 53.339861, 1.722385 ], [ 6.492446, 53.339854, 1.709026 ], [ 6.492464, 53.339846, 1.698217 ], [ 6.492483, 53.339839, 1.688752 ], [ 6.492501, 53.339831, 1.676157 ], [ 6.492518, 53.339824, 1.672612 ], [ 6.492536, 53.339817, 1.669055 ], [ 6.492553, 53.33981, 1.667574 ], [ 6.492571, 53.339803, 1.671858 ], [ 6.492589, 53.339796, 1.674551 ], [ 6.492607, 53.339788, 1.686361 ], [ 6.492625, 53.339781, 1.706905 ], [ 6.492642, 53.339774, 1.731527 ], [ 6.492658, 53.339767, 1.770793 ], [ 6.492673, 53.339759, 1.810728 ], [ 6.492687, 53.339751, 1.845829 ], [ 6.492703, 53.339743, 1.882728 ], [ 6.492721, 53.339735, 1.927811 ], [ 6.492739, 53.339726, 1.968453 ], [ 6.492756, 53.339716, 2.001269 ], [ 6.492771, 53.339705, 2.03284 ], [ 6.492785, 53.339696, 2.061669 ], [ 6.4928, 53.339686, 2.074937 ], [ 6.492818, 53.339677, 2.0821 ], [ 6.492836, 53.339669, 2.084706 ], [ 6.492854, 53.339661, 2.077792 ], [ 6.492872, 53.339653, 2.057639 ], [ 6.49289, 53.339646, 2.041312 ], [ 6.492907, 53.339639, 2.03705 ], [ 6.492924, 53.339632, 2.018796 ], [ 6.492943, 53.339624, 1.983039 ], [ 6.49296, 53.339617, 1.944631 ], [ 6.492976, 53.339608, 1.914137 ], [ 6.49299, 53.339599, 1.884466 ], [ 6.493004, 53.339589, 1.857819 ], [ 6.493018, 53.339578, 1.843039 ], [ 6.493031, 53.339567, 1.83046 ], [ 6.493045, 53.339556, 1.820681 ], [ 6.493058, 53.339546, 1.813561 ], [ 6.49307, 53.339535, 1.809578 ], [ 6.493083, 53.339524, 1.802895 ], [ 6.493096, 53.339512, 1.808187 ], [ 6.493108, 53.339502, 1.823295 ], [ 6.493119, 53.339491, 1.852016 ], [ 6.49313, 53.339481, 1.882305 ], [ 6.49314, 53.339471, 1.904039 ], [ 6.493149, 53.339459, 1.919974 ], [ 6.49316, 53.339447, 1.936422 ], [ 6.49317, 53.339435, 1.953582 ], [ 6.49318, 53.339423, 1.977602 ], [ 6.49319, 53.339411, 1.989434 ], [ 6.493199, 53.339399, 2.010848 ], [ 6.493207, 53.339387, 2.038757 ], [ 6.493214, 53.339375, 2.060756 ], [ 6.493221, 53.339363, 2.076081 ], [ 6.493226, 53.33935, 2.085017 ], [ 6.493232, 53.339337, 2.105202 ], [ 6.493238, 53.339324, 2.126837 ], [ 6.493244, 53.339309, 2.144847 ], [ 6.49325, 53.339295, 2.166932 ], [ 6.493257, 53.339281, 2.188193 ], [ 6.493264, 53.339268, 2.210368 ], [ 6.493271, 53.339255, 2.229438 ], [ 6.49328, 53.339243, 2.250607 ], [ 6.493289, 53.339231, 2.267376 ], [ 6.493297, 53.339219, 2.298946 ], [ 6.493305, 53.339208, 2.333029 ], [ 6.493312, 53.339195, 2.37235 ], [ 6.493318, 53.339183, 2.414543 ], [ 6.493324, 53.339171, 2.461326 ], [ 6.49333, 53.339159, 2.517135 ], [ 6.493335, 53.339148, 2.560199 ], [ 6.49334, 53.339136, 2.605405 ], [ 6.493344, 53.339124, 2.647975 ], [ 6.493349, 53.339111, 2.675093 ], [ 6.493358, 53.339099, 2.701119 ], [ 6.493367, 53.339087, 2.712455 ], [ 6.493376, 53.339075, 2.715284 ], [ 6.493384, 53.339063, 2.705297 ], [ 6.49339, 53.339051, 2.683006 ], [ 6.493397, 53.339039, 2.651951 ], [ 6.493404, 53.339028, 2.610428 ], [ 6.493413, 53.339016, 2.567524 ], [ 6.493421, 53.339004, 2.508268 ], [ 6.493427, 53.338992, 2.444777 ], [ 6.493434, 53.33898, 2.377235 ], [ 6.49344, 53.338968, 2.314694 ], [ 6.493446, 53.338955, 2.261594 ], [ 6.493453, 53.338943, 2.206132 ], [ 6.493459, 53.338931, 2.154546 ], [ 6.493466, 53.338918, 2.120365 ], [ 6.493473, 53.338904, 2.097219 ], [ 6.493482, 53.338892, 2.09012 ], [ 6.493492, 53.33888, 2.090469 ], [ 6.4935, 53.338869, 2.094844 ], [ 6.493508, 53.338857, 2.107004 ], [ 6.493513, 53.338845, 2.126241 ], [ 6.493518, 53.338832, 2.148864 ], [ 6.493523, 53.338817, 2.197283 ], [ 6.493528, 53.338802, 2.249117 ], [ 6.493534, 53.338788, 2.300624 ], [ 6.49354, 53.338775, 2.337495 ], [ 6.493546, 53.338761, 2.379209 ], [ 6.493553, 53.338748, 2.418769 ], [ 6.49356, 53.338735, 2.464055 ], [ 6.493568, 53.338722, 2.51028 ], [ 6.493576, 53.33871, 2.541561 ], [ 6.493584, 53.338698, 2.580076 ], [ 6.493592, 53.338687, 2.616456 ], [ 6.4936, 53.338676, 2.649898 ], [ 6.493608, 53.338664, 2.676257 ], [ 6.493616, 53.338652, 2.702092 ], [ 6.493625, 53.338639, 2.73391 ], [ 6.493633, 53.338626, 2.759694 ], [ 6.493641, 53.338614, 2.783502 ], [ 6.49365, 53.338601, 2.803269 ], [ 6.493658, 53.338588, 2.826314 ], [ 6.493668, 53.338576, 2.850761 ], [ 6.493678, 53.338563, 2.870558 ], [ 6.49369, 53.338551, 2.883048 ], [ 6.493703, 53.33854, 2.884997 ], [ 6.493714, 53.338529, 2.893469 ], [ 6.493724, 53.338518, 2.88042 ], [ 6.493734, 53.338508, 2.856693 ], [ 6.493744, 53.338496, 2.832101 ], [ 6.493754, 53.338484, 2.804424 ], [ 6.493765, 53.338472, 2.771659 ], [ 6.493776, 53.33846, 2.728559 ], [ 6.493786, 53.338449, 2.682809 ], [ 6.493796, 53.338438, 2.649131 ], [ 6.493805, 53.338428, 2.60968 ], [ 6.493814, 53.338417, 2.576428 ], [ 6.493825, 53.338407, 2.56573 ], [ 6.493835, 53.338395, 2.558024 ], [ 6.493845, 53.338384, 2.554334 ], [ 6.493855, 53.338372, 2.557282 ], [ 6.493864, 53.338361, 2.559786 ], [ 6.493872, 53.33835, 2.56894 ], [ 6.493881, 53.338339, 2.573327 ], [ 6.49389, 53.338327, 2.585328 ], [ 6.493899, 53.338315, 2.600747 ], [ 6.493907, 53.338303, 2.609833 ], [ 6.493915, 53.338291, 2.62295 ], [ 6.493923, 53.338278, 2.632849 ], [ 6.493931, 53.338266, 2.641614 ], [ 6.49394, 53.338254, 2.636554 ], [ 6.493948, 53.338243, 2.628575 ], [ 6.493957, 53.338232, 2.608297 ], [ 6.493964, 53.33822, 2.594462 ], [ 6.493972, 53.338209, 2.573101 ], [ 6.49398, 53.338197, 2.539553 ], [ 6.493988, 53.338186, 2.501803 ], [ 6.493995, 53.338175, 2.460538 ], [ 6.494001, 53.338164, 2.408398 ], [ 6.494008, 53.338153, 2.352876 ], [ 6.494014, 53.338142, 2.305494 ], [ 6.49402, 53.338132, 2.263799 ], [ 6.494024, 53.338124, 2.232465 ], [ 6.494027, 53.338118, 2.197769 ], [ 6.494028, 53.338116, 2.163865 ], [ 6.494028, 53.338117, 2.143959 ], [ 6.494027, 53.338118, 2.128379 ], [ 6.494027, 53.33812, 2.124428 ], [ 6.494027, 53.338122, 2.124435 ], [ 6.494026, 53.338124, 2.136573 ], [ 6.494026, 53.338127, 2.164698 ], [ 6.494024, 53.338131, 2.182818 ], [ 6.494021, 53.338136, 2.214522 ], [ 6.494018, 53.338142, 2.254631 ], [ 6.494014, 53.338148, 2.29645 ], [ 6.49401, 53.338155, 2.341765 ], [ 6.494006, 53.338161, 2.392266 ], [ 6.494003, 53.338167, 2.431115 ], [ 6.494, 53.33817, 2.473756 ], [ 6.493996, 53.338172, 2.515749 ], [ 6.493993, 53.338172, 2.55907 ], [ 6.493991, 53.338171, 2.594917 ], [ 6.49399, 53.338169, 2.634748 ], [ 6.493991, 53.338165, 2.669372 ], [ 6.493993, 53.33816, 2.702987 ], [ 6.493998, 53.338152, 2.732621 ], [ 6.494004, 53.338143, 2.760605 ], [ 6.494011, 53.338135, 2.78435 ], [ 6.494017, 53.338125, 2.809708 ], [ 6.494023, 53.338115, 2.833611 ], [ 6.494028, 53.338105, 2.856147 ], [ 6.494032, 53.338095, 2.877392 ], [ 6.494038, 53.338084, 2.890429 ], [ 6.494044, 53.338073, 2.899926 ], [ 6.49405, 53.338064, 2.905139 ], [ 6.494056, 53.338056, 2.906251 ], [ 6.494061, 53.338051, 2.908098 ], [ 6.494064, 53.338049, 2.916842 ], [ 6.494066, 53.338049, 2.925401 ], [ 6.494068, 53.338049, 2.926488 ], [ 6.494069, 53.338048, 2.91899 ], [ 6.494071, 53.338047, 2.911196 ], [ 6.494074, 53.338044, 2.90596 ], [ 6.494077, 53.33804, 2.909468 ], [ 6.49408, 53.338033, 2.913684 ], [ 6.494082, 53.338025, 2.916869 ], [ 6.494084, 53.338014, 2.921027 ], [ 6.494087, 53.338003, 2.922117 ], [ 6.49409, 53.337991, 2.916358 ], [ 6.494094, 53.337979, 2.91217 ], [ 6.494097, 53.337967, 2.907569 ], [ 6.494099, 53.337955, 2.902323 ], [ 6.494101, 53.337942, 2.89626 ], [ 6.494102, 53.337929, 2.888991 ], [ 6.494105, 53.337916, 2.880144 ], [ 6.494107, 53.337904, 2.869613 ], [ 6.494111, 53.337894, 2.874915 ], [ 6.494114, 53.337884, 2.880947 ], [ 6.494117, 53.337879, 2.887745 ], [ 6.494118, 53.337878, 2.897482 ], [ 6.494118, 53.337879, 2.910524 ], [ 6.494118, 53.33788, 2.92702 ], [ 6.494119, 53.337881, 2.953747 ], [ 6.494119, 53.337882, 2.982635 ], [ 6.49412, 53.337881, 3.020253 ], [ 6.494122, 53.337881, 3.042256 ], [ 6.494124, 53.337879, 3.054752 ], [ 6.494126, 53.337878, 3.067144 ], [ 6.494127, 53.337877, 3.083907 ], [ 6.494128, 53.337877, 3.108885 ], [ 6.494129, 53.337876, 3.126258 ], [ 6.494129, 53.337875, 3.139358 ], [ 6.49413, 53.337874, 3.148926 ], [ 6.494131, 53.337871, 3.152392 ], [ 6.494132, 53.337867, 3.157182 ], [ 6.494133, 53.33786, 3.169067 ], [ 6.494133, 53.337852, 3.183336 ], [ 6.494133, 53.337842, 3.200773 ], [ 6.494133, 53.337831, 3.218511 ], [ 6.494134, 53.337818, 3.231334 ], [ 6.494136, 53.337806, 3.253506 ], [ 6.494138, 53.337793, 3.277336 ], [ 6.494139, 53.337779, 3.311879 ], [ 6.494141, 53.337765, 3.335387 ], [ 6.494142, 53.337751, 3.355638 ], [ 6.494144, 53.337738, 3.373883 ], [ 6.494146, 53.337725, 3.393814 ], [ 6.494148, 53.337712, 3.406577 ], [ 6.494152, 53.337699, 3.416194 ], [ 6.494155, 53.337687, 3.430717 ], [ 6.494157, 53.337675, 3.448828 ], [ 6.49416, 53.337663, 3.457827 ], [ 6.494162, 53.337651, 3.456796 ], [ 6.494165, 53.337639, 3.451907 ], [ 6.494168, 53.337627, 3.438956 ], [ 6.494171, 53.337615, 3.431295 ], [ 6.494173, 53.337603, 3.426108 ], [ 6.494175, 53.33759, 3.430557 ], [ 6.494178, 53.337577, 3.437896 ], [ 6.494181, 53.337564, 3.443041 ], [ 6.494185, 53.337551, 3.449183 ], [ 6.494189, 53.337539, 3.452916 ], [ 6.494193, 53.337527, 3.450117 ], [ 6.494196, 53.337515, 3.45193 ], [ 6.494199, 53.337503, 3.454077 ], [ 6.4942, 53.33749, 3.451144 ], [ 6.494201, 53.337477, 3.455368 ], [ 6.494202, 53.337464, 3.459359 ], [ 6.494202, 53.33745, 3.468833 ], [ 6.494204, 53.337437, 3.479273 ], [ 6.494206, 53.337424, 3.50009 ], [ 6.494209, 53.337412, 3.518822 ], [ 6.494211, 53.3374, 3.537171 ], [ 6.494213, 53.337387, 3.5551 ], [ 6.494213, 53.337374, 3.57045 ], [ 6.494213, 53.337361, 3.579491 ], [ 6.494213, 53.337348, 3.578172 ], [ 6.494212, 53.337334, 3.566002 ], [ 6.494209, 53.337321, 3.549032 ], [ 6.494205, 53.337306, 3.53715 ], [ 6.494199, 53.337292, 3.508017 ], [ 6.494191, 53.337278, 3.464895 ], [ 6.494182, 53.337264, 3.417853 ], [ 6.494174, 53.33725, 3.367497 ], [ 6.494169, 53.337236, 3.317522 ], [ 6.494169, 53.337223, 3.264699 ], [ 6.494171, 53.33721, 3.212809 ], [ 6.494175, 53.337197, 3.158559 ], [ 6.49418, 53.337183, 3.114012 ], [ 6.494184, 53.33717, 3.081299 ], [ 6.494189, 53.337155, 3.053732 ], [ 6.494194, 53.337142, 3.039306 ], [ 6.494197, 53.337129, 3.036173 ], [ 6.494199, 53.337116, 3.046349 ], [ 6.494199, 53.337103, 3.063758 ], [ 6.494199, 53.33709, 3.090007 ], [ 6.494199, 53.337077, 3.124605 ], [ 6.494201, 53.337064, 3.169719 ], [ 6.494203, 53.337051, 3.219512 ], [ 6.494205, 53.337038, 3.272211 ], [ 6.494207, 53.337024, 3.326675 ], [ 6.494208, 53.33701, 3.380845 ], [ 6.494208, 53.336996, 3.435643 ], [ 6.494207, 53.336982, 3.498564 ], [ 6.494207, 53.336969, 3.55605 ], [ 6.494207, 53.336955, 3.606477 ], [ 6.494208, 53.336942, 3.650502 ], [ 6.494209, 53.336929, 3.686293 ], [ 6.494212, 53.336916, 3.724647 ], [ 6.494215, 53.336904, 3.753369 ], [ 6.494217, 53.336892, 3.767332 ], [ 6.494217, 53.336878, 3.790728 ], [ 6.494216, 53.336864, 3.796407 ], [ 6.494215, 53.33685, 3.801591 ], [ 6.494214, 53.336836, 3.788244 ], [ 6.494214, 53.336823, 3.779465 ], [ 6.494213, 53.336809, 3.769912 ], [ 6.494212, 53.336796, 3.754107 ], [ 6.49421, 53.336783, 3.726179 ], [ 6.494209, 53.336769, 3.701903 ], [ 6.494208, 53.336756, 3.684124 ], [ 6.494208, 53.336742, 3.664944 ], [ 6.494207, 53.336729, 3.643691 ], [ 6.494208, 53.336717, 3.616631 ], [ 6.494209, 53.336706, 3.585574 ], [ 6.494211, 53.336695, 3.557222 ], [ 6.494212, 53.336683, 3.527469 ], [ 6.494212, 53.33667, 3.502417 ], [ 6.494212, 53.336656, 3.485198 ], [ 6.494211, 53.336642, 3.479473 ], [ 6.49421, 53.336627, 3.477286 ], [ 6.494208, 53.336613, 3.482948 ], [ 6.494207, 53.336599, 3.480854 ], [ 6.494206, 53.336586, 3.486192 ], [ 6.494207, 53.336573, 3.490183 ], [ 6.494207, 53.336559, 3.505283 ], [ 6.494207, 53.336546, 3.526583 ], [ 6.494207, 53.336532, 3.554568 ], [ 6.494207, 53.336518, 3.574738 ], [ 6.494206, 53.336504, 3.591774 ], [ 6.494205, 53.336491, 3.604065 ], [ 6.494205, 53.336478, 3.611199 ], [ 6.494206, 53.336465, 3.617041 ], [ 6.494207, 53.336452, 3.619181 ], [ 6.494208, 53.336439, 3.620275 ], [ 6.49421, 53.336427, 3.617173 ], [ 6.494212, 53.336416, 3.609036 ], [ 6.494214, 53.336404, 3.599327 ], [ 6.494217, 53.336393, 3.589725 ], [ 6.494219, 53.336381, 3.583341 ], [ 6.49422, 53.336368, 3.579395 ], [ 6.494221, 53.336355, 3.577227 ], [ 6.49422, 53.336343, 3.561672 ], [ 6.494219, 53.33633, 3.542645 ], [ 6.494218, 53.336317, 3.533337 ], [ 6.494217, 53.336305, 3.524094 ], [ 6.494216, 53.336292, 3.52008 ], [ 6.494216, 53.33628, 3.510185 ], [ 6.494216, 53.336266, 3.499315 ], [ 6.494217, 53.336253, 3.48408 ], [ 6.494218, 53.336239, 3.466806 ], [ 6.494219, 53.336225, 3.451254 ], [ 6.49422, 53.336212, 3.429385 ], [ 6.494222, 53.336199, 3.41218 ], [ 6.494223, 53.336186, 3.389395 ], [ 6.494224, 53.336173, 3.359287 ], [ 6.494226, 53.33616, 3.331569 ], [ 6.494229, 53.336147, 3.301416 ], [ 6.494232, 53.336134, 3.270773 ], [ 6.494234, 53.33612, 3.244528 ], [ 6.494236, 53.336107, 3.214522 ], [ 6.494238, 53.336094, 3.197218 ], [ 6.494239, 53.336081, 3.183097 ], [ 6.494242, 53.336069, 3.169303 ], [ 6.494245, 53.336056, 3.166082 ], [ 6.494248, 53.336044, 3.168426 ], [ 6.494249, 53.336032, 3.179643 ], [ 6.494248, 53.33602, 3.191147 ], [ 6.494248, 53.336007, 3.20997 ], [ 6.494249, 53.335993, 3.241992 ], [ 6.494249, 53.335979, 3.280351 ], [ 6.49425, 53.335965, 3.321792 ], [ 6.49425, 53.33595, 3.369629 ], [ 6.494251, 53.335936, 3.42332 ], [ 6.494252, 53.335923, 3.47354 ], [ 6.494255, 53.335909, 3.517082 ], [ 6.494258, 53.335896, 3.550133 ], [ 6.494261, 53.335882, 3.579367 ], [ 6.494265, 53.335868, 3.595972 ], [ 6.494269, 53.335855, 3.605719 ], [ 6.494273, 53.335841, 3.605504 ], [ 6.494276, 53.335828, 3.602533 ], [ 6.494278, 53.335815, 3.588602 ], [ 6.49428, 53.335802, 3.559998 ], [ 6.494281, 53.335788, 3.528612 ], [ 6.494282, 53.335774, 3.485583 ], [ 6.494281, 53.335759, 3.443448 ], [ 6.49428, 53.335745, 3.39697 ], [ 6.494278, 53.33573, 3.34902 ], [ 6.494276, 53.335715, 3.295921 ], [ 6.494274, 53.335701, 3.24469 ], [ 6.494272, 53.335686, 3.200453 ], [ 6.494269, 53.335671, 3.154752 ], [ 6.494268, 53.335656, 3.114642 ], [ 6.494267, 53.335642, 3.075898 ], [ 6.494268, 53.335629, 3.035063 ], [ 6.49427, 53.335616, 2.986805 ], [ 6.494273, 53.335604, 2.93784 ], [ 6.494277, 53.335592, 2.89245 ], [ 6.494281, 53.33558, 2.855598 ], [ 6.494284, 53.335567, 2.816028 ], [ 6.494287, 53.335553, 2.785371 ], [ 6.494288, 53.335541, 2.760675 ], [ 6.494291, 53.335529, 2.742327 ], [ 6.494294, 53.335517, 2.730451 ], [ 6.494299, 53.335505, 2.726332 ], [ 6.494305, 53.335493, 2.723648 ], [ 6.494313, 53.335481, 2.726074 ], [ 6.494322, 53.335471, 2.73245 ], [ 6.49433, 53.335461, 2.742839 ], [ 6.494336, 53.33545, 2.758733 ], [ 6.494342, 53.335439, 2.774808 ], [ 6.494347, 53.335428, 2.795059 ], [ 6.494353, 53.335415, 2.820292 ], [ 6.49436, 53.335403, 2.845504 ], [ 6.494367, 53.33539, 2.862119 ], [ 6.494374, 53.335377, 2.877388 ], [ 6.494381, 53.335365, 2.883019 ], [ 6.494387, 53.335352, 2.883367 ], [ 6.494393, 53.33534, 2.88827 ], [ 6.494398, 53.335327, 2.88989 ], [ 6.494401, 53.335314, 2.890617 ], [ 6.494405, 53.335301, 2.883671 ], [ 6.494409, 53.335288, 2.885584 ], [ 6.494414, 53.335275, 2.878707 ], [ 6.494419, 53.335262, 2.871158 ], [ 6.494424, 53.335249, 2.865071 ], [ 6.494428, 53.335237, 2.863965 ], [ 6.494432, 53.335224, 2.865392 ], [ 6.494435, 53.335211, 2.886268 ], [ 6.494439, 53.335198, 2.911732 ], [ 6.494443, 53.335185, 2.948177 ], [ 6.494447, 53.335171, 2.992854 ], [ 6.494451, 53.335158, 3.048135 ], [ 6.494454, 53.335144, 3.099038 ], [ 6.494457, 53.335131, 3.150523 ], [ 6.494461, 53.335117, 3.209496 ], [ 6.494464, 53.335103, 3.278235 ], [ 6.494467, 53.335089, 3.346369 ], [ 6.494469, 53.335074, 3.405486 ], [ 6.494472, 53.33506, 3.463032 ], [ 6.494475, 53.335046, 3.514316 ], [ 6.494478, 53.335032, 3.558725 ], [ 6.494482, 53.33502, 3.592309 ], [ 6.494486, 53.335007, 3.619336 ], [ 6.494492, 53.334995, 3.638827 ], [ 6.494498, 53.334983, 3.65205 ], [ 6.494504, 53.33497, 3.655947 ], [ 6.494508, 53.334958, 3.651304 ], [ 6.494512, 53.334946, 3.658011 ], [ 6.494516, 53.334933, 3.653473 ], [ 6.49452, 53.334921, 3.650024 ], [ 6.494525, 53.334909, 3.637268 ], [ 6.49453, 53.334896, 3.628724 ], [ 6.494533, 53.334884, 3.624897 ], [ 6.494535, 53.334872, 3.625149 ], [ 6.494537, 53.334858, 3.621817 ], [ 6.49454, 53.334845, 3.621878 ], [ 6.494544, 53.334832, 3.608644 ], [ 6.494549, 53.334818, 3.604193 ], [ 6.494554, 53.334805, 3.598163 ], [ 6.494559, 53.334793, 3.591972 ], [ 6.494563, 53.33478, 3.573247 ], [ 6.494567, 53.334767, 3.54897 ], [ 6.494571, 53.334754, 3.526348 ], [ 6.494575, 53.334741, 3.497686 ], [ 6.494579, 53.334728, 3.462381 ], [ 6.494581, 53.334715, 3.426199 ], [ 6.494581, 53.334701, 3.383753 ], [ 6.494578, 53.334687, 3.34152 ], [ 6.494576, 53.334673, 3.300809 ], [ 6.494578, 53.33466, 3.255684 ], [ 6.494581, 53.334647, 3.21905 ], [ 6.494586, 53.334635, 3.177026 ], [ 6.494589, 53.334622, 3.141522 ], [ 6.494592, 53.33461, 3.110718 ], [ 6.494595, 53.334597, 3.080457 ], [ 6.494598, 53.334584, 3.041925 ], [ 6.494601, 53.334571, 3.009664 ], [ 6.494604, 53.334557, 2.971484 ], [ 6.494606, 53.334543, 2.936853 ], [ 6.49461, 53.334529, 2.898154 ], [ 6.494615, 53.334516, 2.85018 ], [ 6.494622, 53.334503, 2.814892 ], [ 6.494628, 53.334491, 2.772612 ], [ 6.494633, 53.334478, 2.72453 ], [ 6.494637, 53.334465, 2.669062 ], [ 6.494639, 53.334452, 2.618473 ], [ 6.494641, 53.33444, 2.57001 ], [ 6.494643, 53.334427, 2.531398 ], [ 6.494646, 53.334414, 2.502151 ], [ 6.49465, 53.334402, 2.464092 ], [ 6.494653, 53.33439, 2.418892 ], [ 6.494655, 53.334376, 2.384995 ], [ 6.494658, 53.334363, 2.354977 ], [ 6.494662, 53.334349, 2.331996 ], [ 6.494667, 53.334336, 2.326879 ], [ 6.494671, 53.334323, 2.319079 ], [ 6.494675, 53.334311, 2.306155 ], [ 6.494679, 53.334298, 2.303778 ], [ 6.494682, 53.334284, 2.303126 ], [ 6.494685, 53.334271, 2.297532 ], [ 6.494689, 53.334258, 2.301201 ], [ 6.494693, 53.334245, 2.311275 ], [ 6.494697, 53.334233, 2.313239 ], [ 6.494701, 53.33422, 2.3321 ], [ 6.494705, 53.334207, 2.348958 ], [ 6.494712, 53.334195, 2.36995 ], [ 6.494719, 53.334183, 2.39998 ], [ 6.494727, 53.334172, 2.43124 ], [ 6.494735, 53.334161, 2.473544 ], [ 6.494742, 53.334149, 2.525982 ], [ 6.494749, 53.334136, 2.595711 ], [ 6.494755, 53.334123, 2.672521 ], [ 6.49476, 53.33411, 2.756202 ], [ 6.494765, 53.334097, 2.851407 ], [ 6.49477, 53.334083, 2.942295 ], [ 6.494775, 53.33407, 3.03921 ], [ 6.49478, 53.334057, 3.134969 ], [ 6.494784, 53.334044, 3.226822 ], [ 6.494786, 53.33403, 3.320805 ], [ 6.494787, 53.334017, 3.405246 ], [ 6.494788, 53.334004, 3.475685 ], [ 6.49479, 53.333991, 3.541938 ], [ 6.494792, 53.333978, 3.606233 ], [ 6.494796, 53.333965, 3.659376 ], [ 6.494801, 53.333953, 3.702953 ], [ 6.494806, 53.333939, 3.74012 ], [ 6.494812, 53.333926, 3.76646 ], [ 6.494817, 53.333913, 3.780939 ], [ 6.494822, 53.3339, 3.790865 ], [ 6.494826, 53.333886, 3.810096 ], [ 6.494831, 53.333873, 3.829386 ], [ 6.494834, 53.33386, 3.843471 ], [ 6.494838, 53.333847, 3.860428 ], [ 6.494842, 53.333835, 3.878929 ], [ 6.494846, 53.333823, 3.890813 ], [ 6.494849, 53.333811, 3.906143 ], [ 6.494852, 53.3338, 3.911034 ], [ 6.494855, 53.333788, 3.916455 ], [ 6.494859, 53.333775, 3.926992 ], [ 6.494863, 53.333762, 3.935558 ], [ 6.494867, 53.333749, 3.953494 ], [ 6.494872, 53.333736, 3.975316 ], [ 6.494878, 53.333723, 3.995476 ], [ 6.494885, 53.33371, 4.012807 ], [ 6.494891, 53.333696, 4.033748 ], [ 6.494898, 53.333682, 4.052577 ], [ 6.494905, 53.333669, 4.071954 ], [ 6.494911, 53.333656, 4.090199 ], [ 6.494916, 53.333643, 4.109067 ], [ 6.49492, 53.33363, 4.125137 ], [ 6.494922, 53.333618, 4.13664 ], [ 6.494925, 53.333605, 4.154034 ], [ 6.494928, 53.333593, 4.159447 ], [ 6.494931, 53.333581, 4.171677 ], [ 6.494935, 53.333569, 4.17788 ], [ 6.494939, 53.333556, 4.178703 ], [ 6.494944, 53.333544, 4.179531 ], [ 6.494948, 53.333531, 4.180715 ], [ 6.494952, 53.333518, 4.182627 ], [ 6.494955, 53.333505, 4.183868 ], [ 6.494958, 53.333493, 4.186478 ], [ 6.494961, 53.333479, 4.196038 ], [ 6.494963, 53.333466, 4.208878 ], [ 6.494966, 53.333452, 4.218513 ], [ 6.49497, 53.333439, 4.230596 ], [ 6.494975, 53.333427, 4.249947 ], [ 6.49498, 53.333415, 4.284701 ], [ 6.494985, 53.333403, 4.315012 ], [ 6.49499, 53.333391, 4.346455 ], [ 6.494993, 53.333379, 4.378226 ], [ 6.494996, 53.333365, 4.402252 ], [ 6.494999, 53.333352, 4.423105 ], [ 6.495002, 53.333339, 4.435179 ], [ 6.495004, 53.333326, 4.433687 ], [ 6.495006, 53.333312, 4.41922 ], [ 6.495008, 53.333298, 4.404647 ], [ 6.495011, 53.333286, 4.374733 ], [ 6.495014, 53.333274, 4.332281 ], [ 6.495019, 53.333263, 4.275489 ], [ 6.495023, 53.333252, 4.218642 ], [ 6.495027, 53.333241, 4.14809 ], [ 6.495029, 53.333228, 4.073878 ], [ 6.49503, 53.333215, 3.989602 ], [ 6.49503, 53.333202, 3.899268 ], [ 6.49503, 53.333187, 3.806062 ], [ 6.495031, 53.333173, 3.709613 ], [ 6.495032, 53.333159, 3.603802 ], [ 6.495034, 53.333144, 3.498124 ], [ 6.495036, 53.33313, 3.407413 ], [ 6.495038, 53.333116, 3.337122 ], [ 6.49504, 53.333102, 3.304812 ], [ 6.495043, 53.333089, 3.264122 ], [ 6.495047, 53.333076, 3.226023 ], [ 6.49505, 53.333063, 3.179887 ], [ 6.495054, 53.33305, 3.134049 ], [ 6.495058, 53.333037, 3.085972 ], [ 6.495064, 53.333024, 3.060083 ], [ 6.495072, 53.333013, 3.02815 ], [ 6.495081, 53.333003, 2.991336 ], [ 6.495094, 53.332994, 2.950854 ], [ 6.49511, 53.332986, 2.918271 ], [ 6.495129, 53.33298, 2.862987 ], [ 6.495151, 53.332977, 2.791967 ], [ 6.495172, 53.332976, 2.71603 ], [ 6.495194, 53.332976, 2.640373 ], [ 6.495216, 53.332975, 2.559766 ], [ 6.495237, 53.332974, 2.477605 ], [ 6.495258, 53.332971, 2.409222 ], [ 6.495278, 53.332969, 2.335705 ], [ 6.495299, 53.332967, 2.268708 ], [ 6.495319, 53.332967, 2.205635 ], [ 6.495338, 53.332966, 2.149265 ], [ 6.495357, 53.332966, 2.102581 ], [ 6.495378, 53.332965, 2.071156 ], [ 6.495401, 53.332964, 2.045698 ], [ 6.495423, 53.332963, 2.024646 ], [ 6.495445, 53.332961, 2.028753 ], [ 6.495467, 53.332959, 2.053293 ], [ 6.495491, 53.332957, 2.074999 ], [ 6.495515, 53.332955, 2.103543 ], [ 6.495539, 53.332954, 2.131609 ], [ 6.495563, 53.332952, 2.166105 ], [ 6.495586, 53.332951, 2.205378 ], [ 6.495609, 53.332951, 2.232595 ], [ 6.495632, 53.33295, 2.248231 ], [ 6.495654, 53.332948, 2.258555 ], [ 6.495677, 53.332946, 2.279016 ], [ 6.495699, 53.332943, 2.300381 ], [ 6.495721, 53.332941, 2.316753 ], [ 6.495742, 53.332939, 2.32552 ], [ 6.495762, 53.332937, 2.326322 ], [ 6.495782, 53.332936, 2.328152 ], [ 6.495801, 53.332935, 2.319566 ], [ 6.49582, 53.332934, 2.3113 ], [ 6.49584, 53.332933, 2.29603 ], [ 6.495862, 53.332931, 2.278815 ], [ 6.495884, 53.332929, 2.2603 ], [ 6.495905, 53.332926, 2.230302 ], [ 6.495926, 53.332923, 2.214239 ], [ 6.495946, 53.332922, 2.205304 ], [ 6.495967, 53.332921, 2.192184 ], [ 6.49599, 53.33292, 2.188361 ], [ 6.496012, 53.332918, 2.178969 ], [ 6.496035, 53.332916, 2.162269 ], [ 6.496057, 53.332914, 2.148138 ], [ 6.496078, 53.332911, 2.128857 ], [ 6.496099, 53.332909, 2.103594 ], [ 6.496121, 53.332907, 2.07589 ], [ 6.496142, 53.332905, 2.046902 ], [ 6.496166, 53.332903, 2.01614 ], [ 6.496189, 53.332903, 1.994117 ], [ 6.49621, 53.332903, 1.968741 ], [ 6.496231, 53.332903, 1.938747 ], [ 6.496252, 53.332904, 1.903478 ], [ 6.496272, 53.332904, 1.854449 ], [ 6.496291, 53.332903, 1.819486 ], [ 6.496311, 53.332902, 1.779467 ], [ 6.496331, 53.3329, 1.736939 ], [ 6.496351, 53.332898, 1.703287 ], [ 6.496371, 53.332896, 1.680153 ], [ 6.496391, 53.332894, 1.658058 ], [ 6.49641, 53.332893, 1.631224 ], [ 6.49643, 53.332891, 1.603096 ], [ 6.49645, 53.332888, 1.580767 ], [ 6.49647, 53.332884, 1.559426 ], [ 6.496491, 53.33288, 1.540809 ], [ 6.496513, 53.332877, 1.524411 ], [ 6.496535, 53.332874, 1.509951 ], [ 6.496557, 53.332872, 1.497072 ], [ 6.496578, 53.33287, 1.48527 ], [ 6.496597, 53.332868, 1.471007 ], [ 6.496613, 53.332868, 1.453046 ], [ 6.496622, 53.332868, 1.439765 ], [ 6.496623, 53.332869, 1.42879 ], [ 6.496621, 53.33287, 1.420742 ], [ 6.496617, 53.332871, 1.413825 ], [ 6.496615, 53.332872, 1.404353 ], [ 6.496614, 53.332873, 1.394434 ], [ 6.496615, 53.332873, 1.386565 ], [ 6.496618, 53.332874, 1.372219 ], [ 6.496627, 53.332874, 1.354582 ], [ 6.496642, 53.332874, 1.340727 ], [ 6.496662, 53.332873, 1.32175 ], [ 6.496685, 53.332871, 1.295849 ], [ 6.49671, 53.33287, 1.273169 ], [ 6.496736, 53.332868, 1.248664 ], [ 6.496761, 53.332867, 1.221158 ], [ 6.496786, 53.332865, 1.19355 ], [ 6.49681, 53.332864, 1.166761 ], [ 6.496834, 53.332863, 1.139085 ], [ 6.496857, 53.332862, 1.11562 ], [ 6.49688, 53.332861, 1.09606 ], [ 6.496902, 53.33286, 1.079989 ], [ 6.496924, 53.332859, 1.063765 ], [ 6.496946, 53.332858, 1.052709 ], [ 6.496967, 53.332856, 1.036663 ], [ 6.496989, 53.332855, 1.024037 ], [ 6.497011, 53.332853, 1.017485 ], [ 6.497033, 53.332852, 1.017937 ], [ 6.497056, 53.33285, 1.008265 ], [ 6.497078, 53.332849, 0.99138 ], [ 6.497101, 53.332847, 0.983205 ], [ 6.497124, 53.332845, 0.983399 ], [ 6.497146, 53.332843, 0.982375 ], [ 6.497167, 53.332842, 0.980337 ], [ 6.49719, 53.332841, 0.977517 ], [ 6.497212, 53.332841, 0.982416 ], [ 6.497234, 53.33284, 0.990313 ], [ 6.497255, 53.332839, 1.003124 ], [ 6.497276, 53.332838, 1.020663 ], [ 6.497297, 53.332837, 1.042893 ], [ 6.497318, 53.332837, 1.065368 ], [ 6.49734, 53.332836, 1.091428 ], [ 6.497363, 53.332835, 1.124876 ], [ 6.497385, 53.332833, 1.142868 ], [ 6.497407, 53.332832, 1.163189 ], [ 6.497428, 53.33283, 1.190591 ], [ 6.497449, 53.332828, 1.212135 ], [ 6.497473, 53.332825, 1.224966 ], [ 6.497497, 53.332823, 1.236544 ], [ 6.497521, 53.332821, 1.243591 ], [ 6.497545, 53.33282, 1.241977 ], [ 6.497569, 53.332819, 1.236123 ], [ 6.497593, 53.332819, 1.2294 ], [ 6.497616, 53.332818, 1.224438 ], [ 6.497638, 53.332818, 1.209479 ], [ 6.49766, 53.332817, 1.197939 ], [ 6.497682, 53.332815, 1.195889 ], [ 6.497704, 53.332814, 1.191276 ], [ 6.497726, 53.332813, 1.187515 ], [ 6.497748, 53.332812, 1.190697 ], [ 6.497769, 53.332811, 1.192256 ], [ 6.49779, 53.33281, 1.18745 ], [ 6.497811, 53.332807, 1.181504 ], [ 6.497832, 53.332805, 1.18319 ], [ 6.497855, 53.332802, 1.181856 ], [ 6.497879, 53.332799, 1.191629 ], [ 6.497902, 53.332797, 1.21021 ], [ 6.497925, 53.332794, 1.220955 ], [ 6.497947, 53.332793, 1.231197 ], [ 6.497969, 53.332791, 1.255689 ], [ 6.497991, 53.33279, 1.267379 ], [ 6.498011, 53.332789, 1.273324 ], [ 6.498031, 53.332788, 1.286222 ], [ 6.498051, 53.332788, 1.307122 ], [ 6.498068, 53.332788, 1.328406 ], [ 6.498085, 53.332789, 1.351575 ], [ 6.498101, 53.33279, 1.37462 ], [ 6.498119, 53.332791, 1.394959 ], [ 6.498138, 53.332791, 1.397408 ], [ 6.498159, 53.33279, 1.389956 ], [ 6.498181, 53.332788, 1.384471 ], [ 6.498203, 53.332786, 1.36488 ], [ 6.498224, 53.332784, 1.339163 ], [ 6.498245, 53.332782, 1.317757 ], [ 6.498267, 53.33278, 1.282195 ], [ 6.498288, 53.332778, 1.253361 ], [ 6.498309, 53.332777, 1.221258 ], [ 6.498329, 53.332777, 1.190162 ], [ 6.498349, 53.332776, 1.144983 ], [ 6.498367, 53.332776, 1.097101 ], [ 6.498385, 53.332776, 1.04899 ], [ 6.498404, 53.332776, 0.993978 ], [ 6.498424, 53.332776, 0.938065 ], [ 6.498446, 53.332775, 0.884668 ], [ 6.498469, 53.332774, 0.829694 ], [ 6.49849, 53.332773, 0.775304 ], [ 6.498512, 53.332772, 0.71396 ], [ 6.498533, 53.332772, 0.653968 ], [ 6.498554, 53.332772, 0.597458 ], [ 6.498573, 53.332771, 0.545011 ], [ 6.498591, 53.332771, 0.49709 ], [ 6.49861, 53.33277, 0.45668 ], [ 6.498631, 53.332769, 0.419763 ], [ 6.498652, 53.332767, 0.373517 ], [ 6.498674, 53.332766, 0.346064 ], [ 6.498695, 53.332766, 0.305977 ], [ 6.498715, 53.332767, 0.268473 ], [ 6.498734, 53.332768, 0.232412 ], [ 6.498753, 53.332769, 0.196235 ], [ 6.49877, 53.33277, 0.170737 ], [ 6.498784, 53.332771, 0.131034 ], [ 6.498794, 53.332771, 0.096085 ], [ 6.498804, 53.332772, 0.060058 ], [ 6.498816, 53.332774, 0.017606 ], [ 6.498832, 53.332774, -0.007653 ], [ 6.498851, 53.332774, -0.039577 ], [ 6.498871, 53.332773, -0.07212 ], [ 6.498893, 53.332771, -0.092957 ], [ 6.498913, 53.332768, -0.107658 ], [ 6.498933, 53.332765, -0.116418 ], [ 6.498951, 53.332761, -0.119247 ], [ 6.498968, 53.332757, -0.109228 ], [ 6.498986, 53.332753, -0.09108 ], [ 6.499006, 53.33275, -0.072372 ], [ 6.499028, 53.332746, -0.052916 ], [ 6.499051, 53.332745, -0.021322 ], [ 6.499073, 53.332744, 0.012264 ], [ 6.499096, 53.332745, 0.050081 ], [ 6.499119, 53.332746, 0.085028 ], [ 6.499141, 53.332746, 0.114438 ], [ 6.499162, 53.332746, 0.164426 ], [ 6.499183, 53.332746, 0.201483 ], [ 6.499202, 53.332747, 0.23555 ], [ 6.499222, 53.332747, 0.277541 ], [ 6.499243, 53.332747, 0.317137 ], [ 6.499265, 53.332747, 0.351658 ], [ 6.499287, 53.332747, 0.390314 ], [ 6.49931, 53.332746, 0.426385 ], [ 6.499333, 53.332744, 0.4733 ], [ 6.499356, 53.332742, 0.52504 ], [ 6.49938, 53.33274, 0.582115 ], [ 6.499403, 53.332738, 0.623888 ], [ 6.499425, 53.332737, 0.665204 ], [ 6.499447, 53.332735, 0.709952 ], [ 6.499469, 53.332732, 0.745785 ], [ 6.499491, 53.332729, 0.782747 ], [ 6.499512, 53.332726, 0.813053 ], [ 6.499535, 53.332723, 0.836512 ], [ 6.499557, 53.332719, 0.862827 ], [ 6.499579, 53.332714, 0.888954 ], [ 6.499599, 53.332711, 0.904704 ], [ 6.49962, 53.332709, 0.908759 ], [ 6.49964, 53.332708, 0.903941 ], [ 6.49966, 53.332708, 0.90289 ], [ 6.499682, 53.332708, 0.9012 ], [ 6.499702, 53.332709, 0.894141 ], [ 6.499722, 53.332709, 0.891155 ], [ 6.499741, 53.332709, 0.882777 ], [ 6.49976, 53.332709, 0.870064 ], [ 6.499779, 53.332709, 0.860732 ], [ 6.4998, 53.332708, 0.853813 ], [ 6.49982, 53.332708, 0.844432 ], [ 6.49984, 53.332707, 0.829888 ], [ 6.49986, 53.332705, 0.811526 ], [ 6.499881, 53.332704, 0.791321 ], [ 6.499902, 53.332702, 0.774859 ], [ 6.499924, 53.332701, 0.755586 ], [ 6.499945, 53.332699, 0.735168 ], [ 6.499967, 53.332697, 0.710318 ], [ 6.499989, 53.332695, 0.698612 ], [ 6.500012, 53.332694, 0.692182 ], [ 6.500035, 53.332693, 0.681133 ], [ 6.500058, 53.332692, 0.665876 ], [ 6.50008, 53.33269, 0.651523 ], [ 6.500102, 53.332689, 0.636862 ], [ 6.500125, 53.332688, 0.623314 ], [ 6.500148, 53.332687, 0.609851 ], [ 6.500171, 53.332687, 0.597816 ], [ 6.500193, 53.332687, 0.587473 ], [ 6.500215, 53.332687, 0.576157 ], [ 6.500237, 53.332686, 0.564039 ], [ 6.500259, 53.332685, 0.55711 ], [ 6.500279, 53.332685, 0.54955 ], [ 6.500299, 53.332684, 0.554991 ], [ 6.500318, 53.332684, 0.560771 ], [ 6.500336, 53.332684, 0.57022 ], [ 6.500356, 53.332683, 0.573203 ], [ 6.500376, 53.332682, 0.592228 ], [ 6.500398, 53.332682, 0.606688 ], [ 6.500421, 53.332681, 0.62326 ], [ 6.500443, 53.332681, 0.640442 ], [ 6.500466, 53.332682, 0.654919 ], [ 6.500488, 53.332682, 0.671787 ], [ 6.50051, 53.332683, 0.68195 ], [ 6.500531, 53.332685, 0.694744 ], [ 6.500552, 53.332687, 0.697569 ], [ 6.500572, 53.332689, 0.708281 ], [ 6.500591, 53.33269, 0.715926 ], [ 6.50061, 53.33269, 0.729681 ], [ 6.500629, 53.33269, 0.751746 ], [ 6.500649, 53.332691, 0.763355 ], [ 6.500668, 53.332691, 0.773495 ], [ 6.500689, 53.332691, 0.778736 ], [ 6.50071, 53.332691, 0.77814 ], [ 6.50073, 53.33269, 0.782913 ], [ 6.50075, 53.332689, 0.792167 ], [ 6.50077, 53.332686, 0.79008 ], [ 6.500791, 53.332683, 0.786403 ], [ 6.500811, 53.33268, 0.781699 ], [ 6.500829, 53.332676, 0.777817 ], [ 6.500847, 53.332672, 0.771751 ], [ 6.500866, 53.332668, 0.767219 ], [ 6.500886, 53.332664, 0.755809 ], [ 6.500908, 53.33266, 0.739209 ], [ 6.500931, 53.332657, 0.723496 ], [ 6.500954, 53.332654, 0.706784 ], [ 6.500976, 53.332652, 0.690859 ], [ 6.500999, 53.332651, 0.677343 ], [ 6.501021, 53.332649, 0.667301 ], [ 6.501045, 53.332647, 0.651038 ], [ 6.501068, 53.332646, 0.656605 ], [ 6.50109, 53.332644, 0.66491 ], [ 6.50111, 53.332644, 0.671965 ], [ 6.50113, 53.332643, 0.680864 ], [ 6.501151, 53.332643, 0.688064 ], [ 6.501173, 53.332641, 0.697253 ], [ 6.501195, 53.33264, 0.711171 ], [ 6.501217, 53.332639, 0.72416 ], [ 6.501239, 53.332638, 0.737658 ], [ 6.501261, 53.332636, 0.752872 ], [ 6.501283, 53.332635, 0.769953 ], [ 6.501305, 53.332633, 0.789749 ], [ 6.501326, 53.332631, 0.806641 ], [ 6.501348, 53.33263, 0.824646 ], [ 6.50137, 53.332629, 0.843513 ], [ 6.50139, 53.332629, 0.85776 ], [ 6.50141, 53.332628, 0.873389 ], [ 6.501431, 53.332626, 0.879906 ], [ 6.501452, 53.332625, 0.886917 ], [ 6.501474, 53.332623, 0.886681 ], [ 6.501496, 53.332621, 0.888012 ], [ 6.501518, 53.33262, 0.886772 ], [ 6.501539, 53.332619, 0.884806 ], [ 6.501559, 53.332619, 0.882777 ], [ 6.501579, 53.332618, 0.886415 ], [ 6.501599, 53.332619, 0.888683 ], [ 6.50162, 53.332619, 0.893159 ], [ 6.501641, 53.33262, 0.899965 ], [ 6.501662, 53.33262, 0.913779 ], [ 6.501683, 53.33262, 0.935051 ], [ 6.501703, 53.33262, 0.953015 ], [ 6.501724, 53.332619, 0.97347 ], [ 6.501744, 53.332618, 0.993747 ], [ 6.501766, 53.332617, 1.016351 ], [ 6.501788, 53.332615, 1.042397 ], [ 6.50181, 53.332614, 1.07347 ], [ 6.501832, 53.332613, 1.104819 ], [ 6.501854, 53.332612, 1.142504 ], [ 6.501875, 53.332612, 1.179983 ], [ 6.501896, 53.332612, 1.217749 ], [ 6.501916, 53.332612, 1.256002 ], [ 6.501936, 53.332613, 1.291546 ], [ 6.501956, 53.332613, 1.321671 ], [ 6.501977, 53.332614, 1.359281 ], [ 6.501998, 53.332613, 1.389078 ], [ 6.502019, 53.332612, 1.423306 ], [ 6.502042, 53.332611, 1.44722 ], [ 6.502065, 53.33261, 1.466889 ], [ 6.502088, 53.332609, 1.475992 ], [ 6.50211, 53.332608, 1.486789 ], [ 6.502132, 53.332608, 1.491644 ], [ 6.502154, 53.332608, 1.492639 ], [ 6.502176, 53.332609, 1.49973 ], [ 6.502197, 53.33261, 1.501419 ], [ 6.502218, 53.332611, 1.500874 ], [ 6.502239, 53.332611, 1.509841 ], [ 6.50226, 53.332611, 1.524386 ], [ 6.502282, 53.33261, 1.537552 ], [ 6.502304, 53.332609, 1.565598 ], [ 6.502326, 53.332607, 1.593972 ], [ 6.502349, 53.332606, 1.623544 ], [ 6.502371, 53.332605, 1.66084 ], [ 6.502393, 53.332605, 1.703968 ], [ 6.502415, 53.332604, 1.74161 ], [ 6.502438, 53.332605, 1.778087 ], [ 6.502461, 53.332604, 1.811961 ], [ 6.502484, 53.332604, 1.846727 ], [ 6.502505, 53.332603, 1.87531 ], [ 6.502526, 53.332603, 1.903789 ], [ 6.502547, 53.332603, 1.921083 ], [ 6.502568, 53.332603, 1.920445 ], [ 6.502589, 53.332603, 1.922806 ], [ 6.502609, 53.332604, 1.918837 ], [ 6.502629, 53.332606, 1.906591 ], [ 6.502649, 53.332608, 1.884484 ], [ 6.502669, 53.332612, 1.857322 ], [ 6.502689, 53.332615, 1.83873 ], [ 6.502709, 53.332618, 1.812753 ], [ 6.502728, 53.332619, 1.785988 ], [ 6.502749, 53.332618, 1.762525 ], [ 6.50277, 53.332618, 1.747305 ], [ 6.502792, 53.332617, 1.729448 ], [ 6.502814, 53.332615, 1.706395 ], [ 6.502836, 53.332614, 1.687512 ], [ 6.502858, 53.332614, 1.667721 ], [ 6.502879, 53.332614, 1.645502 ], [ 6.502901, 53.332615, 1.628629 ], [ 6.502923, 53.332615, 1.6096 ], [ 6.502946, 53.332616, 1.603097 ], [ 6.502968, 53.332616, 1.586209 ], [ 6.502991, 53.332615, 1.57128 ], [ 6.503014, 53.332615, 1.550788 ], [ 6.503037, 53.332615, 1.524301 ], [ 6.503059, 53.332615, 1.497159 ], [ 6.50308, 53.332616, 1.460523 ], [ 6.503102, 53.332617, 1.421562 ], [ 6.503124, 53.332617, 1.382755 ], [ 6.50315, 53.332616, 1.347681 ], [ 6.503175, 53.332614, 1.310122 ], [ 6.503194, 53.332614, 1.271548 ], [ 6.503211, 53.332615, 1.233457 ], [ 6.503228, 53.332615, 1.198473 ], [ 6.503246, 53.332616, 1.179031 ], [ 6.503266, 53.332617, 1.164534 ], [ 6.503286, 53.332619, 1.146934 ], [ 6.503307, 53.33262, 1.126721 ], [ 6.503327, 53.332622, 1.109065 ], [ 6.503346, 53.332624, 1.09573 ], [ 6.503366, 53.332626, 1.084997 ], [ 6.503387, 53.332627, 1.068528 ], [ 6.503409, 53.332629, 1.05877 ], [ 6.503431, 53.332631, 1.052876 ], [ 6.503453, 53.332633, 1.03482 ], [ 6.503474, 53.332635, 1.033959 ], [ 6.503495, 53.332636, 1.031939 ], [ 6.503515, 53.332638, 1.026762 ], [ 6.503536, 53.33264, 1.018612 ], [ 6.503557, 53.332641, 1.011588 ], [ 6.503576, 53.332642, 1.00813 ], [ 6.503596, 53.332644, 1.004183 ], [ 6.503617, 53.332646, 0.997897 ], [ 6.50364, 53.332649, 0.993673 ], [ 6.503662, 53.332651, 0.987756 ], [ 6.503684, 53.332653, 0.978187 ], [ 6.503706, 53.332655, 0.967918 ], [ 6.503728, 53.332657, 0.949601 ], [ 6.50375, 53.332659, 0.929823 ], [ 6.503771, 53.33266, 0.918133 ], [ 6.503794, 53.33266, 0.921443 ], [ 6.503818, 53.332659, 0.924599 ], [ 6.50384, 53.332659, 0.928183 ], [ 6.503861, 53.332659, 0.933778 ], [ 6.503882, 53.332661, 0.945583 ], [ 6.503902, 53.332662, 0.963044 ], [ 6.503922, 53.332664, 0.982388 ], [ 6.503942, 53.332666, 1.000442 ], [ 6.503963, 53.332667, 1.024089 ], [ 6.503984, 53.332669, 1.058766 ], [ 6.504009, 53.332671, 1.096529 ], [ 6.504034, 53.332672, 1.145298 ], [ 6.504056, 53.332674, 1.190972 ], [ 6.504077, 53.332675, 1.216573 ], [ 6.504099, 53.332676, 1.248982 ], [ 6.504121, 53.332677, 1.273214 ], [ 6.504143, 53.332676, 1.285109 ], [ 6.504164, 53.332676, 1.295041 ], [ 6.504185, 53.332675, 1.294364 ], [ 6.504207, 53.332675, 1.293038 ], [ 6.504228, 53.332675, 1.288489 ], [ 6.504248, 53.332676, 1.290814 ], [ 6.504269, 53.332677, 1.279194 ], [ 6.504289, 53.33268, 1.256201 ], [ 6.504307, 53.332682, 1.218051 ], [ 6.504326, 53.332685, 1.179457 ], [ 6.504344, 53.332687, 1.135067 ], [ 6.504364, 53.332689, 1.096859 ], [ 6.504384, 53.33269, 1.060859 ], [ 6.504406, 53.332691, 1.03041 ], [ 6.504427, 53.332691, 0.99824 ], [ 6.504448, 53.332692, 0.96922 ], [ 6.504468, 53.332694, 0.934425 ], [ 6.504487, 53.332696, 0.901453 ], [ 6.504505, 53.332699, 0.869614 ], [ 6.504526, 53.332702, 0.844977 ], [ 6.504548, 53.332703, 0.818383 ], [ 6.504571, 53.332704, 0.807177 ], [ 6.504593, 53.332705, 0.797848 ], [ 6.504614, 53.332706, 0.795328 ], [ 6.504636, 53.332707, 0.799057 ], [ 6.504657, 53.332708, 0.801321 ], [ 6.504678, 53.332709, 0.80684 ], [ 6.5047, 53.332711, 0.810865 ], [ 6.504722, 53.332713, 0.833647 ], [ 6.504744, 53.332714, 0.847106 ], [ 6.504767, 53.332714, 0.871452 ], [ 6.504789, 53.332715, 0.903923 ], [ 6.50481, 53.332716, 0.939032 ], [ 6.504832, 53.332716, 0.969727 ], [ 6.504852, 53.332717, 0.986158 ], [ 6.504873, 53.332717, 1.003747 ], [ 6.504894, 53.332718, 1.01569 ], [ 6.504916, 53.332718, 1.023984 ], [ 6.504938, 53.332719, 1.033657 ], [ 6.50496, 53.33272, 1.041813 ], [ 6.504983, 53.332721, 1.043953 ], [ 6.505005, 53.332721, 1.047844 ], [ 6.505026, 53.332722, 1.057208 ], [ 6.505046, 53.332723, 1.051364 ], [ 6.505064, 53.332725, 1.056435 ], [ 6.505081, 53.332726, 1.058 ], [ 6.505098, 53.332727, 1.054134 ], [ 6.505116, 53.332727, 1.047064 ], [ 6.505136, 53.332727, 1.041676 ], [ 6.505156, 53.332727, 1.045801 ], [ 6.505177, 53.332727, 1.060836 ], [ 6.505198, 53.332728, 1.071304 ], [ 6.505219, 53.332728, 1.081765 ], [ 6.50524, 53.332729, 1.095316 ], [ 6.50526, 53.332729, 1.109779 ], [ 6.50528, 53.33273, 1.126507 ], [ 6.5053, 53.33273, 1.120486 ], [ 6.505317, 53.332731, 1.111904 ], [ 6.505335, 53.332731, 1.10012 ], [ 6.505353, 53.332732, 1.088086 ], [ 6.505373, 53.332732, 1.073727 ], [ 6.505395, 53.332734, 1.060991 ], [ 6.505417, 53.332736, 1.04046 ], [ 6.505438, 53.332738, 1.008637 ], [ 6.505457, 53.332742, 0.985924 ], [ 6.505476, 53.332745, 0.952866 ], [ 6.505494, 53.332748, 0.92145 ], [ 6.505512, 53.332751, 0.880231 ], [ 6.505533, 53.332753, 0.834948 ], [ 6.505556, 53.332755, 0.791092 ], [ 6.505579, 53.332757, 0.751275 ], [ 6.5056, 53.33276, 0.714484 ], [ 6.50562, 53.332762, 0.6828 ], [ 6.505639, 53.332765, 0.654531 ], [ 6.505657, 53.332767, 0.628391 ], [ 6.505675, 53.33277, 0.608052 ], [ 6.505696, 53.332772, 0.593698 ], [ 6.505718, 53.332773, 0.584041 ], [ 6.50574, 53.332774, 0.58238 ], [ 6.505762, 53.332774, 0.599392 ], [ 6.505784, 53.332775, 0.61777 ], [ 6.505806, 53.332775, 0.631733 ], [ 6.505829, 53.332775, 0.653884 ], [ 6.505852, 53.332774, 0.676694 ], [ 6.505875, 53.332772, 0.708676 ], [ 6.505899, 53.332772, 0.7518 ], [ 6.505922, 53.332772, 0.801962 ], [ 6.505946, 53.332772, 0.856488 ], [ 6.50597, 53.332773, 0.902395 ], [ 6.505993, 53.332775, 0.943794 ], [ 6.506015, 53.332776, 0.973098 ], [ 6.506036, 53.332778, 0.999172 ], [ 6.506056, 53.332779, 1.021545 ], [ 6.506077, 53.33278, 1.034017 ], [ 6.506098, 53.332781, 1.04074 ], [ 6.50612, 53.332782, 1.046875 ], [ 6.506142, 53.332783, 1.057436 ], [ 6.506163, 53.332784, 1.067616 ], [ 6.506183, 53.332787, 1.057782 ], [ 6.506202, 53.332789, 1.052828 ], [ 6.506219, 53.332793, 1.051657 ], [ 6.506237, 53.332795, 1.052628 ], [ 6.506256, 53.332797, 1.055018 ], [ 6.506275, 53.332797, 1.066626 ], [ 6.506295, 53.332797, 1.088308 ], [ 6.506317, 53.332795, 1.116487 ], [ 6.50634, 53.332793, 1.144759 ], [ 6.506361, 53.332791, 1.191359 ], [ 6.506382, 53.33279, 1.242127 ], [ 6.506403, 53.33279, 1.293947 ], [ 6.506425, 53.33279, 1.333559 ], [ 6.506447, 53.332791, 1.377827 ], [ 6.506468, 53.332792, 1.410832 ], [ 6.506489, 53.332792, 1.442129 ], [ 6.50651, 53.332793, 1.456209 ], [ 6.50653, 53.332793, 1.463203 ], [ 6.50655, 53.332795, 1.472188 ], [ 6.506569, 53.332797, 1.474723 ], [ 6.506588, 53.332799, 1.465341 ], [ 6.506607, 53.332801, 1.44377 ], [ 6.506625, 53.332802, 1.414366 ], [ 6.506644, 53.332803, 1.38171 ], [ 6.506664, 53.332805, 1.35359 ], [ 6.506683, 53.332807, 1.316757 ], [ 6.506701, 53.332809, 1.291765 ], [ 6.506719, 53.332811, 1.272953 ], [ 6.506736, 53.332813, 1.241646 ], [ 6.506753, 53.332815, 1.231074 ], [ 6.50677, 53.332815, 1.216391 ], [ 6.506788, 53.332816, 1.203299 ], [ 6.506807, 53.332816, 1.202196 ], [ 6.506827, 53.332816, 1.20251 ], [ 6.506845, 53.332815, 1.202259 ], [ 6.506863, 53.332815, 1.213624 ], [ 6.506882, 53.332814, 1.223583 ], [ 6.506904, 53.332814, 1.238089 ], [ 6.506926, 53.332813, 1.257213 ], [ 6.506949, 53.332813, 1.273843 ], [ 6.506971, 53.332813, 1.298316 ], [ 6.50699, 53.332813, 1.324596 ], [ 6.507007, 53.332813, 1.365562 ], [ 6.507024, 53.332813, 1.413545 ], [ 6.507044, 53.332813, 1.460205 ], [ 6.507066, 53.332812, 1.509386 ], [ 6.50709, 53.332811, 1.558853 ], [ 6.507115, 53.332809, 1.612555 ], [ 6.507141, 53.332808, 1.659363 ], [ 6.507166, 53.332807, 1.706847 ], [ 6.50719, 53.332807, 1.74579 ], [ 6.507214, 53.332806, 1.792332 ], [ 6.50724, 53.332806, 1.841748 ], [ 6.507265, 53.332806, 1.887709 ], [ 6.507288, 53.332806, 1.924562 ], [ 6.50731, 53.332806, 1.951339 ], [ 6.507333, 53.332807, 1.966556 ], [ 6.507354, 53.332808, 1.974927 ], [ 6.507375, 53.332809, 1.978555 ], [ 6.507396, 53.33281, 1.972999 ], [ 6.507419, 53.332811, 1.969737 ], [ 6.507441, 53.332811, 1.960875 ], [ 6.507464, 53.33281, 1.963882 ], [ 6.507486, 53.332808, 1.973428 ], [ 6.507508, 53.332806, 1.979426 ], [ 6.50753, 53.332805, 1.978169 ], [ 6.507551, 53.332803, 1.976333 ], [ 6.507573, 53.332802, 1.981167 ], [ 6.507595, 53.3328, 1.997976 ], [ 6.507616, 53.332797, 2.013371 ], [ 6.507637, 53.332794, 2.020161 ], [ 6.507658, 53.332789, 2.019188 ], [ 6.507679, 53.332786, 2.02402 ], [ 6.507701, 53.332783, 2.023826 ], [ 6.507721, 53.332781, 2.012092 ], [ 6.507741, 53.33278, 1.993789 ], [ 6.507761, 53.332779, 1.980057 ], [ 6.507782, 53.332777, 1.969951 ], [ 6.507802, 53.332776, 1.955782 ], [ 6.507822, 53.332774, 1.934598 ], [ 6.507841, 53.332772, 1.902488 ], [ 6.507859, 53.332771, 1.875219 ], [ 6.507877, 53.332769, 1.843492 ], [ 6.507895, 53.332767, 1.819823 ], [ 6.507913, 53.332766, 1.799216 ], [ 6.507933, 53.332764, 1.784368 ], [ 6.507955, 53.332762, 1.76344 ], [ 6.507978, 53.33276, 1.748819 ], [ 6.508002, 53.332757, 1.737932 ], [ 6.508026, 53.332755, 1.725289 ], [ 6.508048, 53.332754, 1.721874 ], [ 6.508071, 53.332752, 1.730071 ], [ 6.508093, 53.33275, 1.759084 ], [ 6.508115, 53.332748, 1.796802 ], [ 6.508136, 53.332746, 1.833434 ], [ 6.508156, 53.332743, 1.884213 ], [ 6.508176, 53.332741, 1.94816 ], [ 6.508196, 53.33274, 2.012075 ], [ 6.508215, 53.332738, 2.074233 ], [ 6.508237, 53.332736, 2.149573 ], [ 6.50826, 53.332733, 2.224796 ], [ 6.508283, 53.332729, 2.308452 ], [ 6.508307, 53.332725, 2.396604 ], [ 6.508332, 53.332723, 2.455895 ], [ 6.508355, 53.332721, 2.502535 ], [ 6.508378, 53.332719, 2.542704 ], [ 6.5084, 53.332719, 2.553364 ], [ 6.508421, 53.332719, 2.554911 ], [ 6.508443, 53.332719, 2.548358 ], [ 6.508464, 53.332719, 2.548494 ], [ 6.508483, 53.332719, 2.548266 ], [ 6.508502, 53.332719, 2.539632 ], [ 6.508521, 53.33272, 2.506338 ], [ 6.508539, 53.332722, 2.481582 ], [ 6.508558, 53.332726, 2.456223 ], [ 6.508577, 53.332729, 2.431872 ], [ 6.508593, 53.332733, 2.401149 ], [ 6.508595, 53.332733, 2.397538 ], [ 6.508613, 53.332737, 2.377164 ], [ 6.50863, 53.332741, 2.385886 ], [ 6.508648, 53.332744, 2.3924 ], [ 6.508666, 53.332746, 2.383368 ], [ 6.508686, 53.332748, 2.364305 ], [ 6.508706, 53.332749, 2.344633 ], [ 6.508727, 53.33275, 2.33218 ], [ 6.508748, 53.332751, 2.320537 ], [ 6.508767, 53.332753, 2.285261 ], [ 6.508785, 53.332756, 2.268895 ], [ 6.508804, 53.332758, 2.231316 ], [ 6.508825, 53.332759, 2.208591 ], [ 6.508847, 53.332761, 2.189092 ], [ 6.50887, 53.332763, 2.1618 ], [ 6.508893, 53.332765, 2.117594 ], [ 6.508914, 53.332767, 2.082925 ], [ 6.508934, 53.332769, 2.042543 ], [ 6.508954, 53.33277, 1.987984 ], [ 6.508974, 53.332771, 1.943199 ], [ 6.508995, 53.332772, 1.898737 ], [ 6.509015, 53.332774, 1.85559 ], [ 6.509037, 53.332776, 1.821209 ], [ 6.509059, 53.332778, 1.798962 ], [ 6.509081, 53.332781, 1.764386 ], [ 6.509101, 53.332784, 1.714829 ], [ 6.509119, 53.332786, 1.66524 ], [ 6.509137, 53.332789, 1.623239 ], [ 6.509155, 53.332792, 1.580204 ], [ 6.509173, 53.332794, 1.541161 ], [ 6.509195, 53.332797, 1.487227 ], [ 6.509213, 53.332799, 1.442409 ], [ 6.509233, 53.332802, 1.403996 ], [ 6.509253, 53.332804, 1.361862 ], [ 6.509273, 53.332807, 1.323359 ], [ 6.509291, 53.332809, 1.293185 ], [ 6.509309, 53.332811, 1.262333 ], [ 6.509328, 53.332813, 1.236069 ], [ 6.509348, 53.332815, 1.203938 ], [ 6.509368, 53.332817, 1.168516 ], [ 6.509389, 53.332818, 1.139949 ], [ 6.509409, 53.332819, 1.113708 ], [ 6.509429, 53.33282, 1.090824 ], [ 6.509449, 53.332821, 1.065437 ], [ 6.50947, 53.332822, 1.054059 ], [ 6.509491, 53.332823, 1.030809 ], [ 6.509511, 53.332823, 1.016715 ], [ 6.509531, 53.332824, 1.002307 ], [ 6.509549, 53.332826, 0.976504 ], [ 6.509567, 53.332828, 0.9575 ], [ 6.509586, 53.332831, 0.947034 ], [ 6.509605, 53.332834, 0.93247 ], [ 6.509624, 53.332836, 0.919553 ], [ 6.509642, 53.33284, 0.90803 ], [ 6.509659, 53.332843, 0.91145 ], [ 6.509677, 53.332846, 0.912421 ], [ 6.509696, 53.332849, 0.927513 ], [ 6.509717, 53.332851, 0.939367 ], [ 6.509739, 53.332853, 0.948473 ], [ 6.509759, 53.332855, 0.956778 ], [ 6.509779, 53.332856, 0.966741 ], [ 6.509798, 53.332858, 0.98654 ], [ 6.509819, 53.33286, 1.008107 ], [ 6.50984, 53.33286, 1.031563 ], [ 6.509861, 53.332861, 1.050392 ], [ 6.509882, 53.332862, 1.067387 ], [ 6.509902, 53.332863, 1.086976 ], [ 6.509921, 53.332866, 1.105786 ], [ 6.509941, 53.332868, 1.137774 ], [ 6.509961, 53.332872, 1.17026 ], [ 6.509981, 53.332875, 1.202148 ], [ 6.510002, 53.332878, 1.234021 ], [ 6.510022, 53.332881, 1.25738 ], [ 6.510043, 53.332883, 1.270758 ], [ 6.510065, 53.332885, 1.274013 ], [ 6.510087, 53.332888, 1.304983 ], [ 6.510108, 53.33289, 1.326315 ], [ 6.510129, 53.332892, 1.346564 ], [ 6.51015, 53.332894, 1.366016 ], [ 6.510171, 53.332896, 1.379103 ], [ 6.510193, 53.332898, 1.385386 ], [ 6.510215, 53.3329, 1.383152 ], [ 6.510237, 53.332901, 1.388007 ], [ 6.510259, 53.332903, 1.384185 ], [ 6.510279, 53.332905, 1.38596 ], [ 6.510299, 53.332908, 1.385702 ], [ 6.510319, 53.33291, 1.381774 ], [ 6.510341, 53.332912, 1.380237 ], [ 6.510363, 53.332913, 1.374036 ], [ 6.510385, 53.332915, 1.371624 ], [ 6.510406, 53.332918, 1.378088 ], [ 6.510427, 53.33292, 1.392255 ], [ 6.510447, 53.332923, 1.407678 ], [ 6.510466, 53.332926, 1.421583 ], [ 6.510487, 53.332928, 1.4606 ], [ 6.510508, 53.332929, 1.504249 ], [ 6.51053, 53.332931, 1.551368 ], [ 6.510552, 53.332933, 1.596019 ], [ 6.510574, 53.332935, 1.637093 ], [ 6.510595, 53.332936, 1.683151 ], [ 6.510617, 53.332937, 1.719079 ], [ 6.51064, 53.332939, 1.757991 ], [ 6.510661, 53.332941, 1.800121 ], [ 6.510682, 53.332944, 1.849083 ], [ 6.510703, 53.332947, 1.894444 ], [ 6.510724, 53.33295, 1.931974 ], [ 6.510745, 53.332953, 1.963041 ], [ 6.510766, 53.332956, 2.003157 ], [ 6.510786, 53.332958, 2.047802 ], [ 6.510806, 53.332962, 2.103188 ], [ 6.510827, 53.332965, 2.163104 ], [ 6.510848, 53.33297, 2.225235 ], [ 6.510868, 53.332977, 2.28528 ], [ 6.510888, 53.332984, 2.343608 ], [ 6.510908, 53.332991, 2.410898 ], [ 6.510928, 53.332997, 2.489203 ], [ 6.510948, 53.333004, 2.563437 ], [ 6.510967, 53.333013, 2.634324 ], [ 6.510984, 53.333023, 2.708468 ], [ 6.510997, 53.333035, 2.789507 ], [ 6.511007, 53.333048, 2.866169 ], [ 6.511014, 53.333061, 2.947905 ], [ 6.511019, 53.333075, 3.029472 ], [ 6.511023, 53.333088, 3.112528 ], [ 6.511028, 53.333101, 3.186061 ], [ 6.51103, 53.333115, 3.249975 ], [ 6.511031, 53.333129, 3.309324 ], [ 6.511031, 53.333143, 3.363284 ], [ 6.511029, 53.333157, 3.415997 ], [ 6.511027, 53.333171, 3.45281 ], [ 6.511024, 53.333186, 3.491245 ], [ 6.511022, 53.333201, 3.528579 ], [ 6.511021, 53.333215, 3.562939 ], [ 6.511021, 53.333229, 3.585314 ], [ 6.511021, 53.333242, 3.604218 ], [ 6.511022, 53.333255, 3.614855 ], [ 6.511023, 53.333268, 3.620255 ], [ 6.511023, 53.33328, 3.627564 ], [ 6.511023, 53.333292, 3.626591 ], [ 6.511022, 53.333305, 3.625043 ], [ 6.51102, 53.333317, 3.609821 ], [ 6.511019, 53.333329, 3.596403 ], [ 6.511017, 53.333342, 3.585077 ], [ 6.511015, 53.333355, 3.567199 ], [ 6.511011, 53.333368, 3.545255 ], [ 6.511008, 53.333382, 3.520709 ], [ 6.511002, 53.333394, 3.493366 ], [ 6.510995, 53.333407, 3.462266 ], [ 6.510987, 53.333419, 3.42441 ], [ 6.510978, 53.333431, 3.377669 ], [ 6.510968, 53.333443, 3.340024 ], [ 6.510956, 53.333454, 3.291497 ], [ 6.510944, 53.333465, 3.251383 ], [ 6.510931, 53.333476, 3.222967 ], [ 6.510918, 53.333487, 3.187284 ], [ 6.510904, 53.333497, 3.145278 ], [ 6.51089, 53.333507, 3.093675 ], [ 6.510878, 53.333517, 3.043385 ], [ 6.510866, 53.333526, 3.000603 ], [ 6.510857, 53.333535, 2.94517 ], [ 6.51085, 53.333545, 2.891408 ], [ 6.510845, 53.333556, 2.830367 ], [ 6.510843, 53.333568, 2.767258 ], [ 6.510842, 53.33358, 2.70424 ], [ 6.510844, 53.333591, 2.640573 ], [ 6.510849, 53.3336, 2.575178 ], [ 6.510859, 53.333606, 2.51409 ], [ 6.510872, 53.333612, 2.453389 ], [ 6.510889, 53.333617, 2.389505 ], [ 6.510908, 53.33362, 2.318989 ], [ 6.510928, 53.333622, 2.252141 ], [ 6.510948, 53.333622, 2.183089 ], [ 6.510968, 53.33362, 2.118646 ], [ 6.510988, 53.333616, 2.060087 ], [ 6.511009, 53.333612, 2.015019 ], [ 6.511028, 53.333609, 1.969451 ], [ 6.511048, 53.333606, 1.929681 ], [ 6.511068, 53.333603, 1.896628 ], [ 6.511089, 53.333599, 1.87063 ], [ 6.511109, 53.333596, 1.845549 ], [ 6.511129, 53.333592, 1.830216 ], [ 6.51115, 53.333589, 1.833915 ], [ 6.511172, 53.333586, 1.847492 ], [ 6.511195, 53.333585, 1.86268 ], [ 6.51122, 53.333583, 1.87557 ], [ 6.511245, 53.333582, 1.881009 ], [ 6.511269, 53.333581, 1.873791 ], [ 6.511293, 53.333579, 1.878986 ], [ 6.511317, 53.333579, 1.895107 ], [ 6.51134, 53.333578, 1.910421 ], [ 6.511363, 53.333578, 1.91565 ], [ 6.511384, 53.333577, 1.889341 ], [ 6.511404, 53.333577, 1.848219 ], [ 6.511422, 53.333577, 1.802312 ], [ 6.511438, 53.333575, 1.750537 ], [ 6.511454, 53.333573, 1.681887 ], [ 6.51147, 53.333571, 1.619312 ], [ 6.51149, 53.333569, 1.542845 ], [ 6.511512, 53.333567, 1.46468 ], [ 6.511533, 53.333565, 1.408065 ], [ 6.51155, 53.333564, 1.35988 ], [ 6.51156, 53.333564, 1.332198 ], [ 6.511566, 53.333566, 1.318247 ], [ 6.511571, 53.333568, 1.307433 ], [ 6.511576, 53.333571, 1.309543 ], [ 6.511583, 53.333576, 1.325389 ], [ 6.511589, 53.333583, 1.348046 ], [ 6.511594, 53.33359, 1.386169 ], [ 6.511595, 53.333596, 1.432811 ], [ 6.511592, 53.3336, 1.482007 ], [ 6.511586, 53.333603, 1.535711 ], [ 6.511581, 53.333605, 1.589202 ], [ 6.511579, 53.333606, 1.645541 ], [ 6.511581, 53.333605, 1.702118 ], [ 6.511587, 53.333604, 1.737516 ], [ 6.511595, 53.333602, 1.748765 ], [ 6.511606, 53.3336, 1.752334 ], [ 6.511619, 53.333598, 1.750526 ], [ 6.511632, 53.333597, 1.743366 ], [ 6.511646, 53.333597, 1.730016 ], [ 6.511661, 53.333598, 1.704304 ], [ 6.511677, 53.3336, 1.678782 ], [ 6.511691, 53.333603, 1.636738 ], [ 6.511704, 53.33361, 1.606075 ], [ 6.511715, 53.333617, 1.568691 ], [ 6.511728, 53.333625, 1.535953 ], [ 6.511742, 53.333633, 1.506985 ], [ 6.511756, 53.33364, 1.482531 ], [ 6.511771, 53.333647, 1.46346 ], [ 6.511786, 53.333655, 1.449681 ], [ 6.511803, 53.333661, 1.439378 ], [ 6.511821, 53.333665, 1.430894 ], [ 6.511838, 53.333667, 1.428413 ], [ 6.511853, 53.333668, 1.42684 ], [ 6.511863, 53.333667, 1.427729 ], [ 6.511868, 53.333666, 1.430102 ], [ 6.51187, 53.333664, 1.42904 ], [ 6.51187, 53.333663, 1.427496 ], [ 6.51187, 53.333662, 1.42313 ], [ 6.51187, 53.333662, 1.420381 ], [ 6.51187, 53.333661, 1.420325 ], [ 6.511871, 53.333661, 1.425065 ], [ 6.511872, 53.33366, 1.42838 ], [ 6.511874, 53.33366, 1.452348 ], [ 6.511877, 53.333659, 1.491265 ], [ 6.511881, 53.333659, 1.52349 ], [ 6.511888, 53.333659, 1.575421 ], [ 6.511898, 53.333659, 1.614684 ], [ 6.511912, 53.33366, 1.666312 ], [ 6.511928, 53.33366, 1.731584 ], [ 6.511946, 53.333659, 1.8137 ], [ 6.511966, 53.333657, 1.897553 ], [ 6.511988, 53.333653, 1.986982 ], [ 6.512012, 53.33365, 2.087943 ], [ 6.512036, 53.333647, 2.180071 ], [ 6.512061, 53.333646, 2.273476 ], [ 6.512084, 53.333644, 2.355048 ], [ 6.512105, 53.333643, 2.4375 ], [ 6.512124, 53.333642, 2.522535 ], [ 6.512143, 53.33364, 2.597173 ], [ 6.512163, 53.333638, 2.668913 ], [ 6.512183, 53.333637, 2.718606 ], [ 6.512204, 53.333636, 2.75978 ], [ 6.512224, 53.333634, 2.792411 ], [ 6.512243, 53.333633, 2.818013 ], [ 6.51226, 53.33363, 2.83338 ], [ 6.512277, 53.333627, 2.837256 ], [ 6.512295, 53.333624, 2.830709 ], [ 6.512313, 53.33362, 2.814459 ], [ 6.51233, 53.333617, 2.790903 ], [ 6.512347, 53.333613, 2.768411 ], [ 6.512364, 53.333607, 2.741943 ], [ 6.512378, 53.333599, 2.720648 ], [ 6.51239, 53.333591, 2.688378 ], [ 6.512399, 53.333582, 2.651306 ], [ 6.512407, 53.333573, 2.629662 ], [ 6.512414, 53.333563, 2.610491 ], [ 6.512421, 53.333553, 2.594737 ], [ 6.512429, 53.333542, 2.577193 ], [ 6.512439, 53.333529, 2.57499 ], [ 6.51245, 53.333516, 2.580714 ], [ 6.512461, 53.333504, 2.588676 ], [ 6.512471, 53.333493, 2.604855 ], [ 6.51248, 53.333482, 2.636174 ], [ 6.512488, 53.333472, 2.663956 ], [ 6.512497, 53.333461, 2.692215 ], [ 6.512506, 53.33345, 2.730544 ], [ 6.512514, 53.333439, 2.781867 ], [ 6.51252, 53.33343, 2.836483 ], [ 6.512524, 53.333425, 2.892936 ], [ 6.512526, 53.333421, 2.951207 ], [ 6.512526, 53.333417, 3.009322 ], [ 6.512526, 53.333412, 3.064122 ], [ 6.512526, 53.333404, 3.100172 ], [ 6.512528, 53.333396, 3.127363 ], [ 6.51253, 53.333387, 3.161523 ], [ 6.512534, 53.333378, 3.194117 ], [ 6.51254, 53.33337, 3.209422 ], [ 6.512549, 53.333363, 3.216977 ], [ 6.512562, 53.333358, 3.218662 ], [ 6.512578, 53.333355, 3.206864 ], [ 6.512597, 53.333355, 3.180237 ], [ 6.512617, 53.333355, 3.147428 ], [ 6.512637, 53.333355, 3.123795 ], [ 6.512657, 53.333355, 3.080447 ], [ 6.512677, 53.333353, 3.037696 ], [ 6.512698, 53.333351, 2.98948 ], [ 6.512717, 53.333348, 2.940493 ], [ 6.512737, 53.333345, 2.901896 ], [ 6.512757, 53.333343, 2.876665 ], [ 6.512777, 53.333342, 2.849773 ], [ 6.512796, 53.333343, 2.818216 ], [ 6.512814, 53.333346, 2.783413 ], [ 6.512828, 53.333351, 2.758955 ], [ 6.512838, 53.333359, 2.741078 ], [ 6.512843, 53.333369, 2.723311 ], [ 6.512845, 53.33338, 2.705369 ], [ 6.512845, 53.333391, 2.686157 ], [ 6.512845, 53.333403, 2.666614 ], [ 6.512845, 53.333415, 2.648836 ], [ 6.512844, 53.333427, 2.645748 ], [ 6.512843, 53.333438, 2.652239 ], [ 6.512841, 53.333449, 2.651437 ], [ 6.512838, 53.33346, 2.639329 ], [ 6.512836, 53.33347, 2.621716 ], [ 6.512834, 53.333482, 2.601725 ], [ 6.512831, 53.333494, 2.58993 ], [ 6.512827, 53.333507, 2.576783 ], [ 6.512823, 53.33352, 2.554507 ], [ 6.512821, 53.333533, 2.535451 ], [ 6.512819, 53.333545, 2.508729 ], [ 6.512818, 53.333557, 2.479946 ], [ 6.512816, 53.33357, 2.444443 ], [ 6.512814, 53.333582, 2.427735 ], [ 6.512813, 53.333594, 2.403702 ], [ 6.512812, 53.333606, 2.372759 ], [ 6.51281, 53.333617, 2.337154 ], [ 6.512809, 53.333628, 2.303429 ], [ 6.512809, 53.333639, 2.268 ], [ 6.512811, 53.33365, 2.237629 ], [ 6.512815, 53.333662, 2.204574 ], [ 6.51282, 53.333673, 2.173737 ], [ 6.512826, 53.333685, 2.162181 ], [ 6.51283, 53.333696, 2.148788 ], [ 6.512834, 53.333706, 2.137255 ], [ 6.512837, 53.333716, 2.112936 ], [ 6.51284, 53.333726, 2.098659 ], [ 6.512842, 53.333737, 2.08805 ], [ 6.512844, 53.333748, 2.06927 ], [ 6.512846, 53.33376, 2.065706 ], [ 6.512848, 53.333772, 2.066999 ], [ 6.512851, 53.333784, 2.092688 ], [ 6.512855, 53.333795, 2.104899 ], [ 6.512862, 53.333805, 2.117895 ], [ 6.512873, 53.333814, 2.138754 ], [ 6.512887, 53.33382, 2.156521 ], [ 6.512903, 53.333825, 2.19258 ], [ 6.51292, 53.333828, 2.220569 ], [ 6.512938, 53.33383, 2.241284 ], [ 6.512958, 53.333831, 2.272302 ], [ 6.512979, 53.333832, 2.320155 ], [ 6.513002, 53.333832, 2.360685 ], [ 6.513024, 53.333831, 2.406126 ], [ 6.513046, 53.33383, 2.445258 ], [ 6.513066, 53.333829, 2.491495 ], [ 6.513084, 53.333829, 2.538589 ], [ 6.513103, 53.333828, 2.582318 ], [ 6.513121, 53.333828, 2.621072 ], [ 6.513141, 53.333826, 2.651956 ], [ 6.513161, 53.333823, 2.684526 ], [ 6.513181, 53.333818, 2.715794 ], [ 6.513199, 53.333811, 2.748234 ], [ 6.513215, 53.333802, 2.785649 ], [ 6.513229, 53.333792, 2.809544 ], [ 6.513239, 53.333781, 2.832948 ], [ 6.513244, 53.333768, 2.847772 ], [ 6.513245, 53.333755, 2.861913 ], [ 6.513244, 53.333742, 2.886585 ], [ 6.513241, 53.333729, 2.89779 ], [ 6.513238, 53.333718, 2.911078 ], [ 6.513235, 53.333708, 2.931032 ], [ 6.513234, 53.333698, 2.961297 ], [ 6.513235, 53.333687, 2.987574 ], [ 6.513237, 53.333676, 3.014896 ], [ 6.51324, 53.333665, 3.034111 ], [ 6.513244, 53.333653, 3.051328 ], [ 6.51325, 53.333641, 3.065903 ], [ 6.513257, 53.333631, 3.082608 ], [ 6.513264, 53.333622, 3.089204 ], [ 6.513273, 53.333614, 3.102059 ], [ 6.513283, 53.333607, 3.10132 ], [ 6.513292, 53.333602, 3.092186 ], [ 6.5133, 53.333598, 3.093828 ], [ 6.513306, 53.333596, 3.102289 ], [ 6.513312, 53.333596, 3.105007 ], [ 6.513318, 53.333595, 3.099392 ], [ 6.513326, 53.333594, 3.088213 ], [ 6.513335, 53.333591, 3.085448 ], [ 6.513345, 53.333587, 3.089867 ], [ 6.513356, 53.333582, 3.123275 ], [ 6.513367, 53.333576, 3.157351 ], [ 6.513379, 53.333569, 3.181875 ], [ 6.513391, 53.33356, 3.208469 ], [ 6.513402, 53.333552, 3.243833 ], [ 6.513413, 53.333543, 3.285963 ], [ 6.513425, 53.333533, 3.315762 ], [ 6.513438, 53.333524, 3.347549 ], [ 6.513451, 53.333514, 3.373684 ], [ 6.513466, 53.333504, 3.394253 ], [ 6.51348, 53.333494, 3.407563 ], [ 6.513495, 53.333484, 3.42593 ], [ 6.51351, 53.333476, 3.440187 ], [ 6.513525, 53.333469, 3.450086 ], [ 6.51354, 53.333462, 3.465633 ], [ 6.513552, 53.333456, 3.484774 ], [ 6.513563, 53.333451, 3.503525 ], [ 6.513574, 53.333446, 3.51574 ], [ 6.513584, 53.333443, 3.528808 ], [ 6.513593, 53.333441, 3.535964 ], [ 6.513601, 53.33344, 3.534822 ], [ 6.513607, 53.333439, 3.52787 ], [ 6.513611, 53.33344, 3.515434 ], [ 6.513614, 53.33344, 3.510318 ], [ 6.513617, 53.333441, 3.491766 ], [ 6.51362, 53.333442, 3.477618 ], [ 6.513622, 53.333442, 3.441804 ], [ 6.513623, 53.333443, 3.395752 ], [ 6.513623, 53.333443, 3.351647 ], [ 6.513622, 53.333443, 3.287432 ], [ 6.513623, 53.333441, 3.237094 ], [ 6.513625, 53.333439, 3.184878 ], [ 6.51363, 53.333435, 3.141968 ], [ 6.513638, 53.333429, 3.099117 ], [ 6.513648, 53.333423, 3.043137 ], [ 6.513659, 53.333417, 3.005548 ], [ 6.513673, 53.33341, 2.976285 ], [ 6.513687, 53.333403, 2.931785 ], [ 6.513701, 53.333396, 2.886778 ], [ 6.513714, 53.333389, 2.867666 ], [ 6.513728, 53.333383, 2.838564 ], [ 6.513742, 53.333377, 2.812034 ], [ 6.513755, 53.333371, 2.784525 ], [ 6.513769, 53.333366, 2.753939 ], [ 6.513783, 53.333362, 2.734988 ], [ 6.513798, 53.333359, 2.727094 ], [ 6.513813, 53.333358, 2.72421 ], [ 6.513826, 53.333359, 2.70026 ], [ 6.513838, 53.333362, 2.680571 ], [ 6.513851, 53.333363, 2.65192 ], [ 6.513868, 53.333363, 2.641674 ], [ 6.513886, 53.333363, 2.616173 ], [ 6.513904, 53.333364, 2.595746 ], [ 6.513922, 53.333366, 2.568174 ], [ 6.51394, 53.333369, 2.555308 ], [ 6.513956, 53.333372, 2.536322 ], [ 6.513972, 53.333375, 2.513839 ], [ 6.513989, 53.333378, 2.504845 ], [ 6.514005, 53.33338, 2.49742 ], [ 6.514021, 53.333382, 2.494475 ], [ 6.514038, 53.333385, 2.493487 ], [ 6.514057, 53.333386, 2.515858 ], [ 6.514076, 53.333388, 2.52776 ], [ 6.514095, 53.33339, 2.525887 ], [ 6.514115, 53.333393, 2.524274 ], [ 6.514134, 53.333396, 2.526572 ], [ 6.514154, 53.3334, 2.538534 ], [ 6.514173, 53.333404, 2.538827 ], [ 6.514191, 53.333408, 2.545847 ], [ 6.514209, 53.333412, 2.552378 ], [ 6.514226, 53.333417, 2.546371 ], [ 6.514244, 53.33342, 2.554004 ], [ 6.514263, 53.333423, 2.552986 ], [ 6.514282, 53.333425, 2.542778 ], [ 6.514302, 53.333426, 2.515229 ], [ 6.514323, 53.333427, 2.485048 ], [ 6.514343, 53.333428, 2.456298 ], [ 6.514363, 53.333428, 2.445007 ], [ 6.514382, 53.333429, 2.424138 ], [ 6.514401, 53.33343, 2.391979 ], [ 6.514419, 53.333431, 2.350303 ], [ 6.514436, 53.333433, 2.308595 ], [ 6.514451, 53.333433, 2.262608 ], [ 6.514467, 53.333433, 2.222171 ], [ 6.514483, 53.333434, 2.17885 ], [ 6.514499, 53.333434, 2.133266 ], [ 6.514517, 53.333434, 2.082744 ], [ 6.514537, 53.333435, 2.042613 ], [ 6.514559, 53.333435, 2.018249 ], [ 6.514582, 53.333435, 2.004653 ], [ 6.514604, 53.333435, 1.986878 ], [ 6.514627, 53.333435, 1.980219 ], [ 6.51465, 53.333435, 1.984699 ], [ 6.514672, 53.333435, 1.996882 ], [ 6.514695, 53.333434, 2.0229 ], [ 6.514717, 53.333434, 2.064587 ], [ 6.514737, 53.333435, 2.116264 ], [ 6.514757, 53.333436, 2.176294 ], [ 6.514778, 53.333437, 2.243126 ], [ 6.514797, 53.333439, 2.312335 ], [ 6.514814, 53.333441, 2.3836 ], [ 6.514826, 53.333443, 2.460244 ], [ 6.514833, 53.333445, 2.525469 ], [ 6.514835, 53.333447, 2.58989 ], [ 6.514836, 53.333447, 2.656488 ], [ 6.514837, 53.333448, 2.719273 ], [ 6.514838, 53.333448, 2.779666 ], [ 6.514838, 53.333448, 2.834519 ], [ 6.514837, 53.333448, 2.883453 ], [ 6.514835, 53.333449, 2.92095 ], [ 6.514834, 53.33345, 2.943697 ], [ 6.514833, 53.333451, 2.976794 ], [ 6.514831, 53.333453, 2.994537 ], [ 6.51483, 53.333454, 2.998981 ], [ 6.514829, 53.333454, 2.995121 ], [ 6.514828, 53.333454, 2.986271 ], [ 6.514829, 53.333452, 2.961797 ], [ 6.514829, 53.33345, 2.940415 ], [ 6.51483, 53.333445, 2.908206 ], [ 6.51483, 53.333439, 2.879582 ], [ 6.514829, 53.33343, 2.844968 ], [ 6.514828, 53.333421, 2.814966 ], [ 6.514827, 53.33341, 2.789694 ], [ 6.514826, 53.3334, 2.75701 ], [ 6.514826, 53.333389, 2.72391 ], [ 6.514827, 53.333378, 2.684633 ], [ 6.514831, 53.333368, 2.648197 ], [ 6.514837, 53.333358, 2.640247 ], [ 6.514844, 53.333347, 2.62902 ], [ 6.514852, 53.333336, 2.625593 ], [ 6.514858, 53.333325, 2.627955 ], [ 6.514864, 53.333315, 2.642366 ], [ 6.514866, 53.333304, 2.656183 ], [ 6.514868, 53.333295, 2.668478 ], [ 6.51487, 53.333285, 2.691483 ], [ 6.514872, 53.333276, 2.722372 ], [ 6.514876, 53.333266, 2.756737 ], [ 6.514878, 53.333255, 2.774775 ], [ 6.51488, 53.333245, 2.802084 ], [ 6.514881, 53.333235, 2.819809 ], [ 6.514883, 53.333224, 2.840865 ], [ 6.514887, 53.333215, 2.843772 ], [ 6.514891, 53.333206, 2.844147 ], [ 6.514897, 53.333197, 2.836944 ], [ 6.514901, 53.333188, 2.816928 ], [ 6.514905, 53.333179, 2.806785 ], [ 6.514907, 53.333169, 2.790248 ], [ 6.514908, 53.333159, 2.77402 ], [ 6.514908, 53.333148, 2.749323 ], [ 6.514907, 53.333135, 2.727327 ], [ 6.514905, 53.333121, 2.69198 ], [ 6.514903, 53.333108, 2.651938 ], [ 6.5149, 53.333094, 2.622146 ], [ 6.514897, 53.33308, 2.607088 ], [ 6.514893, 53.333067, 2.588726 ], [ 6.514889, 53.333055, 2.57246 ], [ 6.514886, 53.333044, 2.55333 ], [ 6.514883, 53.333035, 2.530716 ], [ 6.514881, 53.333026, 2.503059 ], [ 6.51488, 53.333018, 2.483066 ], [ 6.514879, 53.33301, 2.470061 ], [ 6.514877, 53.333001, 2.45984 ], [ 6.514875, 53.332992, 2.451585 ], [ 6.514872, 53.332981, 2.433623 ], [ 6.514869, 53.332969, 2.411788 ], [ 6.514866, 53.332956, 2.385017 ], [ 6.514863, 53.332943, 2.362022 ], [ 6.514859, 53.332932, 2.340197 ], [ 6.514854, 53.332922, 2.319494 ], [ 6.514849, 53.332912, 2.300017 ], [ 6.514844, 53.332902, 2.277023 ], [ 6.514839, 53.332892, 2.255808 ], [ 6.514834, 53.332882, 2.233111 ], [ 6.514828, 53.332872, 2.216216 ], [ 6.514822, 53.332863, 2.207165 ], [ 6.514817, 53.332854, 2.192789 ], [ 6.514812, 53.332845, 2.182909 ], [ 6.514809, 53.332836, 2.172069 ], [ 6.514807, 53.332827, 2.147057 ], [ 6.514807, 53.332818, 2.123241 ], [ 6.514806, 53.332809, 2.114492 ], [ 6.514805, 53.332802, 2.093597 ], [ 6.514801, 53.332794, 2.077577 ], [ 6.514796, 53.332786, 2.068951 ], [ 6.514791, 53.332777, 2.052318 ], [ 6.514787, 53.332768, 2.031933 ], [ 6.514785, 53.33276, 2.029407 ], [ 6.514782, 53.332752, 2.01191 ], [ 6.514779, 53.332743, 1.999211 ], [ 6.514775, 53.332735, 1.984148 ], [ 6.514771, 53.332725, 1.978719 ], [ 6.514766, 53.332716, 1.972762 ], [ 6.514761, 53.332706, 1.968845 ], [ 6.514757, 53.332695, 1.976327 ], [ 6.514754, 53.332685, 1.975886 ], [ 6.514751, 53.332675, 1.983213 ], [ 6.514749, 53.332665, 1.999541 ], [ 6.514748, 53.332655, 2.00802 ], [ 6.514748, 53.332647, 2.023696 ], [ 6.51475, 53.33264, 2.050709 ], [ 6.514753, 53.332635, 2.069801 ], [ 6.514756, 53.332631, 2.089205 ], [ 6.514758, 53.332625, 2.100095 ], [ 6.514759, 53.332616, 2.130743 ], [ 6.514758, 53.332606, 2.153423 ], [ 6.514757, 53.332597, 2.172596 ], [ 6.514756, 53.332589, 2.192988 ], [ 6.514753, 53.332581, 2.211352 ], [ 6.514749, 53.332572, 2.222374 ], [ 6.514744, 53.332562, 2.237901 ], [ 6.514737, 53.332552, 2.263606 ], [ 6.514731, 53.332543, 2.287812 ], [ 6.514727, 53.332535, 2.310737 ], [ 6.514724, 53.332529, 2.345772 ], [ 6.514722, 53.332525, 2.371798 ], [ 6.51472, 53.332522, 2.393774 ], [ 6.514718, 53.332517, 2.419733 ], [ 6.514715, 53.33251, 2.450819 ], [ 6.514711, 53.332501, 2.474508 ], [ 6.514707, 53.332492, 2.502274 ], [ 6.514702, 53.332481, 2.531863 ], [ 6.514697, 53.33247, 2.559816 ], [ 6.514692, 53.33246, 2.5865 ], [ 6.514688, 53.332451, 2.611154 ], [ 6.514685, 53.332442, 2.633613 ], [ 6.514683, 53.332436, 2.654029 ], [ 6.514683, 53.332433, 2.672657 ], [ 6.514685, 53.332432, 2.689645 ], [ 6.514689, 53.332433, 2.705112 ], [ 6.514693, 53.332434, 2.719192 ], [ 6.514697, 53.332436, 2.731923 ], [ 6.5147, 53.332437, 2.743284 ], [ 6.514702, 53.332438, 2.749989 ], [ 6.514704, 53.332439, 2.750964 ], [ 6.514704, 53.332439, 2.74761 ], [ 6.514705, 53.33244, 2.746394 ], [ 6.514705, 53.33244, 2.748198 ], [ 6.514705, 53.33244, 2.746893 ], [ 6.514705, 53.332441, 2.744678 ], [ 6.514705, 53.332442, 2.741718 ], [ 6.514705, 53.332443, 2.738283 ], [ 6.514705, 53.332444, 2.744786 ], [ 6.514705, 53.332446, 2.750649 ], [ 6.514704, 53.332448, 2.758688 ], [ 6.514703, 53.332449, 2.777728 ], [ 6.514703, 53.332449, 2.801068 ], [ 6.514703, 53.332449, 2.828505 ], [ 6.514703, 53.332449, 2.858811 ], [ 6.514704, 53.332449, 2.892296 ], [ 6.514705, 53.332448, 2.92484 ], [ 6.514707, 53.332446, 2.962069 ], [ 6.514709, 53.332444, 2.999873 ], [ 6.51471, 53.332442, 3.036038 ], [ 6.514712, 53.33244, 3.070961 ], [ 6.514712, 53.332439, 3.102552 ], [ 6.514713, 53.332438, 3.124964 ], [ 6.514713, 53.332438, 3.127259 ], [ 6.514713, 53.332438, 3.114885 ], [ 6.514712, 53.332438, 3.093751 ], [ 6.514711, 53.332438, 3.0636 ], [ 6.51471, 53.332438, 3.027741 ], [ 6.514708, 53.332438, 2.986703 ], [ 6.514707, 53.332437, 2.938074 ], [ 6.514705, 53.332435, 2.873362 ], [ 6.514702, 53.33243, 2.812669 ], [ 6.514698, 53.332422, 2.740138 ], [ 6.514695, 53.332413, 2.661749 ], [ 6.514691, 53.332403, 2.590661 ], [ 6.514685, 53.332394, 2.507931 ], [ 6.514678, 53.332385, 2.428664 ], [ 6.51467, 53.332378, 2.359359 ], [ 6.514661, 53.33237, 2.285908 ], [ 6.514653, 53.332363, 2.224793 ], [ 6.514645, 53.332355, 2.164679 ], [ 6.514638, 53.332346, 2.107852 ], [ 6.514631, 53.332338, 2.0524 ], [ 6.514624, 53.332329, 2.005129 ], [ 6.514617, 53.33232, 1.964729 ], [ 6.51461, 53.332312, 1.944855 ], [ 6.514603, 53.332303, 1.928071 ], [ 6.514595, 53.332295, 1.911025 ], [ 6.514587, 53.332287, 1.904526 ], [ 6.514579, 53.332279, 1.90291 ], [ 6.51457, 53.332271, 1.910596 ], [ 6.514559, 53.332263, 1.914102 ], [ 6.514549, 53.332255, 1.935291 ], [ 6.514539, 53.332247, 1.962166 ], [ 6.51453, 53.332238, 1.995419 ], [ 6.514519, 53.332228, 2.019782 ], [ 6.514509, 53.332219, 2.048864 ], [ 6.514499, 53.332209, 2.082606 ], [ 6.51449, 53.332199, 2.11786 ], [ 6.514483, 53.33219, 2.153514 ], [ 6.514478, 53.332181, 2.189097 ], [ 6.514475, 53.332173, 2.224171 ], [ 6.514473, 53.332165, 2.258271 ], [ 6.514472, 53.332157, 2.290853 ], [ 6.514472, 53.33215, 2.321494 ], [ 6.514471, 53.332144, 2.35382 ], [ 6.514472, 53.332139, 2.376783 ], [ 6.514473, 53.332135, 2.416883 ], [ 6.514475, 53.332134, 2.454704 ], [ 6.514477, 53.332133, 2.485594 ], [ 6.514479, 53.332133, 2.516243 ], [ 6.514481, 53.332132, 2.542139 ], [ 6.514484, 53.332132, 2.553614 ], [ 6.514488, 53.332131, 2.575096 ], [ 6.514494, 53.332129, 2.589198 ], [ 6.514501, 53.332125, 2.595982 ], [ 6.51451, 53.33212, 2.593221 ], [ 6.514522, 53.332115, 2.5858 ], [ 6.514534, 53.332109, 2.570246 ], [ 6.514546, 53.332103, 2.555602 ], [ 6.51456, 53.332098, 2.538698 ], [ 6.514574, 53.332094, 2.524915 ], [ 6.514589, 53.332091, 2.510026 ], [ 6.514604, 53.33209, 2.491898 ], [ 6.514619, 53.332088, 2.473919 ], [ 6.514635, 53.332088, 2.458955 ], [ 6.51465, 53.332088, 2.445541 ], [ 6.514661, 53.332089, 2.43432 ], [ 6.514668, 53.332091, 2.427996 ], [ 6.514671, 53.332092, 2.422758 ], [ 6.514673, 53.332094, 2.423527 ], [ 6.514674, 53.332095, 2.410858 ], [ 6.514674, 53.332097, 2.403397 ], [ 6.514675, 53.332098, 2.395845 ], [ 6.514673, 53.3321, 2.388543 ], [ 6.51467, 53.332103, 2.3806 ], [ 6.514666, 53.332104, 2.369989 ], [ 6.51466, 53.332106, 2.3662 ], [ 6.514655, 53.332108, 2.354046 ], [ 6.514651, 53.332109, 2.33558 ], [ 6.51465, 53.33211, 2.329191 ], [ 6.514651, 53.332112, 2.319096 ], [ 6.514655, 53.332113, 2.308693 ], [ 6.514659, 53.332115, 2.299839 ], [ 6.514662, 53.332117, 2.29169 ], [ 6.514664, 53.332118, 2.283674 ], [ 6.514665, 53.332119, 2.286635 ], [ 6.514664, 53.332121, 2.280476 ], [ 6.514662, 53.332122, 2.274781 ], [ 6.514659, 53.332124, 2.264678 ], [ 6.514656, 53.332125, 2.261413 ], [ 6.514651, 53.332128, 2.25916 ], [ 6.514644, 53.33213, 2.257704 ], [ 6.514635, 53.332132, 2.256666 ], [ 6.514614, 53.332132, 2.260703 ], [ 6.514593, 53.332133, 2.267707 ], [ 6.51457, 53.332133, 2.277306 ], [ 6.514548, 53.332133, 2.290132 ], [ 6.514526, 53.332132, 2.305886 ], [ 6.514505, 53.332132, 2.324639 ], [ 6.514487, 53.332131, 2.346242 ], [ 6.514475, 53.332131, 2.36014 ], [ 6.514466, 53.332131, 2.378397 ], [ 6.514459, 53.332131, 2.399338 ], [ 6.514452, 53.332131, 2.418401 ], [ 6.514445, 53.332131, 2.436623 ], [ 6.514439, 53.332132, 2.457688 ], [ 6.514434, 53.332133, 2.482966 ], [ 6.514432, 53.332134, 2.495369 ], [ 6.514432, 53.332135, 2.498973 ], [ 6.514435, 53.332138, 2.505594 ], [ 6.514439, 53.33214, 2.493269 ], [ 6.514445, 53.332143, 2.491124 ], [ 6.514453, 53.332147, 2.490698 ], [ 6.514462, 53.33215, 2.511722 ], [ 6.514472, 53.332154, 2.547366 ], [ 6.514483, 53.332159, 2.578878 ], [ 6.514495, 53.332163, 2.621473 ], [ 6.514508, 53.332166, 2.667416 ], [ 6.514521, 53.332169, 2.716411 ], [ 6.514535, 53.332172, 2.768152 ], [ 6.514547, 53.332175, 2.822288 ], [ 6.514557, 53.332176, 2.893739 ], [ 6.514564, 53.332176, 2.967543 ], [ 6.51457, 53.332175, 3.042949 ], [ 6.514574, 53.332174, 3.119135 ], [ 6.514576, 53.332171, 3.195301 ], [ 6.514576, 53.332168, 3.260125 ], [ 6.514575, 53.332164, 3.324548 ], [ 6.514575, 53.332161, 3.397645 ], [ 6.514574, 53.332159, 3.468192 ], [ 6.514573, 53.332156, 3.535901 ], [ 6.514572, 53.332153, 3.600527 ], [ 6.51457, 53.332151, 3.661867 ], [ 6.514569, 53.332149, 3.719782 ], [ 6.514568, 53.332147, 3.774205 ], [ 6.514567, 53.332145, 3.825127 ], [ 6.514566, 53.332143, 3.872588 ], [ 6.514565, 53.332142, 3.916663 ], [ 6.514564, 53.332141, 3.957438 ], [ 6.514564, 53.33214, 3.995001 ], [ 6.514563, 53.33214, 4.029458 ], [ 6.514563, 53.332139, 4.060931 ], [ 6.514563, 53.332139, 4.089555 ], [ 6.514563, 53.332139, 4.115477 ], [ 6.514563, 53.332139, 4.138847 ], [ 6.514563, 53.332139, 4.159822 ], [ 6.514563, 53.332139, 4.178559 ], [ 6.514562, 53.332138, 4.195259 ], [ 6.514562, 53.332138, 4.210417 ], [ 6.514562, 53.332138, 4.223712 ], [ 6.514562, 53.332138, 4.236781 ], [ 6.514562, 53.332138, 4.24822 ], [ 6.514562, 53.332138, 4.258152 ], [ 6.514562, 53.332138, 4.267413 ], [ 6.514562, 53.332138, 4.275442 ], [ 6.514562, 53.332138, 4.282983 ], [ 6.514562, 53.332138, 4.289559 ], [ 6.514562, 53.332138, 4.294692 ], [ 6.514562, 53.332138, 4.294253 ], [ 6.514562, 53.332138, 4.299193 ], [ 6.514562, 53.332138, 4.303804 ], [ 6.514562, 53.332138, 4.306442 ], [ 6.514565, 53.33214, 3.970279 ], [ 6.51457, 53.332142, 3.891965 ], [ 6.514575, 53.332144, 3.838803 ], [ 6.51458, 53.332146, 3.793796 ], [ 6.514586, 53.332149, 3.752087 ], [ 6.514593, 53.332152, 3.711977 ], [ 6.514601, 53.332156, 3.672965 ], [ 6.51461, 53.33216, 3.63511 ], [ 6.51462, 53.332164, 3.598758 ], [ 6.514629, 53.332168, 3.564387 ], [ 6.514638, 53.332172, 3.53122 ], [ 6.514644, 53.332175, 3.500425 ], [ 6.514649, 53.332177, 3.472215 ], [ 6.514652, 53.332178, 3.4507 ], [ 6.514654, 53.332179, 3.43222 ], [ 6.514655, 53.33218, 3.416505 ], [ 6.514656, 53.33218, 3.403308 ], [ 6.514657, 53.332181, 3.392381 ], [ 6.514658, 53.332181, 3.383481 ], [ 6.514658, 53.332181, 3.376371 ], [ 6.514659, 53.332181, 3.370829 ], [ 6.514659, 53.332181, 3.366646 ], [ 6.514659, 53.332181, 3.363629 ], [ 6.514659, 53.332181, 3.361597 ], [ 6.514659, 53.332181, 3.36038 ], [ 6.514659, 53.332182, 3.359823 ], [ 6.51466, 53.332182, 3.359786 ], [ 6.51466, 53.332182, 3.360147 ], [ 6.51466, 53.332182, 3.360802 ], [ 6.51466, 53.332182, 3.361662 ], [ 6.51466, 53.332182, 3.362651 ], [ 6.51466, 53.332182, 3.363711 ], [ 6.51466, 53.332182, 3.364793 ], [ 6.51466, 53.332182, 3.365861 ], [ 6.51466, 53.332182, 3.366886 ], [ 6.51466, 53.332182, 3.36785 ], [ 6.51466, 53.332182, 3.368739 ], [ 6.51466, 53.332182, 3.369544 ], [ 6.51466, 53.332182, 3.345229 ], [ 6.514659, 53.332182, 3.315351 ], [ 6.514658, 53.332181, 3.280044 ], [ 6.514656, 53.332181, 3.239325 ], [ 6.514652, 53.33218, 3.193265 ], [ 6.514645, 53.332177, 3.142035 ], [ 6.514634, 53.332174, 3.085965 ], [ 6.514618, 53.332169, 3.026858 ], [ 6.514596, 53.332163, 2.965282 ], [ 6.514569, 53.332155, 2.901856 ], [ 6.51454, 53.332147, 2.83821 ], [ 6.514515, 53.33214, 2.77621 ], [ 6.514495, 53.332134, 2.717454 ], [ 6.514482, 53.332131, 2.663068 ], [ 6.514475, 53.33213, 2.613768 ], [ 6.514471, 53.33213, 2.569936 ], [ 6.514471, 53.332131, 2.531669 ], [ 6.514473, 53.332132, 2.498836 ], [ 6.514475, 53.332134, 2.471129 ], [ 6.514477, 53.332136, 2.448134 ], [ 6.514478, 53.332137, 2.429394 ], [ 6.51448, 53.332138, 2.414439 ], [ 6.51448, 53.332138, 2.402799 ], [ 6.514481, 53.332139, 2.39402 ], [ 6.514482, 53.332139, 2.387675 ], [ 6.514482, 53.332139, 2.383366 ], [ 6.514482, 53.332139, 2.379114 ], [ 6.514482, 53.332139, 2.371326 ], [ 6.514482, 53.33214, 2.36773 ], [ 6.514483, 53.33214, 2.364909 ], [ 6.514483, 53.33214, 2.362397 ], [ 6.514484, 53.33214, 2.360035 ], [ 6.514485, 53.332141, 2.357714 ], [ 6.514486, 53.332142, 2.355378 ], [ 6.514487, 53.332143, 2.35302 ], [ 6.51449, 53.332144, 2.350692 ], [ 6.514493, 53.332146, 2.348504 ], [ 6.514497, 53.332148, 2.346608 ], [ 6.514501, 53.332151, 2.345113 ], [ 6.514503, 53.332152, 2.344018 ], [ 6.514505, 53.332153, 2.343261 ], [ 6.514506, 53.332154, 2.342785 ], [ 6.514507, 53.332155, 2.342535 ], [ 6.514507, 53.332155, 2.342465 ], [ 6.514507, 53.332155, 2.342534 ], [ 6.514507, 53.332155, 2.342707 ], [ 6.514507, 53.332155, 2.342953 ], [ 6.514507, 53.332155, 2.343249 ], [ 6.514507, 53.332155, 2.343573 ], [ 6.514507, 53.332155, 2.34391 ], [ 6.514507, 53.332155, 2.344247 ], [ 6.514507, 53.332155, 2.344573 ], [ 6.514507, 53.332155, 2.344882 ], [ 6.514507, 53.332155, 2.34517 ], [ 6.514507, 53.332155, 2.345432 ], [ 6.514507, 53.332155, 2.345667 ], [ 6.514507, 53.332155, 2.345875 ], [ 6.514507, 53.332155, 2.346057 ], [ 6.514507, 53.332155, 2.346213 ], [ 6.514507, 53.332155, 2.346344 ], [ 6.514507, 53.332155, 2.346454 ], [ 6.514507, 53.332155, 2.346544 ], [ 6.514507, 53.332155, 2.346615 ], [ 6.514507, 53.332155, 2.346671 ], [ 6.514507, 53.332155, 2.346714 ], [ 6.514507, 53.332155, 2.346745 ], [ 6.514507, 53.332155, 2.346766 ], [ 6.514507, 53.332155, 2.346779 ], [ 6.514507, 53.332155, 2.346786 ], [ 6.514507, 53.332155, 2.346788 ], [ 6.514507, 53.332155, 2.346786 ], [ 6.514507, 53.332155, 2.34678 ], [ 6.514507, 53.332155, 2.346773 ], [ 6.514507, 53.332155, 2.346764 ], [ 6.514507, 53.332155, 2.346755 ], [ 6.514507, 53.332155, 2.346745 ], [ 6.514507, 53.332155, 2.346735 ], [ 6.514507, 53.332155, 2.346726 ], [ 6.514507, 53.332155, 2.346717 ], [ 6.514507, 53.332155, 2.346709 ], [ 6.514507, 53.332155, 2.346701 ], [ 6.514507, 53.332155, 2.346694 ], [ 6.514507, 53.332155, 2.344223 ], [ 6.514508, 53.332155, 2.343698 ], [ 6.514508, 53.332155, 2.34317 ], [ 6.514509, 53.332156, 2.342641 ], [ 6.51451, 53.332156, 2.342326 ], [ 6.514511, 53.332157, 2.342444 ], [ 6.514514, 53.332159, 2.34023 ], [ 6.514518, 53.332161, 2.33759 ], [ 6.514523, 53.332164, 2.334614 ], [ 6.51453, 53.332167, 2.331332 ], [ 6.514538, 53.332171, 2.327789 ], [ 6.514544, 53.332174, 2.324015 ], [ 6.514549, 53.332176, 2.320001 ], [ 6.514552, 53.332176, 2.319632 ], [ 6.514555, 53.332176, 2.317282 ], [ 6.514559, 53.332174, 2.315165 ], [ 6.514562, 53.332172, 2.31327 ], [ 6.514565, 53.332169, 2.311724 ], [ 6.514567, 53.332167, 2.310632 ], [ 6.514568, 53.332164, 2.310054 ], [ 6.51457, 53.332161, 2.309999 ], [ 6.514572, 53.332157, 2.310359 ], [ 6.514575, 53.332153, 2.311123 ], [ 6.514578, 53.332148, 2.312204 ], [ 6.514581, 53.332142, 2.313404 ], [ 6.514583, 53.332137, 2.318568 ], [ 6.514585, 53.332133, 2.320553 ], [ 6.514586, 53.33213, 2.322573 ], [ 6.514587, 53.332128, 2.324596 ], [ 6.514587, 53.332126, 2.326594 ], [ 6.514587, 53.332125, 2.32854 ], [ 6.514587, 53.332124, 2.330401 ], [ 6.514587, 53.332124, 2.332141 ], [ 6.514586, 53.332124, 2.333725 ], [ 6.514586, 53.332123, 2.335108 ], [ 6.514585, 53.332123, 2.335683 ], [ 6.514584, 53.332122, 2.336976 ], [ 6.514584, 53.332122, 2.338693 ], [ 6.514583, 53.332121, 2.335192 ], [ 6.514581, 53.332121, 2.33436 ], [ 6.514579, 53.332121, 2.336459 ], [ 6.514576, 53.332121, 2.336566 ], [ 6.514573, 53.332121, 2.337274 ], [ 6.514569, 53.332122, 2.338948 ], [ 6.514564, 53.332122, 2.340987 ], [ 6.514559, 53.332123, 2.343418 ], [ 6.514553, 53.332126, 2.346261 ], [ 6.514547, 53.332129, 2.349523 ], [ 6.514541, 53.332133, 2.353001 ], [ 6.514536, 53.332137, 2.357252 ], [ 6.514532, 53.332142, 2.360772 ], [ 6.514528, 53.332146, 2.364254 ], [ 6.514524, 53.33215, 2.369443 ], [ 6.51452, 53.332154, 2.373968 ], [ 6.514517, 53.332156, 2.375957 ], [ 6.514514, 53.332158, 2.377062 ], [ 6.51451, 53.332159, 2.378599 ], [ 6.514506, 53.332162, 2.380007 ], [ 6.514502, 53.332164, 2.380942 ], [ 6.514498, 53.332166, 2.381434 ], [ 6.514495, 53.332168, 2.385977 ], [ 6.514493, 53.33217, 2.391122 ], [ 6.514492, 53.332172, 2.394167 ], [ 6.514492, 53.332175, 2.393251 ], [ 6.514494, 53.332177, 2.39182 ], [ 6.514497, 53.33218, 2.387127 ], [ 6.5145, 53.332184, 2.383826 ], [ 6.514503, 53.332187, 2.377566 ], [ 6.514505, 53.33219, 2.368634 ], [ 6.514506, 53.332193, 2.358097 ], [ 6.514506, 53.332195, 2.345841 ], [ 6.514506, 53.332196, 2.331811 ], [ 6.514506, 53.332198, 2.316128 ], [ 6.514506, 53.332199, 2.301348 ], [ 6.514505, 53.332201, 2.292642 ], [ 6.514504, 53.332203, 2.285163 ], [ 6.514503, 53.332205, 2.277616 ], [ 6.514503, 53.332207, 2.269961 ], [ 6.514502, 53.332209, 2.264028 ], [ 6.514501, 53.33221, 2.260047 ], [ 6.5145, 53.332211, 2.258105 ], [ 6.514499, 53.332211, 2.258133 ], [ 6.514498, 53.332212, 2.259909 ], [ 6.514499, 53.332212, 2.263055 ], [ 6.5145, 53.332212, 2.267064 ], [ 6.514502, 53.332212, 2.271396 ], [ 6.514503, 53.332212, 2.275674 ], [ 6.514504, 53.332211, 2.279709 ], [ 6.514505, 53.33221, 2.283424 ], [ 6.514505, 53.33221, 2.286787 ], [ 6.514505, 53.332209, 2.289785 ], [ 6.514504, 53.332208, 2.292418 ], [ 6.514504, 53.332208, 2.294697 ], [ 6.514504, 53.332207, 2.296639 ], [ 6.514504, 53.332207, 2.298269 ], [ 6.514504, 53.332207, 2.299613 ], [ 6.514504, 53.332207, 2.300702 ], [ 6.514504, 53.332207, 2.301564 ], [ 6.514504, 53.332206, 2.302229 ], [ 6.514504, 53.332206, 2.302724 ], [ 6.514504, 53.332206, 2.303075 ], [ 6.514504, 53.332206, 2.303307 ], [ 6.514504, 53.332206, 2.303442 ], [ 6.514504, 53.332206, 2.303498 ], [ 6.514504, 53.332206, 2.303493 ], [ 6.514504, 53.332206, 2.303441 ], [ 6.514504, 53.332206, 2.303356 ], [ 6.514504, 53.332206, 2.303247 ], [ 6.514504, 53.332206, 2.303124 ], [ 6.514504, 53.332206, 2.302994 ], [ 6.514504, 53.332206, 2.302861 ], [ 6.514504, 53.332206, 2.302731 ], [ 6.514504, 53.332206, 2.302606 ], [ 6.514504, 53.332206, 2.30249 ], [ 6.514504, 53.332206, 2.302382 ], [ 6.514504, 53.332206, 2.302286 ], [ 6.514504, 53.332206, 2.302199 ], [ 6.514504, 53.332206, 2.302123 ], [ 6.514504, 53.332206, 2.302058 ], [ 6.514504, 53.332206, 2.302002 ], [ 6.514504, 53.332206, 2.301956 ], [ 6.514504, 53.332206, 2.301917 ], [ 6.514504, 53.332206, 2.301886 ], [ 6.514504, 53.332206, 2.301862 ], [ 6.514504, 53.332206, 2.301843 ], [ 6.514504, 53.332206, 2.301829 ], [ 6.514504, 53.332206, 2.301819 ], [ 6.514504, 53.332206, 2.301812 ], [ 6.514504, 53.332206, 2.301808 ], [ 6.514504, 53.332206, 2.301807 ], [ 6.514504, 53.332206, 2.301807 ], [ 6.514504, 53.332206, 2.301809 ], [ 6.514504, 53.332206, 2.301811 ], [ 6.514504, 53.332206, 2.301815 ], [ 6.514504, 53.332206, 2.301818 ], [ 6.514504, 53.332206, 2.301822 ], [ 6.514504, 53.332206, 2.301826 ], [ 6.514504, 53.332206, 2.30183 ], [ 6.514504, 53.332206, 2.301833 ], [ 6.514504, 53.332206, 2.301837 ], [ 6.514504, 53.332206, 2.30184 ], [ 6.514504, 53.332206, 2.301843 ], [ 6.514504, 53.332206, 2.301845 ], [ 6.514504, 53.332206, 2.301847 ], [ 6.514504, 53.332206, 2.301849 ], [ 6.514504, 53.332206, 2.301851 ], [ 6.514504, 53.332206, 2.301852 ], [ 6.514504, 53.332206, 2.301853 ], [ 6.514504, 53.332206, 2.301854 ], [ 6.514504, 53.332206, 2.301855 ], [ 6.514504, 53.332206, 2.301855 ], [ 6.514504, 53.332206, 2.301856 ], [ 6.514504, 53.332206, 2.301856 ], [ 6.514504, 53.332206, 2.301856 ], [ 6.514504, 53.332206, 2.301856 ], [ 6.514504, 53.332206, 2.301856 ], [ 6.514504, 53.332206, 2.301856 ], [ 6.514504, 53.332206, 2.301856 ], [ 6.514504, 53.332206, 2.301856 ], [ 6.514504, 53.332206, 2.301856 ], [ 6.514504, 53.332206, 2.301856 ], [ 6.514504, 53.332206, 2.301856 ], [ 6.514504, 53.332206, 2.301856 ], [ 6.514504, 53.332206, 2.301856 ], [ 6.514504, 53.332206, 2.301855 ], [ 6.514504, 53.332206, 2.301855 ], [ 6.514504, 53.332206, 2.301855 ], [ 6.514504, 53.332206, 2.301855 ], [ 6.514504, 53.332206, 2.301855 ], [ 6.514504, 53.332206, 2.301855 ], [ 6.514504, 53.332206, 2.301855 ], [ 6.514504, 53.332206, 2.301855 ], [ 6.514504, 53.332206, 2.301855 ], [ 6.514504, 53.332206, 2.301855 ], [ 6.514504, 53.332206, 2.301855 ], [ 6.514504, 53.332206, 2.301855 ], [ 6.514504, 53.332206, 2.301855 ], [ 6.514504, 53.332206, 2.301855 ], [ 6.514504, 53.332206, 2.301855 ], [ 6.514504, 53.332206, 2.301855 ], [ 6.514504, 53.332206, 2.301855 ], [ 6.514504, 53.332206, 2.301855 ], [ 6.514504, 53.332206, 2.301855 ], [ 6.514504, 53.332206, 2.301855 ], [ 6.514504, 53.332206, 2.301855 ], [ 6.514504, 53.332206, 2.301855 ], [ 6.514504, 53.332206, 2.301855 ], [ 6.514504, 53.332206, 2.301855 ], [ 6.514504, 53.332206, 2.301855 ], [ 6.514504, 53.332206, 2.301855 ], [ 6.514504, 53.332206, 2.301855 ], [ 6.514504, 53.332206, 2.301855 ], [ 6.514504, 53.332206, 2.301855 ], [ 6.514504, 53.332206, 2.301855 ], [ 6.514504, 53.332206, 2.301855 ], [ 6.514504, 53.332206, 2.301855 ], [ 6.514504, 53.332206, 2.301855 ], [ 6.514504, 53.332206, 2.301855 ], [ 6.514504, 53.332206, 2.301855 ], [ 6.514504, 53.332206, 2.301855 ], [ 6.514504, 53.332206, 2.301855 ], [ 6.514504, 53.332206, 2.301855 ], [ 6.514504, 53.332206, 2.301855 ], [ 6.514504, 53.332206, 2.301855 ], [ 6.514504, 53.332206, 2.301855 ], [ 6.514504, 53.332206, 2.301855 ], [ 6.514504, 53.332206, 2.301855 ], [ 6.514504, 53.332206, 2.301855 ], [ 6.514504, 53.332206, 2.301855 ], [ 6.514504, 53.332206, 2.301855 ], [ 6.514504, 53.332206, 2.301855 ], [ 6.514504, 53.332206, 2.301855 ], [ 6.514504, 53.332206, 2.301855 ], [ 6.514504, 53.332206, 2.301855 ], [ 6.514504, 53.332206, 2.301855 ], [ 6.514504, 53.332206, 2.301855 ], [ 6.514504, 53.332206, 2.301855 ], [ 6.514504, 53.332206, 2.301855 ], [ 6.514504, 53.332206, 2.301855 ], [ 6.514504, 53.332206, 2.301855 ], [ 6.514504, 53.332206, 2.301855 ], [ 6.514504, 53.332206, 2.301855 ], [ 6.514504, 53.332206, 2.301855 ], [ 6.514504, 53.332206, 2.301855 ], [ 6.514504, 53.332206, 2.301855 ], [ 6.514504, 53.332206, 2.301855 ], [ 6.514504, 53.332206, 2.301855 ], [ 6.514504, 53.332206, 2.301855 ], [ 6.514504, 53.332206, 2.301855 ], [ 6.514504, 53.332206, 2.301855 ], [ 6.514504, 53.332206, 2.301855 ], [ 6.514504, 53.332206, 2.301855 ], [ 6.514504, 53.332206, 2.301855 ], [ 6.514504, 53.332206, 2.301855 ], [ 6.514504, 53.332206, 2.301855 ], [ 6.514504, 53.332206, 2.301855 ], [ 6.514504, 53.332206, 2.301855 ], [ 6.514504, 53.332206, 2.301855 ], [ 6.514504, 53.332206, 2.301855 ], [ 6.514504, 53.332206, 2.301855 ], [ 6.514504, 53.332206, 2.301855 ], [ 6.514504, 53.332206, 2.301855 ], [ 6.514504, 53.332206, 2.301855 ], [ 6.514504, 53.332206, 2.301855 ], [ 6.514504, 53.332206, 2.301855 ], [ 6.514504, 53.332206, 2.301855 ], [ 6.514504, 53.332206, 2.301855 ], [ 6.514504, 53.332206, 2.301855 ], [ 6.514504, 53.332206, 2.301855 ], [ 6.514504, 53.332206, 2.301855 ], [ 6.514504, 53.332206, 2.301855 ], [ 6.514504, 53.332206, 2.301855 ], [ 6.514504, 53.332206, 2.301855 ], [ 6.514504, 53.332206, 2.301855 ], [ 6.514504, 53.332206, 2.301855 ], [ 6.514504, 53.332206, 2.301855 ], [ 6.514504, 53.332206, 2.301855 ], [ 6.514504, 53.332206, 2.301855 ], [ 6.514504, 53.332206, 2.301855 ], [ 6.514504, 53.332206, 2.301855 ], [ 6.514504, 53.332206, 2.301855 ], [ 6.514504, 53.332206, 2.301855 ], [ 6.514504, 53.332206, 2.301855 ], [ 6.514504, 53.332206, 2.301855 ], [ 6.514504, 53.332206, 2.301855 ], [ 6.514504, 53.332206, 2.301855 ], [ 6.514504, 53.332206, 2.301855 ], [ 6.514504, 53.332206, 2.301855 ], [ 6.514504, 53.332206, 2.301855 ], [ 6.514504, 53.332206, 2.301855 ], [ 6.514504, 53.332206, 2.301855 ], [ 6.514504, 53.332206, 2.301855 ], [ 6.514504, 53.332206, 2.301855 ], [ 6.514504, 53.332206, 2.301855 ], [ 6.514504, 53.332206, 2.301855 ], [ 6.514504, 53.332206, 2.301855 ], [ 6.514504, 53.332206, 2.301855 ], [ 6.514504, 53.332206, 2.301855 ], [ 6.514504, 53.332206, 2.301855 ], [ 6.514504, 53.332206, 2.301855 ], [ 6.514504, 53.332206, 2.301855 ], [ 6.514504, 53.332206, 2.301855 ], [ 6.514504, 53.332206, 2.301855 ], [ 6.514504, 53.332206, 2.301855 ], [ 6.514504, 53.332206, 2.301855 ], [ 6.514504, 53.332206, 2.301855 ], [ 6.514504, 53.332206, 2.301855 ], [ 6.514504, 53.332206, 2.301855 ], [ 6.514504, 53.332206, 2.301855 ], [ 6.514504, 53.332206, 2.301855 ], [ 6.514504, 53.332206, 2.301855 ], [ 6.514504, 53.332206, 2.301855 ], [ 6.514504, 53.332206, 2.301855 ], [ 6.514504, 53.332206, 2.305766 ], [ 6.514504, 53.332206, 2.309057 ], [ 6.514504, 53.332206, 2.30835 ], [ 6.514505, 53.332205, 2.311394 ], [ 6.514506, 53.332205, 2.313299 ], [ 6.514507, 53.332204, 2.318965 ], [ 6.514509, 53.332203, 2.322108 ], [ 6.514511, 53.332202, 2.324848 ], [ 6.514515, 53.332201, 2.328001 ], [ 6.51452, 53.332199, 2.331289 ], [ 6.514526, 53.332198, 2.333017 ], [ 6.514532, 53.332198, 2.333687 ], [ 6.514538, 53.3322, 2.333663 ], [ 6.514541, 53.332204, 2.332953 ], [ 6.514543, 53.332209, 2.334016 ], [ 6.514544, 53.332215, 2.334037 ], [ 6.514542, 53.33222, 2.330419 ], [ 6.51454, 53.332224, 2.328447 ], [ 6.514537, 53.332228, 2.324243 ], [ 6.514534, 53.33223, 2.321826 ], [ 6.514532, 53.332231, 2.32215 ], [ 6.51453, 53.332231, 2.32202 ], [ 6.514529, 53.332231, 2.321465 ], [ 6.514528, 53.332231, 2.321554 ], [ 6.514527, 53.332231, 2.32216 ], [ 6.514526, 53.332231, 2.32171 ], [ 6.514525, 53.33223, 2.320468 ], [ 6.514525, 53.332229, 2.319284 ], [ 6.514524, 53.332228, 2.318033 ], [ 6.514524, 53.332227, 2.31923 ], [ 6.514524, 53.332226, 2.320612 ], [ 6.514524, 53.332225, 2.322025 ], [ 6.514524, 53.332225, 2.317027 ], [ 6.514524, 53.332224, 2.310675 ], [ 6.514524, 53.332224, 2.304311 ], [ 6.514524, 53.332225, 2.147493 ], [ 6.514523, 53.332226, 1.935515 ], [ 6.514521, 53.332227, 1.668429 ], [ 6.51452, 53.332228, 1.347972 ], [ 6.514517, 53.33223, 0.977026 ], [ 6.514515, 53.332231, 0.55936 ], [ 6.514512, 53.332233, 0.099691 ], [ 6.514509, 53.332234, -0.396625 ], [ 6.514505, 53.332236, -0.920878 ], [ 6.514502, 53.332237, -1.463857 ], [ 6.514501, 53.332238, -2.013583 ], [ 6.514499, 53.332239, -2.560142 ], [ 6.514498, 53.332239, -3.079314 ], [ 6.514497, 53.33224, -3.573073 ], [ 6.514496, 53.33224, -4.053463 ], [ 6.514495, 53.332241, -4.499313 ], [ 6.514494, 53.332241, -4.90759 ], [ 6.514493, 53.332241, -5.246957 ], [ 6.514492, 53.332242, -5.552778 ], [ 6.514492, 53.332242, -5.825291 ], [ 6.514494, 53.332241, -5.389019 ], [ 6.514496, 53.33224, -5.050582 ], [ 6.514498, 53.332239, -4.737531 ], [ 6.514499, 53.332238, -4.416446 ], [ 6.514501, 53.332237, -4.070682 ], [ 6.514502, 53.332236, -3.692892 ], [ 6.514503, 53.332236, -3.281388 ], [ 6.514504, 53.332235, -2.838319 ], [ 6.514505, 53.332235, -2.369113 ], [ 6.514505, 53.332234, -1.882653 ], [ 6.514508, 53.332233, -1.391383 ], [ 6.514512, 53.332231, -0.909353 ], [ 6.514515, 53.332229, -0.433836 ], [ 6.514519, 53.332227, -0.00478 ], [ 6.514522, 53.332225, 0.388077 ], [ 6.514525, 53.332224, 0.742172 ], [ 6.514527, 53.332222, 1.056664 ], [ 6.51453, 53.332221, 1.332058 ], [ 6.514533, 53.33222, 1.569857 ], [ 6.514536, 53.332218, 1.775234 ], [ 6.51454, 53.332216, 1.949358 ], [ 6.514543, 53.332215, 2.09181 ], [ 6.514545, 53.332214, 2.207845 ], [ 6.514547, 53.332214, 2.302138 ], [ 6.51455, 53.332212, 2.376442 ], [ 6.514553, 53.332211, 2.433579 ], [ 6.514557, 53.33221, 2.476182 ], [ 6.514562, 53.332208, 2.506654 ], [ 6.514566, 53.332207, 2.52714 ], [ 6.514572, 53.332205, 2.539506 ], [ 6.514576, 53.332204, 2.545361 ], [ 6.51458, 53.332203, 2.546128 ], [ 6.514584, 53.332201, 2.543062 ], [ 6.514587, 53.3322, 2.537218 ], [ 6.514591, 53.332199, 2.529444 ], [ 6.514594, 53.332198, 2.520426 ], [ 6.514596, 53.332197, 2.510725 ], [ 6.514598, 53.332197, 2.500786 ], [ 6.5146, 53.332196, 2.490956 ], [ 6.514601, 53.332196, 2.481493 ], [ 6.514602, 53.332195, 2.472585 ], [ 6.514603, 53.332195, 2.464359 ], [ 6.514604, 53.332195, 2.456891 ], [ 6.514605, 53.332194, 2.450217 ], [ 6.514605, 53.332194, 2.444342 ], [ 6.514606, 53.332194, 2.439245 ], [ 6.514606, 53.332194, 2.434888 ], [ 6.514606, 53.332194, 2.431222 ], [ 6.514606, 53.332194, 2.428188 ], [ 6.514607, 53.332194, 2.425724 ], [ 6.514607, 53.332194, 2.423764 ], [ 6.514607, 53.332194, 2.422246 ], [ 6.514607, 53.332193, 2.421108 ], [ 6.514607, 53.332193, 2.420292 ], [ 6.514607, 53.332193, 2.419745 ], [ 6.514607, 53.332193, 2.419419 ], [ 6.514607, 53.332193, 2.419271 ], [ 6.514607, 53.332193, 2.419262 ], [ 6.514607, 53.332193, 2.419359 ], [ 6.514607, 53.332193, 2.419534 ], [ 6.514607, 53.332193, 2.419764 ], [ 6.514608, 53.332193, 2.420028 ], [ 6.514608, 53.332193, 2.420311 ], [ 6.514608, 53.332193, 2.4206 ], [ 6.514608, 53.332193, 2.420885 ], [ 6.514608, 53.332193, 2.421167 ], [ 6.514608, 53.332193, 2.421439 ], [ 6.514608, 53.332193, 2.4217 ], [ 6.514608, 53.332193, 2.421949 ], [ 6.514608, 53.332193, 2.422186 ], [ 6.514608, 53.332193, 2.422412 ], [ 6.514608, 53.332193, 2.422628 ], [ 6.514608, 53.332193, 2.422837 ], [ 6.514608, 53.332193, 2.423041 ], [ 6.514608, 53.332193, 2.423241 ] ] ] } }
]
}
